region_id,region_type,color,pixel_count,parent_id,local_bbox_min_x,local_bbox_min_y,local_bbox_max_x,local_bbox_max_y,local_center_x,local_center_y,local_seed_x,local_seed_y,global_bbox_min_x,global_bbox_min_y,global_bbox_max_x,global_bbox_max_y,global_center_x,global_center_y,global_seed_x,global_seed_y
TRT000001-TEMP000001,ocean,#1e1a73,254,TRT000001,0,0,61,8,28,3,28,3,1027,0,1088,8,1055,3,1055,3
TRT000002-TEMP000001,land,#f5eadc,82,TRT000002,0,0,36,4,20,2,20,2,1316,0,1352,4,1336,2,1336,2
TRT000003-TEMP000001,land,#9aa31e,98,TRT000003,0,0,32,5,16,2,16,2,1392,0,1424,5,1408,2,1408,2
TRT000004-TEMP000001,land,#bcc880,374,TRT000004,0,0,80,7,39,3,39,3,1429,0,1509,7,1468,3,1468,3
TRT000005-TEMP000001,land,#f50bfa,199,TRT000005,0,0,47,7,23,3,23,3,1513,0,1560,7,1536,3,1536,3
TRT000006-TEMP000001,land,#16fa50,776,TRT000006,0,0,98,28,44,12,44,12,3661,0,3759,28,3705,12,3705,12
TRT000007-TEMP000001,ocean,#3b3066,50,TRT000007,0,0,24,10,11,6,11,6,2491,0,2515,10,2502,6,2502,6
TRT000008-TEMP000001,land,#fc032a,236,TRT000008,0,0,46,16,22,9,22,9,4537,3,4583,19,4559,12,4559,12
TRT000009-TEMP000001,land,#46a920,1302,TRT000009,48,0,98,38,71,19,73,19,2238,61,2288,99,2261,80,2263,80
TRT000009-TEMP000002,land,#3e54ea,1502,TRT000009,0,10,53,51,28,31,29,32,2190,71,2243,112,2218,92,2219,93
TRT000009-TEMP000003,land,#ecb8bf,748,TRT000009,81,18,109,64,96,42,97,43,2271,79,2299,125,2286,103,2287,104
TRT000009-TEMP000004,land,#b0b22b,1059,TRT000009,34,39,69,82,49,63,50,64,2224,100,2259,143,2239,124,2240,125
TRT000009-TEMP000005,land,#9c4964,974,TRT000009,55,36,93,74,74,54,75,53,2245,97,2283,135,2264,115,2265,114
TRT000009-TEMP000006,land,#2036fb,1048,TRT000009,5,43,34,85,18,65,18,66,2195,104,2224,146,2208,126,2208,127
TRT000010-TEMP000001,land,#bfaa68,1677,TRT000010,0,0,51,39,25,17,27,17,2178,0,2229,39,2203,17,2205,17
TRT000010-TEMP000002,land,#cf2118,1142,TRT000010,17,38,61,83,39,61,39,62,2195,38,2239,83,2217,61,2217,62
TRT000010-TEMP000003,land,#b857f3,835,TRT000010,60,32,93,69,79,52,80,53,2238,32,2271,69,2257,52,2258,53
TRT000010-TEMP000004,land,#9ad066,1158,TRT000010,0,27,31,86,13,54,12,53,2178,27,2209,86,2191,54,2190,53
TRT000010-TEMP000005,land,#9d19c3,1023,TRT000010,50,0,90,31,72,13,74,12,2228,0,2268,31,2250,13,2252,12
TRT000010-TEMP000006,land,#d77ac7,947,TRT000010,39,17,84,56,59,35,63,36,2217,17,2262,56,2237,35,2241,36
TRT000011-TEMP000001,land,#40392f,1166,TRT000011,0,0,31,39,14,20,14,21,2269,0,2300,39,2283,20,2283,21
TRT000011-TEMP000002,land,#97aa83,1231,TRT000011,27,0,66,35,46,17,45,17,2296,0,2335,35,2315,17,2314,17
TRT000011-TEMP000003,land,#d305ff,1746,TRT000011,62,0,105,50,82,22,81,23,2331,0,2374,50,2351,22,2350,23
TRT000011-TEMP000004,land,#8de4aa,933,TRT000011,3,39,33,79,18,57,16,57,2272,39,2302,79,2287,57,2285,57
TRT000011-TEMP000005,land,#c61b05,1141,TRT000011,28,36,73,73,47,51,44,54,2297,36,2342,73,2316,51,2313,54
TRT000012-TEMP000001,land,#ddeacc,1140,TRT000012,14,24,61,63,39,46,38,46,2384,24,2431,63,2409,46,2408,46
TRT000012-TEMP000002,land,#4c73e7,801,TRT000012,0,2,26,57,11,29,11,30,2370,2,2396,57,2381,29,2381,30
TRT000012-TEMP000003,land,#84fa3e,1576,TRT000012,59,0,125,28,89,12,86,13,2429,0,2495,28,2459,12,2456,13
TRT000012-TEMP000004,land,#48b6f0,1173,TRT000012,5,0,59,27,36,12,32,11,2375,0,2429,27,2406,12,2402,11
TRT000012-TEMP000005,land,#421bfd,991,TRT000012,57,37,106,70,80,56,80,56,2427,37,2476,70,2450,56,2450,56
TRT000013-TEMP000001,land,#7d7ef6,1020,TRT000013,102,32,166,58,126,43,126,43,2392,71,2456,97,2416,82,2416,82
TRT000013-TEMP000002,land,#b9fc1a,1367,TRT000013,55,30,104,65,80,48,80,48,2345,69,2394,104,2370,87,2370,87
TRT000013-TEMP000003,land,#1f9385,1017,TRT000013,0,18,57,51,35,37,33,37,2290,57,2347,90,2325,76,2323,76
TRT000013-TEMP000004,land,#a40dec,1089,TRT000013,0,44,57,73,27,57,30,58,2290,83,2347,112,2317,96,2320,97
TRT000013-TEMP000005,land,#9149fa,1187,TRT000013,47,0,95,39,71,19,71,19,2337,39,2385,78,2361,58,2361,58
TRT000014-TEMP000001,land,#33d7dc,4201,TRT000014,0,0,159,53,69,23,69,23,848,6,1007,59,917,29,917,29
TRT000015-TEMP000001,land,#9b924f,1541,TRT000015,54,0,106,47,74,17,74,19,1977,0,2029,47,1997,17,1997,19
TRT000015-TEMP000002,land,#bcc875,1510,TRT000015,75,0,115,55,99,33,99,37,1998,0,2038,55,2022,33,2022,37
TRT000015-TEMP000003,land,#60e1f2,1276,TRT000015,40,55,118,89,91,69,100,72,1963,55,2041,89,2014,69,2023,72
TRT000015-TEMP000004,land,#d8e7d5,1375,TRT000015,0,0,53,42,33,15,33,19,1923,0,1976,42,1956,15,1956,19
TRT000015-TEMP000005,land,#ec1876,819,TRT000015,21,31,74,55,48,45,48,53,1944,31,1997,55,1971,45,1971,53
TRT000016-TEMP000001,land,#ef72e3,1108,TRT000016,19,33,60,77,41,50,40,49,2057,95,2098,139,2079,112,2078,111
TRT000016-TEMP000002,land,#c0007c,1495,TRT000016,55,0,102,43,76,23,73,22,2093,62,2140,105,2114,85,2111,84
TRT000016-TEMP000003,land,#f5691d,709,TRT000016,0,9,31,47,16,27,15,26,2038,71,2069,109,2054,89,2053,88
TRT000016-TEMP000004,land,#f40603,1383,TRT000016,47,41,95,84,70,61,71,60,2085,103,2133,146,2108,123,2109,122
TRT000016-TEMP000005,land,#161015,835,TRT000016,23,0,59,33,42,18,39,17,2061,62,2097,95,2080,80,2077,79
TRT000017-TEMP000001,land,#4caa78,1008,TRT000017,43,41,84,81,61,62,62,63,2026,125,2067,165,2044,146,2045,147
TRT000017-TEMP000002,land,#db9c66,1307,TRT000017,28,0,72,45,49,23,48,22,2011,84,2055,129,2032,107,2031,106
TRT000017-TEMP000003,land,#d7aa12,1037,TRT000017,0,38,44,77,25,57,25,56,1983,122,2027,161,2008,141,2008,140
TRT000017-TEMP000004,land,#e40985,1107,TRT000017,62,26,107,76,83,53,81,49,2045,110,2090,160,2066,137,2064,133
TRT000017-TEMP000005,land,#6eb566,869,TRT000017,23,64,60,111,43,85,42,84,2006,148,2043,195,2026,169,2025,168
TRT000017-TEMP000006,land,#46e740,1326,TRT000017,48,76,96,126,71,98,71,97,2031,160,2079,210,2054,182,2054,181
TRT000018-TEMP000001,land,#54a457,1418,TRT000018,24,0,86,38,53,19,55,19,2079,139,2141,177,2108,158,2110,158
TRT000018-TEMP000002,land,#43e086,1731,TRT000018,0,25,47,81,25,58,25,57,2055,164,2102,220,2080,197,2080,196
TRT000018-TEMP000003,land,#12e6bf,1092,TRT000018,43,21,88,61,65,43,65,44,2098,160,2143,200,2120,182,2120,183
TRT000018-TEMP000004,land,#e006e9,1147,TRT000018,36,61,86,94,63,77,62,78,2091,200,2141,233,2118,216,2117,217
TRT000018-TEMP000005,land,#a8918a,1040,TRT000018,72,23,110,79,89,52,89,55,2127,162,2165,218,2144,191,2144,194
TRT000019-TEMP000001,land,#aef415,1522,TRT000019,30,42,74,96,51,66,51,65,2150,128,2194,182,2171,152,2171,151
TRT000019-TEMP000002,land,#784a06,1318,TRT000019,40,0,74,45,59,21,59,21,2160,86,2194,131,2179,107,2179,107
TRT000019-TEMP000003,land,#f46b99,1041,TRT000019,0,36,40,80,21,55,21,56,2120,122,2160,166,2141,141,2141,142
TRT000019-TEMP000004,land,#0fd882,1128,TRT000019,8,2,47,44,29,24,29,25,2128,88,2167,130,2149,110,2149,111
TRT000020-TEMP000001,land,#a793d8,907,TRT000020,24,29,55,68,39,50,40,52,2062,29,2093,68,2077,50,2078,52
TRT000020-TEMP000002,land,#4bab61,1331,TRT000020,40,0,87,32,61,15,61,16,2078,0,2125,32,2099,15,2099,16
TRT000020-TEMP000003,land,#0fc1e9,1515,TRT000020,0,0,41,40,19,18,20,20,2038,0,2079,40,2057,18,2058,20
TRT000020-TEMP000004,land,#2c07ad,905,TRT000020,1,37,29,77,13,57,13,58,2039,37,2067,77,2051,57,2051,58
TRT000020-TEMP000005,land,#6d5a30,760,TRT000020,49,28,81,62,64,45,65,46,2087,28,2119,62,2102,45,2103,46
TRT000021-TEMP000001,land,#20de1c,1351,TRT000021,0,35,39,90,19,59,20,62,2113,35,2152,90,2132,59,2133,62
TRT000021-TEMP000002,land,#a7b8cc,1076,TRT000021,28,21,65,63,49,44,49,47,2141,21,2178,63,2162,44,2162,47
TRT000021-TEMP000003,land,#bc1d5f,1880,TRT000021,6,0,64,40,33,17,33,18,2119,0,2177,40,2146,17,2146,18
TRT000021-TEMP000004,land,#1bca0a,926,TRT000021,29,61,75,90,52,76,54,77,2142,61,2188,90,2165,76,2167,77
TRT000022-TEMP000001,ocean,#201287,560,TRT000022,56,0,94,17,76,7,75,9,5017,0,5055,17,5037,7,5036,9
TRT000022-TEMP000002,ocean,#291290,1154,TRT000022,30,0,77,38,49,20,47,19,4991,0,5038,38,5010,20,5008,19
TRT000022-TEMP000003,ocean,#10066b,928,TRT000022,5,24,44,56,22,41,22,40,4966,24,5005,56,4983,41,4983,40
TRT000022-TEMP000004,ocean,#2a1f92,2553,TRT000022,133,0,196,43,163,20,160,20,5094,0,5157,43,5124,20,5121,20
TRT000022-TEMP000005,ocean,#011b7d,1563,TRT000022,78,0,133,39,112,19,106,19,5039,0,5094,39,5073,19,5067,19
TRT000022-TEMP000006,ocean,#0d0684,827,TRT000022,0,0,34,29,16,12,15,12,4961,0,4995,29,4977,12,4976,12
TRT000023-TEMP000001,ocean,#2e318a,1892,TRT000023,46,0,89,65,70,36,70,37,4832,0,4875,65,4856,36,4856,37
TRT000023-TEMP000002,ocean,#141a65,1053,TRT000023,90,19,126,62,107,38,108,37,4876,19,4912,62,4893,38,4894,37
TRT000023-TEMP000003,ocean,#314d6e,968,TRT000023,124,18,155,55,139,38,141,39,4910,18,4941,55,4925,38,4927,39
TRT000023-TEMP000004,ocean,#0008b3,1068,TRT000023,128,0,174,28,151,11,152,11,4914,0,4960,28,4937,11,4938,11
TRT000023-TEMP000005,ocean,#141d7f,767,TRT000023,156,16,179,54,168,37,170,37,4942,16,4965,54,4954,37,4956,37
TRT000023-TEMP000006,ocean,#25318a,1186,TRT000023,71,0,127,27,101,11,103,10,4857,0,4913,27,4887,11,4889,10
TRT000023-TEMP000007,ocean,#120c6f,1423,TRT000023,0,0,66,28,32,11,33,11,4786,0,4852,28,4818,11,4819,11
TRT000024-TEMP000001,ocean,#2f0c82,754,TRT000024,181,0,219,22,201,9,201,9,4750,0,4788,22,4770,9,4770,9
TRT000024-TEMP000002,ocean,#174a68,1212,TRT000024,142,0,183,31,161,15,163,15,4711,0,4752,31,4730,15,4732,15
TRT000024-TEMP000003,ocean,#254770,1508,TRT000024,86,0,142,31,117,14,121,14,4655,0,4711,31,4686,14,4690,14
TRT000024-TEMP000004,ocean,#181477,1569,TRT000024,0,0,88,24,49,9,53,9,4569,0,4657,24,4618,9,4622,9
TRT000025-TEMP000001,ocean,#04487e,57,TRT000025,0,0,22,7,10,3,10,3,4568,6,4590,13,4578,9,4578,9
TRT000026-TEMP000001,land,#2466e3,1308,TRT000026,0,0,83,35,34,14,34,14,1317,12,1400,47,1351,26,1351,26
TRT000027-TEMP000001,ocean,#1e16b2,225,TRT000027,0,0,54,16,30,10,30,10,4486,11,4540,27,4516,21,4516,21
TRT000028-TEMP000001,ocean,#35438a,1313,TRT000028,0,0,47,49,30,29,29,29,5484,32,5531,81,5514,61,5513,61
TRT000028-TEMP000002,ocean,#11108f,1559,TRT000028,48,2,92,48,67,28,66,29,5532,34,5576,80,5551,60,5550,61
TRT000029-TEMP000001,ocean,#344a64,965,TRT000029,7,0,43,40,28,21,29,17,5576,0,5612,40,5597,21,5598,17
TRT000029-TEMP000002,ocean,#1b106d,1433,TRT000029,0,38,47,87,20,62,21,62,5569,38,5616,87,5589,62,5590,62
TRT000029-TEMP000003,ocean,#033dad,746,TRT000029,39,0,62,35,52,16,53,15,5608,0,5631,35,5621,16,5622,15
TRT000029-TEMP000004,ocean,#1a0eb0,1297,TRT000029,29,33,62,92,47,53,47,53,5598,33,5631,92,5616,53,5616,53
TRT000030-TEMP000001,ocean,#1b458d,1258,TRT000030,38,0,72,44,56,19,55,20,5493,0,5527,44,5511,19,5510,20
TRT000030-TEMP000002,ocean,#053987,1063,TRT000030,0,0,41,35,22,14,22,15,5455,0,5496,35,5477,14,5477,15
TRT000030-TEMP000003,ocean,#353e6b,992,TRT000030,15,28,57,70,35,46,34,47,5470,28,5512,70,5490,46,5489,47
TRT000031-TEMP000001,ocean,#36129c,1298,TRT000031,71,20,117,60,94,41,91,42,5426,20,5472,60,5449,41,5446,42
TRT000031-TEMP000002,ocean,#262a6f,1159,TRT000031,95,46,138,96,116,75,117,73,5450,46,5493,96,5471,75,5472,73
TRT000031-TEMP000003,ocean,#0e18a0,1002,TRT000031,54,54,99,85,77,71,82,73,5409,54,5454,85,5432,71,5437,73
TRT000031-TEMP000004,ocean,#1f3764,1347,TRT000031,32,22,72,74,53,47,52,47,5387,22,5427,74,5408,47,5407,47
TRT000031-TEMP000005,ocean,#1a0ca7,1358,TRT000031,5,0,56,34,32,13,33,13,5360,0,5411,34,5387,13,5388,13
TRT000031-TEMP000006,ocean,#144ba4,1046,TRT000031,0,15,34,63,15,40,14,40,5355,15,5389,63,5370,40,5369,40
TRT000031-TEMP000007,ocean,#331d95,1254,TRT000031,0,51,53,83,26,70,27,70,5355,51,5408,83,5381,70,5382,70
TRT000031-TEMP000008,ocean,#3b0aac,1327,TRT000031,57,0,107,33,79,14,80,14,5412,0,5462,33,5434,14,5435,14
TRT000032-TEMP000001,ocean,#010a82,1408,TRT000032,143,0,180,49,162,23,162,24,5294,0,5331,49,5313,23,5313,24
TRT000032-TEMP000002,ocean,#040ca2,1581,TRT000032,159,40,204,87,184,63,185,63,5310,40,5355,87,5335,63,5336,63
TRT000032-TEMP000003,ocean,#04327d,1271,TRT000032,108,0,148,37,126,16,126,17,5259,0,5299,37,5277,16,5277,17
TRT000032-TEMP000004,ocean,#11109d,1318,TRT000032,173,0,208,43,193,20,193,20,5324,0,5359,43,5344,20,5344,20
TRT000032-TEMP000005,ocean,#0722ac,1192,TRT000032,71,0,107,35,89,16,89,17,5222,0,5258,35,5240,16,5240,17
TRT000032-TEMP000006,ocean,#0045ab,1099,TRT000032,118,31,163,63,139,48,137,50,5269,31,5314,63,5290,48,5288,50
TRT000032-TEMP000007,ocean,#183285,1056,TRT000032,80,29,117,61,99,47,98,48,5231,29,5268,61,5250,47,5249,48
TRT000032-TEMP000008,ocean,#2a3b90,1028,TRT000032,36,0,71,31,53,14,53,13,5187,0,5222,31,5204,14,5204,13
TRT000032-TEMP000009,ocean,#242897,1179,TRT000032,43,27,80,64,62,47,62,46,5194,27,5231,64,5213,47,5213,46
TRT000032-TEMP000010,ocean,#002f65,1002,TRT000032,0,24,46,60,27,41,28,41,5151,24,5197,60,5178,41,5179,41
TRT000032-TEMP000011,ocean,#0e3e85,942,TRT000032,0,0,36,37,19,16,19,16,5151,0,5187,37,5170,16,5170,16
TRT000033-TEMP000001,ocean,#1510a1,1242,TRT000033,27,0,66,48,43,19,42,18,5554,0,5593,48,5570,19,5569,18
TRT000033-TEMP000002,ocean,#13329d,1090,TRT000033,0,0,30,43,15,19,15,20,5527,0,5557,43,5542,19,5542,20
TRT000034-TEMP000001,ocean,#322cab,247,TRT000034,0,0,44,11,22,5,22,5,5018,16,5062,27,5040,21,5040,21
TRT000035-TEMP000001,land,#b3713b,1606,TRT000035,0,0,98,41,57,20,57,20,1208,15,1306,56,1265,35,1265,35
TRT000037-TEMP000001,ocean,#204a72,193,TRT000037,0,0,35,13,18,5,18,5,1143,19,1178,32,1161,24,1161,24
TRT000038-TEMP000001,land,#b88806,551,TRT000038,0,0,71,14,34,7,34,7,1550,19,1621,33,1584,26,1584,26
TRT000036-TEMP000001,land,#912156,4565,TRT000036,84,2,173,65,124,35,123,35,1490,19,1579,82,1530,52,1529,52
TRT000036-TEMP000002,land,#f82109,4756,TRT000036,169,16,279,86,224,48,219,47,1575,33,1685,103,1630,65,1625,64
TRT000036-TEMP000003,land,#1480e3,3588,TRT000036,0,0,84,61,46,31,47,30,1406,17,1490,78,1452,48,1453,47
TRT000036-TEMP000004,land,#8d4b96,5859,TRT000036,246,36,414,119,313,85,321,84,1652,53,1820,136,1719,102,1727,101
TRT000036-TEMP000005,land,#bca77f,8583,TRT000036,228,106,440,187,335,140,327,141,1634,123,1846,204,1741,157,1733,158
TRT000039-TEMP000001,land,#4994ed,1517,TRT000039,0,0,88,46,45,24,45,24,3621,22,3709,68,3666,46,3666,46
TRT000041-TEMP000001,land,#962f9a,173,TRT000041,0,0,49,17,20,9,20,9,1550,27,1599,44,1570,36,1570,36
TRT000040-TEMP000001,land,#8a387e,3020,TRT000040,0,1,92,44,51,23,52,30,951,25,1043,68,1002,47,1003,54
TRT000040-TEMP000002,land,#e03fe6,5809,TRT000040,28,6,168,77,118,45,126,43,979,30,1119,101,1069,69,1077,67
TRT000040-TEMP000003,land,#3fadd2,4601,TRT000040,168,0,278,71,210,42,210,42,1119,24,1229,95,1161,66,1161,66
TRT000042-TEMP000001,land,#287c62,61,TRT000042,0,0,37,8,18,4,18,4,2387,26,2424,34,2405,30,2405,30
TRT000043-TEMP000001,land,#cd9c77,93,TRT000043,0,0,34,18,16,9,16,9,2430,25,2464,43,2446,34,2446,34
TRT000044-TEMP000001,land,#b8be9e,195,TRT000044,0,0,35,10,15,5,15,5,0,52,35,62,15,57,15,57
TRT000045-TEMP000001,ocean,#2e2d7e,58,TRT000045,0,0,18,15,9,8,9,8,4104,50,4122,65,4113,58,4113,58
TRT000046-TEMP000001,land,#a4a123,76,TRT000046,0,0,17,10,10,6,10,6,5614,54,5631,64,5624,60,5624,60
TRT000047-TEMP000001,land,#2cd686,107,TRT000047,0,0,40,12,21,7,21,7,2377,59,2417,71,2398,66,2398,66
TRT000048-TEMP000001,land,#b5e0bc,375,TRT000048,146,0,176,17,162,9,162,9,3230,61,3260,78,3246,70,3246,70
TRT000048-TEMP000002,land,#7b338a,675,TRT000048,112,1,146,33,130,14,129,11,3196,62,3230,94,3214,75,3213,72
TRT000048-TEMP000003,land,#2a0f18,1210,TRT000048,78,7,128,38,101,23,110,25,3162,68,3212,99,3185,84,3194,86
TRT000048-TEMP000004,land,#fba2c1,1309,TRT000048,0,13,78,47,38,29,47,28,3084,74,3162,108,3122,90,3131,89
TRT000049-TEMP000001,land,#3bd064,300,TRT000049,0,0,42,24,19,11,19,11,3256,63,3298,87,3275,74,3275,74
TRT000050-TEMP000001,ocean,#1c31a5,95,TRT000050,0,0,29,12,14,6,14,6,3733,70,3762,82,3747,76,3747,76
TRT000051-TEMP000001,land,#c8c5ed,5713,TRT000051,29,104,141,191,91,146,89,147,217,167,329,254,279,209,277,210
TRT000051-TEMP000002,land,#0d84f3,2019,TRT000051,22,11,94,67,70,39,64,58,210,74,282,130,258,102,252,121
TRT000051-TEMP000003,land,#35b6a4,7704,TRT000051,0,0,157,115,104,62,124,58,188,63,345,178,292,125,312,121
TRT000052-TEMP000001,land,#f1e757,3778,TRT000052,5,115,76,209,40,161,39,169,308,171,379,265,343,217,342,225
TRT000052-TEMP000002,land,#4e41dc,4268,TRT000052,0,133,125,244,74,188,83,182,303,189,428,300,377,244,386,238
TRT000052-TEMP000003,land,#3f7ea1,5645,TRT000052,27,26,121,130,66,81,72,78,330,82,424,186,369,137,375,134
TRT000052-TEMP000004,land,#baf4d8,5677,TRT000052,75,72,161,183,127,124,126,125,378,128,464,239,430,180,429,181
TRT000052-TEMP000005,land,#606707,5540,TRT000052,43,0,154,75,105,35,105,32,346,56,457,131,408,91,408,88
TRT000054-TEMP000001,land,#9d15f4,115,TRT000054,0,0,42,18,22,8,22,8,1721,73,1763,91,1743,81,1743,81
TRT000053-TEMP000001,land,#255c7c,6060,TRT000053,84,84,193,169,130,126,128,123,527,153,636,238,573,195,571,192
TRT000053-TEMP000002,land,#6a6c3b,5633,TRT000053,86,7,164,83,126,46,126,44,529,76,607,152,569,115,569,113
TRT000053-TEMP000003,land,#df171a,4875,TRT000053,5,0,90,72,49,34,50,34,448,69,533,141,492,103,493,103
TRT000053-TEMP000004,land,#0c4f0d,4532,TRT000053,15,65,99,139,59,97,56,100,458,134,542,208,502,166,499,169
TRT000053-TEMP000005,land,#55883d,2248,TRT000053,0,116,86,176,40,146,36,150,443,185,529,245,483,215,479,219
TRT000055-TEMP000001,land,#f99d6d,273,TRT000055,0,0,44,15,20,8,20,8,1958,72,2002,87,1978,80,1978,80
TRT000056-TEMP000001,ocean,#192867,62,TRT000056,0,0,29,11,15,6,15,6,749,75,778,86,764,81,764,81
TRT000057-TEMP000001,ocean,#290e73,51,TRT000057,0,0,22,6,11,3,11,3,5445,77,5467,83,5456,80,5456,80
TRT000058-TEMP000001,land,#3e6d01,459,TRT000058,44,3,71,37,55,23,56,22,3282,166,3309,200,3293,186,3294,185
TRT000058-TEMP000002,land,#9ba617,617,TRT000058,14,0,50,28,33,14,33,15,3252,163,3288,191,3271,177,3271,178
TRT000058-TEMP000003,land,#da9bc4,500,TRT000058,26,25,55,52,38,38,41,38,3264,188,3293,215,3276,201,3279,201
TRT000058-TEMP000004,land,#dcdf9a,738,TRT000058,1,10,29,44,13,28,15,31,3239,173,3267,207,3251,191,3253,194
TRT000058-TEMP000005,land,#b7ca87,502,TRT000058,0,39,29,62,12,51,10,52,3238,202,3267,225,3250,214,3248,215
TRT000059-TEMP000001,land,#e7a858,467,TRT000059,0,13,26,39,13,26,12,25,3182,164,3208,190,3195,177,3194,176
TRT000059-TEMP000002,land,#cd2333,597,TRT000059,26,15,56,42,42,29,41,29,3208,166,3238,193,3224,180,3223,180
TRT000059-TEMP000003,land,#b549f0,581,TRT000059,7,33,34,65,21,48,20,47,3189,184,3216,216,3203,199,3202,198
TRT000059-TEMP000004,land,#8d4710,532,TRT000059,33,37,56,69,47,52,47,51,3215,188,3238,220,3229,203,3229,202
TRT000059-TEMP000005,land,#69c188,614,TRT000059,16,55,55,80,34,69,34,69,3198,206,3237,231,3216,220,3216,220
TRT000059-TEMP000006,land,#51fd84,392,TRT000059,15,0,44,26,29,13,29,12,3197,151,3226,177,3211,164,3211,163
TRT000060-TEMP000001,land,#4569cc,886,TRT000060,0,0,41,33,21,18,21,19,3147,173,3188,206,3168,191,3168,192
TRT000060-TEMP000002,land,#ff2b1d,436,TRT000060,26,18,50,46,38,35,39,37,3173,191,3197,219,3185,208,3186,210
TRT000060-TEMP000003,land,#1e350a,566,TRT000060,3,29,29,58,16,44,16,45,3150,202,3176,231,3163,217,3163,218
TRT000060-TEMP000004,land,#47d9fc,399,TRT000060,25,45,56,61,40,53,40,54,3172,218,3203,234,3187,226,3187,227
TRT000061-TEMP000001,land,#7c7c9a,498,TRT000061,43,21,74,45,58,34,58,33,3255,126,3286,150,3270,139,3270,138
TRT000061-TEMP000002,land,#379373,639,TRT000061,9,19,44,49,29,35,29,36,3221,124,3256,154,3241,140,3241,141
TRT000061-TEMP000003,land,#979d92,618,TRT000061,39,41,75,67,53,53,55,53,3251,146,3287,172,3265,158,3267,158
TRT000061-TEMP000004,land,#8899d8,697,TRT000061,0,38,38,69,21,53,22,54,3212,143,3250,174,3233,158,3234,159
TRT000061-TEMP000005,land,#940bf9,428,TRT000061,29,3,55,30,43,17,44,15,3241,108,3267,135,3255,122,3256,120
TRT000061-TEMP000006,land,#aef75d,278,TRT000061,49,0,73,20,60,9,61,9,3261,105,3285,125,3272,114,3273,114
TRT000062-TEMP000001,land,#ad992f,628,TRT000062,39,24,71,54,55,40,57,42,3184,101,3216,131,3200,117,3202,119
TRT000062-TEMP000002,land,#3e1ddd,624,TRT000062,71,27,103,60,85,42,85,43,3216,104,3248,137,3230,119,3230,120
TRT000062-TEMP000003,land,#920007,562,TRT000062,97,2,129,37,112,19,111,21,3242,79,3274,114,3257,96,3256,98
TRT000062-TEMP000004,land,#8f04c9,531,TRT000062,51,6,88,38,72,24,72,24,3196,83,3233,115,3217,101,3217,101
TRT000062-TEMP000005,land,#976dd9,595,TRT000062,79,0,112,29,95,12,97,12,3224,77,3257,106,3240,89,3242,89
TRT000062-TEMP000006,land,#41c97f,508,TRT000062,42,49,79,69,61,59,60,60,3187,126,3224,146,3206,136,3205,137
TRT000062-TEMP000007,land,#d4446f,418,TRT000062,0,12,50,37,27,22,30,24,3145,89,3195,114,3172,99,3175,101
TRT000063-TEMP000001,land,#234ba0,485,TRT000063,0,0,52,25,27,13,27,13,1264,79,1316,104,1291,92,1291,92
TRT000064-TEMP000001,ocean,#371d77,519,TRT000064,0,0,45,40,21,16,21,16,1304,83,1349,123,1325,99,1325,99
TRT000065-TEMP000001,ocean,#2042a7,183,TRT000065,0,0,28,12,13,6,13,6,3572,85,3600,97,3585,91,3585,91
TRT000066-TEMP000001,land,#acc92e,90,TRT000066,0,0,23,19,12,8,12,8,4014,91,4037,110,4026,99,4026,99
TRT000067-TEMP000001,land,#fe4c9f,4405,TRT000067,0,0,150,72,64,38,64,38,0,94,150,166,64,132,64,132
TRT000068-TEMP000001,land,#d525f9,571,TRT000068,3,27,35,59,18,42,16,41,3112,119,3144,151,3127,134,3125,133
TRT000068-TEMP000002,land,#f06851,708,TRT000068,0,6,38,38,18,22,21,23,3109,98,3147,130,3127,114,3130,115
TRT000068-TEMP000003,land,#4680cc,574,TRT000068,24,0,57,34,39,14,39,13,3133,92,3166,126,3148,106,3148,105
TRT000069-TEMP000001,land,#3e583f,516,TRT000069,17,3,44,39,31,23,31,24,3066,103,3093,139,3080,123,3080,124
TRT000069-TEMP000002,land,#ed000b,481,TRT000069,32,0,63,24,49,12,49,12,3081,100,3112,124,3098,112,3098,112
TRT000069-TEMP000003,land,#1a7775,594,TRT000069,37,22,66,48,52,35,52,35,3086,122,3115,148,3101,135,3101,135
TRT000069-TEMP000004,land,#15401c,549,TRT000069,0,28,36,54,19,41,19,42,3049,128,3085,154,3068,141,3068,142
TRT000070-TEMP000001,land,#d093c5,566,TRT000070,0,9,22,50,9,28,9,28,3067,151,3089,192,3076,170,3076,170
TRT000070-TEMP000002,land,#706b0f,635,TRT000070,11,26,44,55,27,39,28,38,3078,168,3111,197,3094,181,3095,180
TRT000070-TEMP000003,land,#7a0844,535,TRT000070,40,14,73,41,56,27,56,27,3107,156,3140,183,3123,169,3123,169
TRT000070-TEMP000004,land,#c3a1a1,484,TRT000070,10,4,40,26,26,15,27,14,3077,146,3107,168,3093,157,3094,156
TRT000070-TEMP000005,land,#5cb77d,407,TRT000070,37,0,63,23,48,11,48,10,3104,142,3130,165,3115,153,3115,152
TRT000071-TEMP000001,land,#14d188,492,TRT000071,35,14,62,42,49,30,49,28,3165,116,3192,144,3179,132,3179,130
TRT000071-TEMP000002,land,#bf99cd,522,TRT000071,22,0,54,27,38,13,37,14,3152,102,3184,129,3168,115,3167,116
TRT000071-TEMP000003,land,#5a33e5,538,TRT000071,8,21,39,50,24,36,24,37,3138,123,3169,152,3154,138,3154,139
TRT000071-TEMP000004,land,#ef6184,415,TRT000071,0,39,23,70,11,54,11,54,3130,141,3153,172,3141,156,3141,156
TRT000072-TEMP000001,land,#a2779f,406,TRT000072,19,14,45,45,34,31,33,30,3024,152,3050,183,3039,169,3038,168
TRT000072-TEMP000002,land,#2ee2b1,662,TRT000072,30,36,65,64,48,49,46,50,3035,174,3070,202,3053,187,3051,188
TRT000072-TEMP000003,land,#38f309,660,TRT000072,37,0,65,40,50,21,51,23,3042,138,3070,178,3055,159,3056,161
TRT000072-TEMP000004,land,#4800d7,421,TRT000072,17,49,41,77,27,63,26,65,3022,187,3046,215,3032,201,3031,203
TRT000072-TEMP000005,land,#b35e61,311,TRT000072,2,57,20,81,11,68,10,68,3007,195,3025,219,3016,206,3015,206
TRT000072-TEMP000006,land,#49849a,551,TRT000072,0,32,30,57,13,45,13,46,3005,170,3035,195,3018,183,3018,184
TRT000073-TEMP000001,land,#d58fba,562,TRT000073,23,32,47,60,36,48,36,47,3013,252,3037,280,3026,268,3026,267
TRT000073-TEMP000002,land,#7c34c4,604,TRT000073,22,60,50,86,37,73,37,73,3012,280,3040,306,3027,293,3027,293
TRT000073-TEMP000003,land,#f3ab98,486,TRT000073,48,31,73,57,59,44,59,46,3038,251,3063,277,3049,264,3049,266
TRT000073-TEMP000004,land,#c1fc84,451,TRT000073,67,35,87,69,77,52,77,52,3057,255,3077,289,3067,272,3067,272
TRT000073-TEMP000005,land,#452574,448,TRT000073,47,56,77,76,61,66,61,66,3037,276,3067,296,3051,286,3051,286
TRT000073-TEMP000006,land,#1f301b,709,TRT000073,9,0,42,34,27,19,26,20,2999,220,3032,254,3017,239,3016,240
TRT000073-TEMP000007,land,#1445ac,524,TRT000073,0,28,27,62,16,42,16,44,2990,248,3017,282,3006,262,3006,264
TRT000073-TEMP000008,land,#eb9c01,504,TRT000073,38,9,69,38,50,26,51,26,3028,229,3059,258,3040,246,3041,246
TRT000074-TEMP000001,land,#9c59f0,662,TRT000074,33,0,75,25,55,14,55,14,3048,189,3090,214,3070,203,3070,203
TRT000074-TEMP000002,land,#c17164,515,TRT000074,47,23,73,46,59,35,58,35,3062,212,3088,235,3074,224,3073,224
TRT000074-TEMP000003,land,#5727c2,674,TRT000074,23,14,46,54,35,35,35,35,3038,203,3061,243,3050,224,3050,224
TRT000074-TEMP000004,land,#afa061,334,TRT000074,0,15,30,43,18,31,16,31,3015,204,3045,232,3033,220,3031,220
TRT000074-TEMP000005,land,#8f52fa,559,TRT000074,67,35,97,63,80,48,81,48,3082,224,3112,252,3095,237,3096,237
TRT000074-TEMP000006,land,#8e665f,587,TRT000074,38,46,72,72,56,57,56,57,3053,235,3087,261,3071,246,3071,246
TRT000075-TEMP000001,ocean,#203d77,130,TRT000075,0,0,45,14,22,6,22,6,1116,94,1161,108,1138,100,1138,100
TRT000076-TEMP000001,land,#4aa4c1,381,TRT000076,0,0,34,16,17,8,17,8,1606,104,1640,120,1623,112,1623,112
TRT000077-TEMP000001,land,#67998a,744,TRT000077,0,14,33,48,16,31,17,31,2949,176,2982,210,2965,193,2966,193
TRT000077-TEMP000002,land,#6aceca,558,TRT000077,9,47,37,84,22,62,23,63,2958,209,2986,246,2971,224,2972,225
TRT000077-TEMP000003,land,#231090,508,TRT000077,22,33,54,61,38,46,39,46,2971,195,3003,223,2987,208,2988,208
TRT000077-TEMP000004,land,#898dd9,493,TRT000077,21,62,53,88,39,76,39,76,2970,224,3002,250,2988,238,2988,238
TRT000077-TEMP000005,land,#2ad01f,483,TRT000077,20,0,53,26,36,13,36,12,2969,162,3002,188,2985,175,2985,174
TRT000077-TEMP000006,land,#684ed9,462,TRT000077,41,43,68,73,54,59,55,59,2990,205,3017,235,3003,221,3004,221
TRT000077-TEMP000007,land,#212df0,476,TRT000077,32,13,59,42,48,28,48,28,2981,175,3008,204,2997,190,2997,190
TRT000078-TEMP000001,land,#e80443,459,TRT000078,33,0,61,27,49,14,49,14,2928,182,2956,209,2944,196,2944,196
TRT000078-TEMP000002,land,#c25f73,483,TRT000078,41,24,68,50,56,38,56,38,2936,206,2963,232,2951,220,2951,220
TRT000078-TEMP000003,land,#8b1a25,730,TRT000078,5,42,33,77,20,57,20,56,2900,224,2928,259,2915,239,2915,238
TRT000078-TEMP000004,land,#80bc3b,460,TRT000078,34,42,57,69,44,55,46,56,2929,224,2952,251,2939,237,2941,238
TRT000078-TEMP000005,land,#46ad31,602,TRT000078,21,9,47,44,33,27,34,27,2916,191,2942,226,2928,209,2929,209
TRT000078-TEMP000006,land,#2daf77,395,TRT000078,52,48,75,77,62,62,64,62,2947,230,2970,259,2957,244,2959,244
TRT000078-TEMP000007,land,#c4be7a,483,TRT000078,18,62,55,82,37,73,38,74,2913,244,2950,264,2932,255,2933,256
TRT000078-TEMP000008,land,#c76d71,565,TRT000078,0,14,25,45,13,31,13,30,2895,196,2920,227,2908,213,2908,212
TRT000079-TEMP000001,land,#072a45,381,TRT000079,62,0,85,26,75,12,76,12,3052,102,3075,128,3065,114,3066,114
TRT000079-TEMP000002,land,#a42335,482,TRT000079,36,15,72,41,55,27,56,27,3026,117,3062,143,3045,129,3046,129
TRT000079-TEMP000003,land,#f2e4b4,644,TRT000079,25,29,53,68,39,47,41,48,3015,131,3043,170,3029,149,3031,150
TRT000079-TEMP000004,land,#b5c81f,626,TRT000079,0,38,37,74,20,59,21,57,2990,140,3027,176,3010,161,3011,159
TRT000080-TEMP000001,land,#61d8bf,83,TRT000080,0,0,41,17,22,8,22,8,1973,105,2014,122,1995,113,1995,113
TRT000081-TEMP000001,land,#caf5b1,160,TRT000081,0,0,37,13,18,6,18,6,1978,119,2015,132,1996,125,1996,125
TRT000082-TEMP000001,land,#4e3d7e,851,TRT000082,0,0,81,32,37,15,37,15,891,124,972,156,928,139,928,139
TRT000083-TEMP000001,land,#9002f8,822,TRT000083,59,7,93,48,75,31,74,30,2519,139,2553,180,2535,163,2534,162
TRT000083-TEMP000002,land,#ddda6a,893,TRT000083,80,0,113,41,98,19,99,19,2540,132,2573,173,2558,151,2559,151
TRT000083-TEMP000003,land,#0a79e3,631,TRT000083,109,5,140,35,123,20,123,21,2569,137,2600,167,2583,152,2583,153
TRT000083-TEMP000004,land,#13fcd2,597,TRT000083,37,5,76,29,55,15,56,15,2497,137,2536,161,2515,147,2516,147
TRT000083-TEMP000005,land,#52264b,708,TRT000083,0,12,38,41,21,27,22,26,2460,144,2498,173,2481,159,2482,158
TRT000083-TEMP000006,land,#0817a6,609,TRT000083,30,20,62,48,46,36,45,36,2490,152,2522,180,2506,168,2505,168
TRT000084-TEMP000001,land,#094231,91,TRT000084,0,0,21,14,10,7,10,7,2458,134,2479,148,2468,141,2468,141
TRT000085-TEMP000001,land,#0310ec,1539,TRT000085,0,0,104,42,44,23,44,23,1451,142,1555,184,1495,165,1495,165
TRT000086-TEMP000001,land,#4d2234,2271,TRT000086,0,12,54,68,25,43,24,43,1375,366,1429,422,1400,397,1399,397
TRT000086-TEMP000002,land,#31e120,2383,TRT000086,41,0,103,57,72,27,71,28,1416,354,1478,411,1447,381,1446,382
TRT000086-TEMP000003,land,#2e49f8,1347,TRT000086,78,22,128,90,106,56,107,56,1453,376,1503,444,1481,410,1482,410
TRT000087-TEMP000001,land,#eb7e9f,2131,TRT000087,0,23,75,75,40,51,44,52,1494,410,1569,462,1534,438,1538,439
TRT000087-TEMP000002,land,#f75ff2,1882,TRT000087,76,22,134,78,101,50,105,48,1570,409,1628,465,1595,437,1599,435
TRT000087-TEMP000003,land,#973948,1855,TRT000087,26,67,98,125,65,98,63,99,1520,454,1592,512,1559,485,1557,486
TRT000087-TEMP000004,land,#b7f2c0,2125,TRT000087,91,50,168,97,129,74,126,76,1585,437,1662,484,1623,461,1620,463
TRT000087-TEMP000005,land,#553c57,1519,TRT000087,40,0,98,53,72,26,70,24,1534,387,1592,440,1566,413,1564,411
TRT000088-TEMP000001,land,#c49861,1651,TRT000088,16,68,74,122,43,93,44,94,1485,376,1543,430,1512,401,1513,402
TRT000088-TEMP000002,land,#d77a29,1823,TRT000088,0,27,53,80,25,52,25,51,1469,335,1522,388,1494,360,1494,359
TRT000088-TEMP000003,land,#b609d3,1665,TRT000088,8,0,60,40,35,18,34,16,1477,308,1529,348,1504,326,1503,324
TRT000088-TEMP000004,land,#18b7cb,1886,TRT000088,45,37,100,96,72,68,71,66,1514,345,1569,404,1541,376,1540,374
TRT000089-TEMP000001,land,#29c78b,1978,TRT000089,29,54,86,115,55,81,54,80,1598,361,1655,422,1624,388,1623,387
TRT000089-TEMP000002,land,#edbdd1,1807,TRT000089,40,1,85,56,62,29,63,30,1609,308,1654,363,1631,336,1632,337
TRT000089-TEMP000003,land,#4840e0,1634,TRT000089,0,46,44,103,22,71,21,71,1569,353,1613,410,1591,378,1590,378
TRT000089-TEMP000004,land,#7f6bfb,1654,TRT000089,0,0,51,47,27,22,27,22,1569,307,1620,354,1596,329,1596,329
TRT000089-TEMP000005,land,#f6adc9,1780,TRT000089,74,11,116,73,94,40,96,37,1643,318,1685,380,1663,347,1665,344
TRT000089-TEMP000006,land,#715620,2275,TRT000089,47,71,102,140,79,107,80,104,1616,378,1671,447,1648,414,1649,411
TRT000090-TEMP000001,land,#3c121d,1635,TRT000090,108,55,157,109,131,78,132,77,1694,249,1743,303,1717,272,1718,271
TRT000090-TEMP000002,land,#a2002b,1801,TRT000090,67,84,128,124,96,105,96,105,1653,278,1714,318,1682,299,1682,299
TRT000090-TEMP000003,land,#887aac,1821,TRT000090,56,45,112,88,85,65,88,66,1642,239,1698,282,1671,259,1674,260
TRT000090-TEMP000004,land,#117887,3093,TRT000090,0,0,61,69,33,35,35,36,1586,194,1647,263,1619,229,1621,230
TRT000090-TEMP000005,land,#d01ec9,1852,TRT000090,52,1,107,49,79,24,82,25,1638,195,1693,243,1665,218,1668,219
TRT000090-TEMP000006,land,#04dd09,2223,TRT000090,14,63,74,123,49,93,49,94,1600,257,1660,317,1635,287,1635,288
TRT000090-TEMP000007,land,#6c3093,1329,TRT000090,99,19,144,61,120,41,122,40,1685,213,1730,255,1706,235,1708,234
TRT000091-TEMP000001,land,#8146bf,1752,TRT000091,51,0,111,64,77,36,79,37,1708,300,1768,364,1734,336,1736,337
TRT000091-TEMP000002,land,#2aca04,2106,TRT000091,52,63,134,123,89,89,83,93,1709,363,1791,423,1746,389,1740,393
TRT000091-TEMP000003,land,#4f7ab4,1603,TRT000091,32,47,96,94,61,71,64,68,1689,347,1753,394,1718,371,1721,368
TRT000091-TEMP000004,land,#7731cc,1905,TRT000091,16,10,58,79,37,45,36,44,1673,310,1715,379,1694,345,1693,344
TRT000091-TEMP000005,land,#6d360b,2897,TRT000091,0,80,64,158,30,117,29,117,1657,380,1721,458,1687,417,1686,417
TRT000093-TEMP000001,land,#e4312c,1779,TRT000093,20,0,73,52,46,26,45,26,1395,282,1448,334,1421,308,1420,308
TRT000093-TEMP000002,land,#2b2f86,1992,TRT000093,0,43,63,98,29,70,29,71,1375,325,1438,380,1404,352,1404,353
TRT000093-TEMP000003,land,#9b97bf,2345,TRT000093,52,15,108,78,80,47,79,47,1427,297,1483,360,1455,329,1454,329
TRT000092-TEMP000001,land,#ab738b,2038,TRT000092,97,70,145,129,123,100,124,101,1821,300,1869,359,1847,330,1848,331
TRT000092-TEMP000002,land,#2a5d49,2182,TRT000092,68,35,140,91,104,63,105,63,1792,265,1864,321,1828,293,1829,293
TRT000092-TEMP000003,land,#893923,1599,TRT000092,146,74,192,129,165,101,167,101,1870,304,1916,359,1889,331,1891,331
TRT000092-TEMP000004,land,#927408,1389,TRT000092,170,96,219,141,195,121,196,121,1894,326,1943,371,1919,351,1920,351
TRT000092-TEMP000005,land,#6517a5,2370,TRT000092,37,68,97,135,68,105,70,105,1761,298,1821,365,1792,335,1794,335
TRT000092-TEMP000006,land,#1086c5,1928,TRT000092,57,0,112,61,81,30,82,30,1781,230,1836,291,1805,260,1806,260
TRT000092-TEMP000007,land,#4f9ad0,1852,TRT000092,115,113,173,158,142,138,143,138,1839,343,1897,388,1866,368,1867,368
TRT000092-TEMP000008,land,#cf10cb,1839,TRT000092,4,23,67,65,37,46,38,44,1728,253,1791,295,1761,276,1762,274
TRT000092-TEMP000009,land,#513215,1940,TRT000092,49,113,115,156,88,138,87,139,1773,343,1839,386,1812,368,1811,369
TRT000092-TEMP000010,land,#5509a5,2252,TRT000092,0,59,68,117,32,81,35,80,1724,289,1792,347,1756,311,1759,310
TRT000094-TEMP000001,lake,#024970,64,TRT000094,0,0,19,10,9,5,9,5,911,146,930,156,920,151,920,151
TRT000095-TEMP000001,ocean,#063b95,540,TRT000095,128,35,159,62,146,49,145,48,3116,285,3147,312,3134,299,3133,298
TRT000095-TEMP000002,ocean,#2b157d,541,TRT000095,90,24,124,47,108,36,109,36,3078,274,3112,297,3096,286,3097,286
TRT000095-TEMP000003,ocean,#3515a6,474,TRT000095,125,15,150,43,137,30,138,29,3113,265,3138,293,3125,280,3126,279
TRT000095-TEMP000004,ocean,#050898,585,TRT000095,86,0,113,31,100,15,100,15,3074,250,3101,281,3088,265,3088,265
TRT000095-TEMP000005,ocean,#0b089f,478,TRT000095,100,42,127,68,113,55,113,55,3088,292,3115,318,3101,305,3101,305
TRT000095-TEMP000006,ocean,#3338a0,393,TRT000095,119,46,144,72,130,61,131,62,3107,296,3132,322,3118,311,3119,312
TRT000095-TEMP000007,ocean,#091488,749,TRT000095,75,31,100,72,87,53,87,52,3063,281,3088,322,3075,303,3075,302
TRT000095-TEMP000008,ocean,#00406d,447,TRT000095,111,5,135,33,121,18,122,19,3099,255,3123,283,3109,268,3110,269
TRT000095-TEMP000009,ocean,#183b79,590,TRT000095,40,56,80,80,56,69,58,69,3028,306,3068,330,3044,319,3046,319
TRT000095-TEMP000010,ocean,#1e268d,430,TRT000095,47,44,76,66,64,53,63,53,3035,294,3064,316,3052,303,3051,303
TRT000095-TEMP000011,ocean,#031c82,655,TRT000095,0,46,42,78,23,64,24,64,2988,296,3030,328,3011,314,3012,314
TRT000096-TEMP000001,ocean,#224c7e,621,TRT000096,16,31,45,60,32,46,32,46,3101,207,3130,236,3117,222,3117,222
TRT000096-TEMP000002,ocean,#351178,719,TRT000096,37,0,68,37,52,23,51,23,3122,176,3153,213,3137,199,3136,199
TRT000096-TEMP000003,ocean,#160db1,619,TRT000096,42,36,68,67,55,51,55,51,3127,212,3153,243,3140,227,3140,227
TRT000096-TEMP000004,ocean,#113092,593,TRT000096,13,0,48,30,31,16,31,15,3098,176,3133,206,3116,192,3116,191
TRT000096-TEMP000005,ocean,#24256f,614,TRT000096,0,16,27,51,12,34,12,34,3085,192,3112,227,3097,210,3097,210
TRT000096-TEMP000006,ocean,#00109d,519,TRT000096,33,60,60,91,44,75,44,75,3118,236,3145,267,3129,251,3129,251
TRT000096-TEMP000007,ocean,#2c117a,354,TRT000096,12,59,37,84,27,72,26,72,3097,235,3122,260,3112,248,3111,248
TRT000097-TEMP000001,ocean,#221264,755,TRT000097,24,10,70,45,44,25,38,27,3157,233,3203,268,3177,248,3171,250
TRT000097-TEMP000002,ocean,#191698,944,TRT000097,68,0,148,19,105,11,103,11,3201,223,3281,242,3238,234,3236,234
TRT000097-TEMP000003,ocean,#090d6b,532,TRT000097,32,31,65,58,52,45,52,43,3165,254,3198,281,3185,268,3185,266
TRT000097-TEMP000004,ocean,#1f3273,388,TRT000097,14,5,43,27,27,15,27,14,3147,228,3176,250,3160,238,3160,237
TRT000097-TEMP000005,ocean,#323979,440,TRT000097,0,21,28,45,14,35,12,36,3133,244,3161,268,3147,258,3145,259
TRT000097-TEMP000006,ocean,#352a64,352,TRT000097,0,43,31,67,13,51,13,52,3133,266,3164,290,3146,274,3146,275
TRT000098-TEMP000001,ocean,#142985,629,TRT000098,43,0,77,28,57,12,57,11,3178,142,3212,170,3192,154,3192,153
TRT000098-TEMP000002,ocean,#32266f,578,TRT000098,0,19,43,45,20,32,23,32,3135,161,3178,187,3155,174,3158,174
TRT000098-TEMP000003,ocean,#393ca0,571,TRT000098,13,2,46,30,32,15,30,14,3148,144,3181,172,3167,157,3165,156
TRT000099-TEMP000001,land,#aaeb25,426,TRT000099,0,0,42,18,21,9,21,9,1592,149,1634,167,1613,158,1613,158
TRT000100-TEMP000001,land,#3bbeb1,6064,TRT000100,131,20,227,102,179,62,177,61,881,249,977,331,929,291,927,290
TRT000100-TEMP000002,land,#e013be,5401,TRT000100,153,87,227,177,193,134,192,132,903,316,977,406,943,363,942,361
TRT000100-TEMP000003,land,#fdac51,4862,TRT000100,47,65,146,146,94,100,95,98,797,294,896,375,844,329,845,327
TRT000100-TEMP000004,land,#a2929c,4032,TRT000100,69,101,168,182,130,142,127,144,819,330,918,411,880,371,877,373
TRT000100-TEMP000005,land,#6def0b,3990,TRT000100,0,9,79,113,43,60,42,60,750,238,829,342,793,289,792,289
TRT000100-TEMP000006,land,#076a96,4287,TRT000100,52,0,145,66,100,33,97,32,802,229,895,295,850,262,847,261
TRT000101-TEMP000001,land,#f46df7,4052,TRT000101,0,94,81,175,38,132,38,136,824,170,905,251,862,208,862,212
TRT000101-TEMP000002,land,#70be8d,5504,TRT000101,96,81,180,195,140,137,140,137,920,157,1004,271,964,213,964,213
TRT000101-TEMP000003,land,#4b94ab,5029,TRT000101,12,0,88,96,51,50,47,54,836,76,912,172,875,126,871,130
TRT000101-TEMP000004,land,#2d781e,4617,TRT000101,80,5,171,84,132,41,127,42,904,81,995,160,956,117,951,118
TRT000101-TEMP000005,land,#43524d,4858,TRT000101,54,67,133,178,92,117,90,119,878,143,957,254,916,193,914,195
TRT000102-TEMP000001,land,#e2779d,6371,TRT000102,12,0,168,75,97,34,90,35,703,71,859,146,788,105,781,106
TRT000102-TEMP000002,land,#d33cc1,4799,TRT000102,80,50,154,154,119,100,117,104,771,121,845,225,810,171,808,175
TRT000102-TEMP000003,land,#24fdf5,4900,TRT000102,0,15,86,131,46,76,49,86,691,86,777,202,737,147,740,157
TRT000102-TEMP000004,land,#818870,3766,TRT000102,42,117,133,200,81,154,79,159,733,188,824,271,772,225,770,230
TRT000104-TEMP000001,ocean,#212574,50,TRT000104,0,0,24,10,12,5,12,5,140,176,164,186,152,181,152,181
TRT000103-TEMP000001,land,#811e39,5531,TRT000103,0,0,84,90,33,42,33,46,608,83,692,173,641,125,641,129
TRT000103-TEMP000002,land,#06860f,4991,TRT000103,0,84,84,167,40,123,43,126,608,167,692,250,648,206,651,209
TRT000103-TEMP000003,land,#0967f0,3450,TRT000103,75,107,152,200,114,150,116,151,683,190,760,283,722,233,724,234
TRT000103-TEMP000004,land,#30ce3b,3943,TRT000103,47,12,118,119,84,76,86,76,655,95,726,202,692,159,694,159
TRT000105-TEMP000001,land,#6110a3,4821,TRT000105,22,109,112,196,63,153,65,151,1275,155,1365,242,1316,199,1318,197
TRT000105-TEMP000002,land,#97b3d7,4549,TRT000105,79,58,157,149,122,105,126,106,1332,104,1410,195,1375,151,1379,152
TRT000105-TEMP000003,land,#aa5c3f,4339,TRT000105,0,55,82,138,39,94,35,96,1253,101,1335,184,1292,140,1288,142
TRT000105-TEMP000004,land,#45a2ab,4321,TRT000105,51,0,147,89,96,42,94,47,1304,46,1400,135,1349,88,1347,93
TRT000108-TEMP000001,land,#004060,6782,TRT000108,0,0,142,93,65,42,65,42,1401,78,1543,171,1466,120,1466,120
TRT000106-TEMP000001,land,#0ecf3e,3980,TRT000106,60,0,141,85,100,36,102,33,1136,99,1217,184,1176,135,1178,132
TRT000106-TEMP000002,land,#76986c,5081,TRT000106,0,7,90,104,46,53,49,56,1076,106,1166,203,1122,152,1125,155
TRT000106-TEMP000003,land,#c496e8,4510,TRT000106,100,93,173,184,134,141,135,136,1176,192,1249,283,1210,240,1211,235
TRT000106-TEMP000004,land,#3a449f,3218,TRT000106,147,75,209,163,180,118,182,117,1223,174,1285,262,1256,217,1258,216
TRT000106-TEMP000005,land,#59a432,4618,TRT000106,36,81,116,170,79,123,80,128,1112,180,1192,269,1155,222,1156,227
TRT000106-TEMP000006,land,#6135d0,4625,TRT000106,110,12,193,97,153,57,153,57,1186,111,1269,196,1229,156,1229,156
TRT000107-TEMP000001,land,#b49f31,4612,TRT000107,60,146,157,237,103,188,104,185,1025,239,1122,330,1068,281,1069,278
TRT000107-TEMP000002,land,#03bb56,6102,TRT000107,0,201,93,313,41,250,42,247,965,294,1058,406,1006,343,1007,340
TRT000107-TEMP000003,land,#4920d0,4702,TRT000107,13,118,89,202,48,161,48,156,978,211,1054,295,1013,254,1013,249
TRT000107-TEMP000004,land,#0fa901,4292,TRT000107,80,80,166,171,126,129,127,126,1045,173,1131,264,1091,222,1092,219
TRT000107-TEMP000005,land,#195b89,4968,TRT000107,31,28,135,118,85,78,86,76,996,121,1100,211,1050,171,1051,169
TRT000107-TEMP000006,land,#45d4f2,3509,TRT000107,31,0,113,84,59,37,58,37,996,93,1078,177,1024,130,1023,130
TRT000109-TEMP000001,land,#f7d3a3,4565,TRT000109,164,16,241,98,205,61,205,63,1153,273,1230,355,1194,318,1194,320
TRT000109-TEMP000002,land,#1eb3d2,5968,TRT000109,78,53,169,149,125,102,126,100,1067,310,1158,406,1114,359,1115,357
TRT000109-TEMP000003,land,#52cce3,4617,TRT000109,152,92,245,149,202,123,201,125,1141,349,1234,406,1191,380,1190,382
TRT000109-TEMP000004,land,#ac4bfe,4519,TRT000109,0,67,108,149,62,121,63,122,989,324,1097,406,1051,378,1052,379
TRT000109-TEMP000005,land,#c23aa3,4394,TRT000109,92,0,191,75,146,37,147,35,1081,257,1180,332,1135,294,1136,292
TRT000111-TEMP000001,ocean,#0d1f88,148,TRT000111,0,0,30,12,14,6,14,6,1502,187,1532,199,1516,193,1516,193
TRT000112-TEMP000001,lake,#11407d,569,TRT000112,0,0,62,26,32,15,32,15,990,194,1052,220,1022,209,1022,209
TRT000110-TEMP000001,land,#4cf840,4225,TRT000110,104,20,187,115,145,70,147,69,1328,254,1411,349,1369,304,1371,303
TRT000110-TEMP000002,land,#5e0fe7,6084,TRT000110,67,87,159,183,113,134,114,132,1291,321,1383,417,1337,368,1338,366
TRT000110-TEMP000003,land,#eb7892,5378,TRT000110,41,0,129,95,84,42,83,44,1265,234,1353,329,1308,276,1307,278
TRT000110-TEMP000004,land,#8577a9,4264,TRT000110,0,22,72,108,31,70,28,69,1224,256,1296,342,1255,304,1252,303
TRT000110-TEMP000005,land,#de0fb0,4012,TRT000110,7,104,82,172,41,143,42,141,1231,338,1306,406,1265,377,1266,375
TRT000113-TEMP000001,ocean,#332e6c,81,TRT000113,0,0,15,12,7,6,7,6,1559,196,1574,208,1566,202,1566,202
TRT000114-TEMP000001,lake,#353bac,530,TRT000114,0,0,44,28,22,13,22,13,3286,207,3330,235,3308,220,3308,220
TRT000115-TEMP000001,ocean,#2d3776,82,TRT000115,0,0,22,8,12,4,12,4,199,228,221,236,211,232,211,232
TRT000117-TEMP000001,land,#902193,4281,TRT000117,0,0,71,84,32,45,32,45,4787,22,4858,106,4819,67,4819,67
TRT000117-TEMP000002,land,#955901,4458,TRT000117,62,26,148,98,104,65,103,65,4849,48,4935,120,4891,87,4890,87
TRT000117-TEMP000003,land,#1cf5ef,3552,TRT000117,69,97,134,172,100,129,100,129,4856,119,4921,194,4887,151,4887,151
TRT000117-TEMP000004,land,#6bdfe1,4325,TRT000117,7,81,73,166,39,117,40,120,4794,103,4860,188,4826,139,4827,142
TRT000117-TEMP000005,land,#82b663,4375,TRT000117,22,144,118,209,69,180,70,181,4809,166,4905,231,4856,202,4857,203
TRT000116-TEMP000001,land,#618bca,4637,TRT000116,64,112,132,226,99,169,98,168,4956,145,5024,259,4991,202,4990,201
TRT000116-TEMP000002,land,#499b55,5118,TRT000116,31,19,112,110,68,64,70,65,4923,52,5004,143,4960,97,4962,98
TRT000116-TEMP000003,land,#d52426,3724,TRT000116,0,157,85,218,43,188,43,189,4892,190,4977,251,4935,221,4935,222
TRT000116-TEMP000004,land,#aa6a90,5729,TRT000116,99,64,195,139,150,103,151,100,4991,97,5087,172,5042,136,5043,133
TRT000116-TEMP000005,land,#9c3878,3326,TRT000116,146,2,195,78,172,37,172,35,5038,35,5087,111,5064,70,5064,68
TRT000116-TEMP000006,land,#2712b2,4093,TRT000116,17,86,98,158,51,125,48,126,4909,119,4990,191,4943,158,4940,159
TRT000116-TEMP000007,land,#2601cd,4712,TRT000116,112,140,182,231,150,182,151,179,5004,173,5074,264,5042,215,5043,212
TRT000116-TEMP000008,land,#a68263,3341,TRT000116,80,0,147,77,120,37,121,34,4972,33,5039,110,5012,70,5013,67
TRT000118-TEMP000001,land,#1ca3bb,3891,TRT000118,53,52,121,142,83,102,82,99,5128,92,5196,182,5158,142,5157,139
TRT000118-TEMP000002,land,#2de119,4060,TRT000118,13,0,88,65,46,33,46,31,5088,40,5163,105,5121,73,5121,71
TRT000118-TEMP000003,land,#e17ce4,5085,TRT000118,0,132,71,206,35,168,34,168,5075,172,5146,246,5110,208,5109,208
TRT000118-TEMP000004,land,#bae019,4920,TRT000118,71,126,159,210,109,171,108,170,5146,166,5234,250,5184,211,5183,210
TRT000118-TEMP000005,land,#21b524,3268,TRT000118,0,59,61,131,33,98,32,95,5075,99,5136,171,5108,138,5107,135
TRT000119-TEMP000001,land,#efb66a,3678,TRT000119,131,60,210,145,177,103,179,105,5274,101,5353,186,5320,144,5322,146
TRT000119-TEMP000002,land,#2c6fef,3641,TRT000119,115,112,210,181,163,149,158,149,5258,153,5353,222,5306,190,5301,190
TRT000119-TEMP000003,land,#247177,6150,TRT000119,45,82,133,205,93,133,93,131,5188,123,5276,246,5236,174,5236,172
TRT000119-TEMP000004,land,#cb9121,6426,TRT000119,0,0,106,103,60,52,63,52,5143,41,5249,144,5203,93,5206,93
TRT000119-TEMP000005,land,#62dae3,5238,TRT000119,106,19,202,96,145,54,149,53,5249,60,5345,137,5288,95,5292,94
TRT000120-TEMP000001,land,#b3b147,2042,TRT000120,0,4,66,58,32,30,31,28,5428,80,5494,134,5460,106,5459,104
TRT000120-TEMP000002,land,#98f7cb,4635,TRT000120,58,0,150,74,103,32,100,34,5486,76,5578,150,5531,108,5528,110
TRT000120-TEMP000003,land,#e95226,6965,TRT000120,120,5,203,120,165,62,163,63,5548,81,5631,196,5593,138,5591,139
TRT000120-TEMP000004,land,#14aec9,4689,TRT000120,44,72,147,151,93,110,88,111,5472,148,5575,227,5521,186,5516,187
TRT000120-TEMP000005,land,#7f3270,2781,TRT000120,21,39,91,111,54,72,51,70,5449,115,5519,187,5482,148,5479,146
TRT000122-TEMP000001,land,#54e74f,1800,TRT000122,59,50,117,98,89,73,89,72,4870,357,4928,405,4900,380,4900,379
TRT000122-TEMP000002,land,#596802,1474,TRT000122,43,74,98,119,68,99,68,100,4854,381,4909,426,4879,406,4879,407
TRT000122-TEMP000003,land,#7b524f,1791,TRT000122,33,0,84,59,60,26,59,27,4844,307,4895,366,4871,333,4870,334
TRT000122-TEMP000004,land,#7ce50a,1537,TRT000122,0,64,59,99,30,78,31,78,4811,371,4870,406,4841,385,4842,385
TRT000122-TEMP000005,land,#2c32fa,1313,TRT000122,74,18,118,64,97,42,98,41,4885,325,4929,371,4908,349,4909,348
TRT000122-TEMP000006,land,#f56b08,1191,TRT000122,7,21,60,63,34,49,31,50,4818,328,4871,370,4845,356,4842,357
TRT000121-TEMP000001,land,#3b7898,5600,TRT000121,94,0,167,124,122,48,124,43,5346,81,5419,205,5374,129,5376,124
TRT000121-TEMP000002,land,#78a4d4,3930,TRT000121,147,83,235,154,190,120,192,121,5399,164,5487,235,5442,201,5444,202
TRT000121-TEMP000003,land,#e418c5,4110,TRT000121,128,4,208,103,169,62,172,62,5380,85,5460,184,5421,143,5424,143
TRT000121-TEMP000004,land,#e03838,3200,TRT000121,66,103,159,202,116,151,118,142,5318,184,5411,283,5368,232,5370,223
TRT000121-TEMP000005,land,#e95f2e,7585,TRT000121,0,170,117,293,48,225,48,225,5252,251,5369,374,5300,306,5300,306
TRT000123-TEMP000001,land,#bd1272,1646,TRT000123,0,43,53,89,27,63,27,63,4929,367,4982,413,4956,387,4956,387
TRT000123-TEMP000002,land,#32abdb,1878,TRT000123,36,52,87,110,62,80,62,79,4965,376,5016,434,4991,404,4991,403
TRT000123-TEMP000003,land,#21bbf0,1417,TRT000123,0,2,42,51,21,28,21,28,4929,326,4971,375,4950,352,4950,352
TRT000123-TEMP000004,land,#ee2d00,1306,TRT000123,60,6,101,64,82,36,82,36,4989,330,5030,388,5011,360,5011,360
TRT000123-TEMP000005,land,#49cff5,1388,TRT000123,39,0,83,51,59,22,59,22,4968,324,5012,375,4988,346,4988,346
TRT000124-TEMP000001,land,#02de38,2259,TRT000124,69,48,136,119,100,77,101,75,4783,313,4850,384,4814,342,4815,340
TRT000124-TEMP000002,land,#386000,1868,TRT000124,0,32,72,77,41,57,43,57,4714,297,4786,342,4755,322,4757,322
TRT000124-TEMP000003,land,#e7bf87,1469,TRT000124,67,16,123,64,91,42,90,39,4781,281,4837,329,4805,307,4804,304
TRT000124-TEMP000004,land,#724a3c,1145,TRT000124,39,0,85,47,64,23,62,22,4753,265,4799,312,4778,288,4776,287
TRT000125-TEMP000001,land,#b4e280,1487,TRT000125,0,7,45,68,23,39,23,41,4775,222,4820,283,4798,254,4798,256
TRT000125-TEMP000002,land,#e17ad6,1593,TRT000125,27,0,82,46,53,24,54,25,4802,215,4857,261,4828,239,4829,240
TRT000125-TEMP000003,land,#759f9f,1808,TRT000125,71,17,119,68,95,40,96,43,4846,232,4894,283,4870,255,4871,258
TRT000125-TEMP000004,land,#3c8e4e,1435,TRT000125,29,46,79,93,56,65,57,67,4804,261,4854,308,4831,280,4832,282
TRT000125-TEMP000005,land,#b6cf9e,1210,TRT000125,60,62,105,102,84,83,83,85,4835,277,4880,317,4859,298,4858,300
TRT000126-TEMP000001,land,#6a82aa,1865,TRT000126,10,0,63,53,36,27,38,26,4888,233,4941,286,4914,260,4916,259
TRT000126-TEMP000002,land,#e03c35,1597,TRT000126,0,34,44,93,19,62,18,61,4878,267,4922,326,4897,295,4896,294
TRT000126-TEMP000003,land,#9fda80,1713,TRT000126,56,19,102,68,80,42,83,40,4934,252,4980,301,4958,275,4961,273
TRT000126-TEMP000004,land,#5b952d,1970,TRT000126,24,51,79,115,52,82,52,80,4902,284,4957,348,4930,315,4930,313
TRT000126-TEMP000005,land,#09b8b8,763,TRT000126,95,19,138,52,112,33,115,33,4973,252,5016,285,4990,266,4993,266
TRT000127-TEMP000001,land,#d7f570,1831,TRT000127,36,47,91,105,63,74,63,72,4903,435,4958,493,4930,462,4930,460
TRT000127-TEMP000002,land,#2dbf8d,1624,TRT000127,66,22,120,76,93,48,92,47,4933,410,4987,464,4960,436,4959,435
TRT000127-TEMP000003,land,#9876b6,1736,TRT000127,0,73,59,116,28,96,28,96,4867,461,4926,504,4895,484,4895,484
TRT000127-TEMP000004,land,#bde9c8,1186,TRT000127,32,0,86,47,61,24,59,22,4899,388,4953,435,4928,412,4926,410
TRT000128-TEMP000001,land,#041f24,1540,TRT000128,0,14,48,67,26,46,26,45,4390,261,4438,314,4416,293,4416,292
TRT000128-TEMP000002,land,#804155,1896,TRT000128,37,0,98,46,67,24,68,24,4427,247,4488,293,4457,271,4458,271
TRT000128-TEMP000003,land,#917111,1294,TRT000128,35,39,79,80,57,60,57,60,4425,286,4469,327,4447,307,4447,307
TRT000128-TEMP000004,land,#7cfcfe,1558,TRT000128,75,35,115,98,94,68,95,68,4465,282,4505,345,4484,315,4485,315
TRT000128-TEMP000005,land,#5eaa90,1561,TRT000128,5,68,47,118,27,90,26,90,4395,315,4437,365,4417,337,4416,337
TRT000128-TEMP000006,land,#0a23d3,1361,TRT000128,46,75,95,113,68,94,67,94,4436,322,4485,360,4458,341,4457,341
TRT000129-TEMP000001,land,#ad5dcc,1632,TRT000129,28,81,71,134,48,107,46,107,4316,341,4359,394,4336,367,4334,367
TRT000129-TEMP000002,land,#8b69ac,1609,TRT000129,36,29,77,86,58,61,59,60,4324,289,4365,346,4346,321,4347,320
TRT000129-TEMP000003,land,#ef5f4d,1301,TRT000129,67,24,112,71,88,51,90,53,4355,284,4400,331,4376,311,4378,313
TRT000129-TEMP000004,land,#e05ed2,1405,TRT000129,66,69,119,107,94,88,93,89,4354,329,4407,367,4382,348,4381,349
TRT000129-TEMP000005,land,#f08feb,1105,TRT000129,0,92,35,131,17,111,15,112,4288,352,4323,391,4305,371,4303,372
TRT000129-TEMP000006,land,#a0a022,2058,TRT000129,3,0,67,54,33,28,32,30,4291,260,4355,314,4321,288,4320,290
TRT000129-TEMP000007,land,#814664,1534,TRT000129,2,44,41,92,19,70,17,72,4290,304,4329,352,4307,330,4305,332
TRT000130-TEMP000001,land,#0b2ba5,1559,TRT000130,40,17,89,65,66,41,67,42,4349,212,4398,260,4375,236,4376,237
TRT000130-TEMP000002,land,#83a9a0,1283,TRT000130,87,31,131,77,108,52,109,51,4396,226,4440,272,4417,247,4418,246
TRT000130-TEMP000003,land,#7d8d7b,1912,TRT000130,0,31,58,88,31,59,33,60,4309,226,4367,283,4340,254,4342,255
TRT000130-TEMP000004,land,#169ae9,1173,TRT000130,74,0,123,40,100,21,100,21,4383,195,4432,235,4409,216,4409,216
TRT000130-TEMP000005,land,#df6958,1593,TRT000130,49,58,106,106,77,80,80,81,4358,253,4415,301,4386,275,4389,276
TRT000131-TEMP000001,land,#86ffbf,1969,TRT000131,16,46,83,98,52,74,53,73,4439,209,4506,261,4475,237,4476,236
TRT000131-TEMP000002,land,#44fa85,1591,TRT000131,61,22,119,77,89,48,89,47,4484,185,4542,240,4512,211,4512,210
TRT000131-TEMP000003,land,#4d8720,1365,TRT000131,39,0,92,46,65,23,67,20,4462,163,4515,209,4488,186,4490,183
TRT000131-TEMP000004,land,#7ca95d,1923,TRT000131,0,17,56,76,26,44,28,43,4423,180,4479,239,4449,207,4451,206
TRT000132-TEMP000001,land,#e16696,1355,TRT000132,71,0,126,44,101,28,104,28,4479,328,4534,372,4509,356,4512,356
TRT000132-TEMP000002,land,#410540,1290,TRT000132,72,40,129,74,105,55,106,56,4480,368,4537,402,4513,383,4514,384
TRT000132-TEMP000003,land,#04818b,1623,TRT000132,0,28,76,59,38,44,42,44,4408,356,4484,387,4446,372,4450,372
TRT000133-TEMP000001,land,#81f617,1783,TRT000133,3,64,46,111,24,87,22,86,4533,356,4576,403,4554,379,4552,378
TRT000133-TEMP000002,land,#2f9319,1495,TRT000133,0,19,41,65,19,45,17,43,4530,311,4571,357,4549,337,4547,335
TRT000133-TEMP000003,land,#16be33,1491,TRT000133,46,64,105,106,73,86,70,88,4576,356,4635,398,4603,378,4600,380
TRT000133-TEMP000004,land,#1c8e41,1581,TRT000133,36,35,90,78,62,56,61,57,4566,327,4620,370,4592,348,4591,349
TRT000133-TEMP000005,land,#1c2f38,1393,TRT000133,27,0,78,43,53,23,53,23,4557,292,4608,335,4583,315,4583,315
TRT000134-TEMP000001,land,#10b4d7,1566,TRT000134,17,58,70,118,43,87,45,84,4501,270,4554,330,4527,299,4529,296
TRT000134-TEMP000002,land,#c3f23a,1505,TRT000134,54,40,105,98,76,71,77,70,4538,252,4589,310,4560,283,4561,282
TRT000134-TEMP000003,land,#c0cf63,2017,TRT000134,15,0,75,58,48,32,47,32,4499,212,4559,270,4532,244,4531,244
TRT000134-TEMP000004,land,#7dc8a0,1461,TRT000134,0,36,40,106,18,65,17,69,4484,248,4524,318,4502,277,4501,281
TRT000135-TEMP000001,land,#d40894,4141,TRT000135,98,30,187,115,139,73,141,69,4681,239,4770,324,4722,282,4724,278
TRT000135-TEMP000002,land,#885a00,4005,TRT000135,21,78,98,179,59,120,61,116,4604,287,4681,388,4642,329,4644,325
TRT000135-TEMP000003,land,#592520,3693,TRT000135,49,0,127,83,87,41,86,38,4632,209,4710,292,4670,250,4669,247
TRT000135-TEMP000004,land,#a2fedc,2941,TRT000135,0,31,74,104,38,69,36,66,4583,240,4657,313,4621,278,4619,275
TRT000135-TEMP000005,land,#37a4e2,4003,TRT000135,52,88,140,188,96,141,101,136,4635,297,4723,397,4679,350,4684,345
TRT000136-TEMP000001,land,#395fae,2813,TRT000136,45,97,114,165,79,126,77,127,4547,215,4616,283,4581,244,4579,245
TRT000136-TEMP000002,land,#3bd66e,2893,TRT000136,88,68,160,130,125,93,123,96,4590,186,4662,248,4627,211,4625,214
TRT000136-TEMP000003,land,#4f1375,3291,TRT000136,30,20,102,100,69,68,70,68,4532,138,4604,218,4571,186,4572,186
TRT000136-TEMP000004,land,#560ed5,3486,TRT000136,0,0,78,81,34,36,34,37,4502,118,4580,199,4536,154,4536,155
TRT000136-TEMP000005,land,#33bc63,3170,TRT000136,79,13,158,70,120,44,121,44,4581,131,4660,188,4622,162,4623,162
TRT000137-TEMP000001,land,#04e330,2989,TRT000137,42,3,116,63,78,28,79,27,4700,125,4774,185,4736,150,4737,149
TRT000137-TEMP000002,land,#034492,3502,TRT000137,0,5,59,88,26,45,27,46,4658,127,4717,210,4684,167,4685,168
TRT000137-TEMP000003,land,#884b96,3420,TRT000137,74,74,150,150,108,108,109,107,4732,196,4808,272,4766,230,4767,229
TRT000137-TEMP000004,land,#015e2f,3248,TRT000137,10,56,92,130,58,90,59,91,4668,178,4750,252,4716,212,4717,213
TRT000137-TEMP000005,land,#bbde79,3318,TRT000137,89,0,150,86,123,48,123,48,4747,122,4808,208,4781,170,4781,170
TRT000138-TEMP000001,land,#d95bb0,4150,TRT000138,0,53,83,119,44,86,45,83,4521,68,4604,134,4565,101,4566,98
TRT000138-TEMP000002,land,#5102e5,3055,TRT000138,84,5,148,82,123,47,121,49,4605,20,4669,97,4644,62,4642,64
TRT000138-TEMP000003,land,#da4fab,2496,TRT000138,59,2,124,67,85,28,87,24,4580,17,4645,82,4606,43,4608,39
TRT000138-TEMP000004,land,#312156,2811,TRT000138,8,0,63,64,34,32,34,31,4529,15,4584,79,4555,47,4555,46
TRT000138-TEMP000005,land,#7bd4fa,3611,TRT000138,72,69,148,134,113,101,112,102,4593,84,4669,149,4634,116,4633,117
TRT000139-TEMP000001,land,#0145e0,2806,TRT000139,72,0,127,65,101,31,103,30,4738,17,4793,82,4767,48,4769,47
TRT000139-TEMP000002,land,#973f7a,3637,TRT000139,55,50,127,109,90,82,88,81,4721,67,4793,126,4756,99,4754,98
TRT000139-TEMP000003,land,#1494fd,2921,TRT000139,0,4,72,62,37,33,41,31,4666,21,4738,79,4703,50,4707,48
TRT000139-TEMP000004,land,#766ac0,3128,TRT000139,0,42,57,114,28,80,25,76,4666,59,4723,131,4694,97,4691,93
TRT000140-TEMP000001,land,#1144ab,3970,TRT000140,0,36,92,112,47,80,49,75,4254,97,4346,173,4301,141,4303,136
TRT000140-TEMP000002,land,#b70467,6336,TRT000140,91,60,198,158,138,109,134,108,4345,121,4452,219,4392,170,4388,169
TRT000140-TEMP000003,land,#c211dd,4853,TRT000140,9,96,106,176,62,134,57,131,4263,157,4360,237,4316,195,4311,192
TRT000140-TEMP000004,land,#701f1a,3910,TRT000140,60,0,147,87,101,46,101,42,4314,61,4401,148,4355,107,4355,103
TRT000141-TEMP000001,land,#c515b7,4349,TRT000141,116,0,184,94,155,36,154,36,4285,0,4353,94,4324,36,4323,36
TRT000141-TEMP000002,land,#2f56c5,4889,TRT000141,0,0,85,85,42,34,42,33,4169,0,4254,85,4211,34,4211,33
TRT000141-TEMP000003,land,#f36756,4526,TRT000141,70,0,145,97,105,47,105,49,4239,0,4314,97,4274,47,4274,49
TRT000141-TEMP000004,land,#4b1546,4825,TRT000141,29,65,142,150,82,103,80,103,4198,65,4311,150,4251,103,4249,103
TRT000143-TEMP000001,land,#681202,146,TRT000143,0,0,30,20,15,9,15,9,633,235,663,255,648,244,648,244
TRT000142-TEMP000001,land,#6eb5f5,5867,TRT000142,0,1,94,127,43,68,45,70,4352,1,4446,127,4395,68,4397,70
TRT000142-TEMP000002,land,#497566,4856,TRT000142,88,47,176,128,136,86,137,85,4440,47,4528,128,4488,86,4489,85
TRT000142-TEMP000003,land,#5c705c,4902,TRT000142,2,0,123,68,74,25,79,25,4354,0,4475,68,4426,25,4431,25
TRT000142-TEMP000004,land,#fcae00,5150,TRT000142,58,97,163,182,111,139,114,140,4410,97,4515,182,4463,139,4466,140
TRT000142-TEMP000005,land,#c262cd,3355,TRT000142,118,0,219,65,153,27,156,27,4470,0,4571,65,4505,27,4508,27
TRT000144-TEMP000001,land,#c3f304,2359,TRT000144,41,44,105,103,75,75,78,75,4091,244,4155,303,4125,275,4128,275
TRT000144-TEMP000002,land,#718944,1372,TRT000144,56,0,124,43,85,19,88,17,4106,200,4174,243,4135,219,4138,217
TRT000144-TEMP000003,land,#0b865e,2791,TRT000144,0,9,69,73,37,36,38,37,4050,209,4119,273,4087,236,4088,237
TRT000144-TEMP000004,land,#ddcba6,1432,TRT000144,98,37,140,89,120,64,122,62,4148,237,4190,289,4170,264,4172,262
TRT000144-TEMP000005,land,#817c74,1494,TRT000144,74,3,132,59,106,35,103,36,4124,203,4182,259,4156,235,4153,236
TRT000145-TEMP000001,land,#850c84,1932,TRT000145,11,22,61,76,37,53,35,56,4104,299,4154,353,4130,330,4128,333
TRT000145-TEMP000002,land,#33682f,2269,TRT000145,58,41,119,96,87,67,84,68,4151,318,4212,373,4180,344,4177,345
TRT000145-TEMP000003,land,#90e1d0,2200,TRT000145,43,0,109,50,80,27,77,27,4136,277,4202,327,4173,304,4170,304
TRT000145-TEMP000004,land,#0e2332,1841,TRT000145,0,74,69,120,39,93,36,94,4093,351,4162,397,4132,370,4129,371
TRT000145-TEMP000005,land,#a71ef1,2271,TRT000145,67,74,133,127,100,103,101,103,4160,351,4226,404,4193,380,4194,380
TRT000146-TEMP000001,land,#a125d8,2420,TRT000146,14,0,86,62,55,32,55,33,4189,138,4261,200,4230,170,4230,171
TRT000146-TEMP000002,land,#aa87fb,2239,TRT000146,0,31,50,100,22,68,22,70,4175,169,4225,238,4197,206,4197,208
TRT000146-TEMP000003,land,#5e27c1,1783,TRT000146,38,60,88,124,64,90,64,89,4213,198,4263,262,4239,228,4239,227
TRT000146-TEMP000004,land,#95389d,1888,TRT000146,10,91,74,137,37,116,38,117,4185,229,4249,275,4212,254,4213,255
TRT000146-TEMP000005,land,#003742,1413,TRT000146,63,35,117,89,88,65,90,65,4238,173,4292,227,4263,203,4265,203
TRT000146-TEMP000006,land,#5dd6e6,2147,TRT000146,75,77,141,126,109,104,107,105,4250,215,4316,264,4284,242,4282,243
TRT000147-TEMP000001,land,#76beb9,1906,TRT000147,46,98,104,149,78,123,77,123,4048,327,4106,378,4080,352,4079,352
TRT000147-TEMP000002,land,#d6d1ec,2066,TRT000147,64,44,116,106,90,77,91,78,4066,273,4118,335,4092,306,4093,307
TRT000147-TEMP000003,land,#033238,2255,TRT000147,24,0,86,65,53,36,54,36,4026,229,4088,294,4055,265,4056,265
TRT000147-TEMP000004,land,#80f0ae,1753,TRT000147,19,66,73,122,49,94,49,93,4021,295,4075,351,4051,323,4051,322
TRT000147-TEMP000005,land,#875730,1542,TRT000147,0,40,52,101,25,72,25,70,4002,269,4054,330,4027,301,4027,299
TRT000148-TEMP000001,land,#67dc45,1484,TRT000148,25,0,79,49,51,23,52,22,4135,17,4189,66,4161,40,4162,39
TRT000148-TEMP000002,land,#3687be,1986,TRT000148,11,31,82,77,44,55,42,54,4121,48,4192,94,4154,72,4152,71
TRT000148-TEMP000003,land,#b17725,2308,TRT000148,47,58,103,132,70,93,69,94,4157,75,4213,149,4180,110,4179,111
TRT000148-TEMP000004,land,#53e44c,1790,TRT000148,0,65,49,127,28,92,29,92,4110,82,4159,144,4138,109,4139,109
TRT000148-TEMP000005,land,#16c944,2391,TRT000148,52,93,131,150,92,124,94,124,4162,110,4241,167,4202,141,4204,141
TRT000149-TEMP000001,land,#a3bbb0,2322,TRT000149,54,0,119,56,84,29,84,27,4245,254,4310,310,4275,283,4275,281
TRT000149-TEMP000002,land,#6c2131,2054,TRT000149,12,32,73,84,42,60,41,57,4203,286,4264,338,4233,314,4232,311
TRT000149-TEMP000003,land,#3b37a6,2095,TRT000149,21,80,78,134,47,106,47,105,4212,334,4269,388,4238,360,4238,359
TRT000149-TEMP000004,land,#427785,2204,TRT000149,56,57,98,127,82,89,82,86,4247,311,4289,381,4273,343,4273,340
TRT000149-TEMP000005,land,#2673ac,1350,TRT000149,0,14,54,54,26,31,24,30,4191,268,4245,308,4217,285,4215,284
TRT000150-TEMP000001,land,#fb7f24,2617,TRT000150,61,45,131,98,95,74,93,73,4118,153,4188,206,4152,182,4150,181
TRT000150-TEMP000002,land,#5aa0a1,2214,TRT000150,0,55,65,106,34,83,33,83,4057,163,4122,214,4091,191,4090,191
TRT000150-TEMP000003,land,#4bbd88,1506,TRT000150,22,0,70,69,49,43,49,41,4079,108,4127,177,4106,151,4106,149
TRT000150-TEMP000004,land,#c9edc9,1345,TRT000150,54,1,106,58,76,33,77,33,4111,109,4163,166,4133,141,4134,141
TRT000151-TEMP000001,land,#f73b8f,182,TRT000151,0,0,28,29,15,15,15,15,675,238,703,267,690,253,690,253
TRT000152-TEMP000001,land,#b7cdfe,2262,TRT000152,70,44,135,92,101,69,103,69,3814,238,3879,286,3845,263,3847,263
TRT000152-TEMP000002,land,#bd4907,3060,TRT000152,0,21,77,80,41,54,44,52,3744,215,3821,274,3785,248,3788,246
TRT000152-TEMP000003,land,#9e07c5,3033,TRT000152,11,76,78,134,48,103,47,102,3755,270,3822,328,3792,297,3791,296
TRT000152-TEMP000004,land,#63fb3a,2119,TRT000152,62,0,124,51,95,28,97,26,3806,194,3868,245,3839,222,3841,220
TRT000152-TEMP000005,land,#eb52b3,2329,TRT000152,76,84,147,128,109,106,107,107,3820,278,3891,322,3853,300,3851,301
TRT000153-TEMP000001,land,#bec7a1,2568,TRT000153,55,88,114,153,79,118,79,117,3760,168,3819,233,3784,198,3784,197
TRT000153-TEMP000002,land,#f952c7,2624,TRT000153,89,50,148,128,119,90,120,90,3794,130,3853,208,3824,170,3825,170
TRT000153-TEMP000003,land,#2019e2,2484,TRT000153,45,28,109,89,73,63,73,60,3750,108,3814,169,3778,143,3778,140
TRT000153-TEMP000004,land,#839cce,2974,TRT000153,0,13,57,85,28,50,28,51,3705,93,3762,165,3733,130,3733,131
TRT000153-TEMP000005,land,#3ad625,3061,TRT000153,0,82,58,160,34,115,34,115,3705,162,3763,240,3739,195,3739,195
TRT000153-TEMP000006,land,#a82368,2806,TRT000153,54,0,130,56,94,25,95,25,3759,80,3835,136,3799,105,3800,105
TRT000154-TEMP000001,land,#7d03e4,2925,TRT000154,99,0,166,69,133,37,133,35,3699,241,3766,310,3733,278,3733,276
TRT000154-TEMP000002,land,#cb1ab0,2962,TRT000154,121,64,181,141,152,104,152,102,3721,305,3781,382,3752,345,3752,343
TRT000154-TEMP000003,land,#3fb553,2348,TRT000154,82,61,139,135,113,93,111,92,3682,302,3739,376,3713,334,3711,333
TRT000154-TEMP000004,land,#db28bf,3547,TRT000154,0,53,64,128,28,91,30,91,3600,294,3664,369,3628,332,3630,332
TRT000154-TEMP000005,land,#39f799,2274,TRT000154,43,84,111,140,77,114,78,116,3643,325,3711,381,3677,355,3678,357
TRT000154-TEMP000006,land,#221bdd,2660,TRT000154,42,19,113,84,81,55,84,53,3642,260,3713,325,3681,296,3684,294
TRT000155-TEMP000001,land,#6f8f2a,2833,TRT000155,19,50,103,113,65,82,58,83,3598,223,3682,286,3644,255,3637,256
TRT000155-TEMP000002,land,#890215,3315,TRT000155,92,0,163,97,124,55,124,55,3671,173,3742,270,3703,228,3703,228
TRT000155-TEMP000003,land,#2c9e0e,2835,TRT000155,0,14,56,78,27,43,26,41,3579,187,3635,251,3606,216,3605,214
TRT000155-TEMP000004,land,#f47cbc,1745,TRT000155,10,79,75,137,37,109,38,112,3589,252,3654,310,3616,282,3617,285
TRT000155-TEMP000005,land,#4a83be,2833,TRT000155,54,1,124,69,85,32,84,34,3633,174,3703,242,3664,205,3663,207
TRT000156-TEMP000001,land,#b04c86,3022,TRT000156,68,0,147,47,109,24,105,23,3634,94,3713,141,3675,118,3671,117
TRT000156-TEMP000002,land,#196724,3008,TRT000156,0,7,74,60,40,35,37,38,3566,101,3640,154,3606,129,3603,132
TRT000156-TEMP000003,land,#d07487,3003,TRT000156,67,40,146,92,103,65,102,64,3633,134,3712,186,3669,159,3668,158
TRT000156-TEMP000004,land,#526f10,2122,TRT000156,13,59,73,104,40,78,38,81,3579,153,3639,198,3606,172,3604,175
TRT000157-TEMP000001,land,#249c14,130,TRT000157,0,0,25,33,13,18,13,18,696,239,721,272,709,257,709,257
TRT000158-TEMP000001,land,#9730bc,691,TRT000158,0,0,35,25,19,12,19,12,3184,240,3219,265,3203,252,3203,252
TRT000158-TEMP000002,land,#68e7ee,879,TRT000158,34,0,69,32,49,15,49,16,3218,240,3253,272,3233,255,3233,256
TRT000159-TEMP000001,land,#81fbcb,3880,TRT000159,70,70,151,136,104,103,102,103,3889,97,3970,163,3923,130,3921,130
TRT000159-TEMP000002,land,#874246,4019,TRT000159,0,57,70,144,40,101,39,102,3819,84,3889,171,3859,128,3858,129
TRT000159-TEMP000003,land,#f4d0b4,2269,TRT000159,41,4,94,77,74,41,71,42,3860,31,3913,104,3893,68,3890,69
TRT000159-TEMP000004,land,#7b9a83,2922,TRT000159,92,0,148,79,114,38,115,41,3911,27,3967,106,3933,65,3934,68
TRT000160-TEMP000001,land,#69c0c4,3422,TRT000160,64,78,139,148,98,113,95,115,4026,97,4101,167,4060,132,4057,134
TRT000160-TEMP000002,land,#1a5d4a,3969,TRT000160,86,21,160,106,121,63,123,66,4048,40,4122,125,4083,82,4085,85
TRT000160-TEMP000003,land,#20f2fe,2005,TRT000160,114,0,183,55,151,19,149,19,4076,19,4145,74,4113,38,4111,38
TRT000160-TEMP000004,land,#3695c6,2530,TRT000160,36,129,113,186,77,157,77,159,3998,148,4075,205,4039,176,4039,178
TRT000160-TEMP000005,land,#d100c9,4203,TRT000160,0,14,96,89,51,51,54,53,3962,33,4058,108,4013,70,4016,72
TRT000160-TEMP000006,land,#afdd5c,3320,TRT000160,5,77,66,162,37,118,35,120,3967,96,4028,181,3999,137,3997,139
TRT000161-TEMP000001,land,#2a71bf,3607,TRT000161,0,81,86,155,45,120,46,120,3906,261,3992,335,3951,300,3952,300
TRT000161-TEMP000002,land,#cd6724,2556,TRT000161,30,21,104,94,68,64,69,63,3936,201,4010,274,3974,244,3975,243
TRT000161-TEMP000003,land,#2d15d0,2596,TRT000161,66,68,126,149,94,103,96,101,3972,248,4032,329,4000,283,4002,281
TRT000161-TEMP000004,land,#8ac1a3,3350,TRT000161,74,0,153,71,112,35,113,34,3980,180,4059,251,4018,215,4019,214
TRT000162-TEMP000001,land,#421580,3292,TRT000162,23,45,115,113,72,81,70,81,3869,193,3961,261,3918,229,3916,229
TRT000162-TEMP000002,land,#619f68,3751,TRT000162,73,0,146,78,108,36,108,36,3919,148,3992,226,3954,184,3954,184
TRT000162-TEMP000003,land,#f7b58d,3309,TRT000162,0,9,73,80,38,40,38,39,3846,157,3919,228,3884,188,3884,187
TRT000162-TEMP000004,land,#d4bcee,2591,TRT000162,23,87,87,158,52,123,52,124,3869,235,3933,306,3898,271,3898,272
TRT000163-TEMP000001,land,#57ef62,63,TRT000163,0,0,20,10,10,5,10,5,663,250,683,260,673,255,673,255
TRT000164-TEMP000001,land,#e7f082,1493,TRT000164,78,37,117,95,97,65,97,67,3476,348,3515,406,3495,376,3495,378
TRT000164-TEMP000002,land,#1472f5,1823,TRT000164,50,0,104,51,76,26,76,26,3448,311,3502,362,3474,337,3474,337
TRT000164-TEMP000003,land,#b1e2ff,1293,TRT000164,37,44,77,88,57,66,58,68,3435,355,3475,399,3455,377,3456,379
TRT000164-TEMP000004,land,#9e140e,1481,TRT000164,10,4,58,55,38,32,37,34,3408,315,3456,366,3436,343,3435,345
TRT000164-TEMP000005,land,#94ee5d,976,TRT000164,41,73,96,101,70,90,70,91,3439,384,3494,412,3468,401,3468,402
TRT000164-TEMP000006,land,#ec7869,1235,TRT000164,0,38,39,83,20,62,19,62,3398,349,3437,394,3418,373,3417,373
TRT000165-TEMP000001,land,#ea73e2,1488,TRT000165,14,63,66,109,42,87,42,88,3511,350,3563,396,3539,374,3539,375
TRT000165-TEMP000002,land,#bdaa10,1406,TRT000165,42,28,97,73,65,51,65,51,3539,315,3594,360,3562,338,3562,338
TRT000165-TEMP000003,land,#0facfb,1668,TRT000165,6,0,61,47,38,22,37,24,3503,287,3558,334,3535,309,3534,311
TRT000165-TEMP000004,land,#6e3a55,1462,TRT000165,61,48,105,105,84,76,84,76,3558,335,3602,392,3581,363,3581,363
TRT000165-TEMP000005,land,#01ffef,1691,TRT000165,59,0,102,47,83,19,83,19,3556,287,3599,334,3580,306,3580,306
TRT000165-TEMP000006,land,#3bf7aa,1404,TRT000165,0,30,43,84,20,55,20,58,3497,317,3540,371,3517,342,3517,345
TRT000166-TEMP000001,land,#321d58,1581,TRT000166,0,21,58,73,28,45,30,47,3349,260,3407,312,3377,284,3379,286
TRT000166-TEMP000002,land,#55a7b0,1147,TRT000166,59,42,102,85,83,60,84,60,3408,281,3451,324,3432,299,3433,299
TRT000166-TEMP000003,land,#c41c04,1190,TRT000166,36,50,83,99,59,76,61,78,3385,289,3432,338,3408,315,3410,317
TRT000166-TEMP000004,land,#c34701,1377,TRT000166,14,0,67,44,45,20,47,21,3363,239,3416,283,3394,259,3396,260
TRT000166-TEMP000005,land,#40fe69,1082,TRT000166,58,5,96,48,77,28,79,27,3407,244,3445,287,3426,267,3428,266
TRT000167-TEMP000001,land,#466e7a,1226,TRT000167,9,81,71,112,40,97,39,98,3449,290,3511,321,3480,306,3479,307
TRT000167-TEMP000002,land,#782d50,1288,TRT000167,53,33,91,97,72,65,72,64,3493,242,3531,306,3512,274,3512,273
TRT000167-TEMP000003,land,#59aabb,1983,TRT000167,10,0,73,52,45,27,43,29,3450,209,3513,261,3485,236,3483,238
TRT000167-TEMP000004,land,#cfa975,1400,TRT000167,0,31,36,93,16,60,15,63,3440,240,3476,302,3456,269,3455,272
TRT000167-TEMP000005,land,#cb84cc,1050,TRT000167,29,50,70,95,48,72,48,73,3469,259,3510,304,3488,281,3488,282
TRT000168-TEMP000001,land,#1e20b7,1503,TRT000168,0,32,49,78,25,52,24,52,3459,132,3508,178,3484,152,3483,152
TRT000168-TEMP000002,land,#543c66,1425,TRT000168,17,68,70,113,42,92,41,91,3476,168,3529,213,3501,192,3500,191
TRT000168-TEMP000003,land,#74f20a,1400,TRT000168,42,0,86,48,63,24,62,26,3501,100,3545,148,3522,124,3521,126
TRT000168-TEMP000004,land,#ce5315,1408,TRT000168,43,48,84,101,65,69,65,70,3502,148,3543,201,3524,169,3524,170
TRT000168-TEMP000005,land,#d5fdd5,1190,TRT000168,71,63,119,103,96,80,96,81,3530,163,3578,203,3555,180,3555,181
TRT000168-TEMP000006,land,#90e2ca,1429,TRT000168,75,17,119,66,99,45,100,46,3534,117,3578,166,3558,145,3559,146
TRT000169-TEMP000001,land,#36a3be,1608,TRT000169,10,0,70,53,38,30,37,31,3256,205,3316,258,3284,235,3283,236
TRT000169-TEMP000002,land,#091173,1248,TRT000169,19,52,62,96,42,74,42,74,3265,257,3308,301,3288,279,3288,279
TRT000169-TEMP000003,land,#154e1f,1649,TRT000169,55,25,106,81,79,57,79,57,3301,230,3352,286,3325,262,3325,262
TRT000169-TEMP000004,land,#1d2729,1030,TRT000169,47,71,94,115,67,90,67,91,3293,276,3340,320,3313,295,3313,296
TRT000169-TEMP000005,land,#18cef6,1151,TRT000169,0,36,33,90,15,62,14,63,3246,241,3279,295,3261,267,3260,268
TRT000170-TEMP000001,land,#b74df9,1205,TRT000170,2,53,37,102,18,77,17,77,3390,193,3425,242,3406,217,3405,217
TRT000170-TEMP000002,land,#e8d60e,1540,TRT000170,27,57,77,109,49,86,48,84,3415,197,3465,249,3437,226,3436,224
TRT000170-TEMP000003,land,#a50eed,1660,TRT000170,0,13,51,60,26,39,26,38,3388,153,3439,200,3414,179,3414,178
TRT000170-TEMP000004,land,#4dea5c,1142,TRT000170,43,0,86,44,64,24,65,22,3431,140,3474,184,3452,164,3453,162
TRT000170-TEMP000005,land,#508288,1641,TRT000170,47,37,101,88,75,60,74,59,3435,177,3489,228,3463,200,3462,199
TRT000171-TEMP000001,land,#9e6542,946,TRT000171,47,67,96,109,69,88,70,87,3336,226,3385,268,3358,247,3359,246
TRT000171-TEMP000002,land,#68fda8,1787,TRT000171,51,0,100,49,75,25,76,26,3340,159,3389,208,3364,184,3365,185
TRT000171-TEMP000003,land,#c48e54,1113,TRT000171,30,44,70,90,52,66,51,68,3319,203,3359,249,3341,225,3340,227
TRT000171-TEMP000004,land,#8a2806,1591,TRT000171,0,8,56,55,34,34,34,34,3289,167,3345,214,3323,193,3323,193
TRT000171-TEMP000005,land,#a04183,1206,TRT000171,70,38,104,85,89,61,90,62,3359,197,3393,244,3378,220,3379,221
TRT000172-TEMP000001,land,#75d270,1355,TRT000172,55,50,95,101,75,79,76,78,3559,235,3599,286,3579,264,3580,263
TRT000172-TEMP000002,land,#91a462,1831,TRT000172,28,0,76,58,56,29,55,30,3532,185,3580,243,3560,214,3559,215
TRT000172-TEMP000003,land,#740922,1407,TRT000172,19,58,66,101,43,83,46,85,3523,243,3570,286,3547,268,3550,270
TRT000172-TEMP000004,land,#7ab8f3,1642,TRT000172,0,19,50,77,24,47,24,50,3504,204,3554,262,3528,232,3528,235
TRT000173-TEMP000001,land,#d38561,1879,TRT000173,0,0,46,49,21,25,23,25,3369,89,3415,138,3390,114,3392,114
TRT000173-TEMP000002,land,#6b15e2,1317,TRT000173,42,13,94,49,64,33,66,33,3411,102,3463,138,3433,122,3435,122
TRT000174-TEMP000001,land,#6202a7,1379,TRT000174,55,31,106,78,80,56,82,56,3360,310,3411,357,3385,335,3387,335
TRT000174-TEMP000002,land,#fdf902,1858,TRT000174,0,25,55,79,27,54,28,53,3305,304,3360,358,3332,333,3333,332
TRT000174-TEMP000003,land,#f314f2,1461,TRT000174,17,0,75,50,48,26,49,25,3322,279,3380,329,3353,305,3354,304
TRT000174-TEMP000004,land,#eb58ca,1544,TRT000174,45,63,98,107,72,85,72,85,3350,342,3403,386,3377,364,3377,364
TRT000175-TEMP000001,land,#d3faea,1390,TRT000175,22,14,72,82,48,42,49,45,3415,424,3465,492,3441,452,3442,455
TRT000175-TEMP000002,land,#4c486b,1707,TRT000175,50,39,102,91,79,66,79,65,3443,449,3495,501,3472,476,3472,475
TRT000175-TEMP000003,land,#180ab8,1040,TRT000175,0,30,48,82,27,56,26,54,3393,440,3441,492,3420,466,3419,464
TRT000175-TEMP000004,land,#8fe166,1687,TRT000175,37,0,94,42,71,19,70,19,3430,410,3487,452,3464,429,3463,429
TRT000176-TEMP000001,land,#e01e8e,1339,TRT000176,6,77,46,119,24,98,25,99,3491,465,3531,507,3509,486,3510,487
TRT000176-TEMP000002,land,#15936c,1706,TRT000176,0,25,46,77,22,54,22,55,3485,413,3531,465,3507,442,3507,443
TRT000176-TEMP000003,land,#9c3e71,1046,TRT000176,42,99,90,140,66,120,67,121,3527,487,3575,528,3551,508,3552,509
TRT000176-TEMP000004,land,#4424d6,1726,TRT000176,0,0,66,44,38,21,38,20,3485,388,3551,432,3523,409,3523,408
TRT000176-TEMP000005,land,#d9f0e1,1164,TRT000176,33,62,73,108,53,85,54,86,3518,450,3558,496,3538,473,3539,474
TRT000176-TEMP000006,land,#751d92,1536,TRT000176,46,29,99,74,70,52,70,52,3531,417,3584,462,3555,440,3555,440
TRT000177-TEMP000001,land,#f07f8d,1432,TRT000177,14,35,66,79,40,57,41,58,3276,114,3328,158,3302,136,3303,137
TRT000177-TEMP000002,land,#168867,1524,TRT000177,39,0,99,44,63,20,60,20,3301,79,3361,123,3325,99,3322,99
TRT000177-TEMP000003,land,#cdb154,1196,TRT000177,0,2,42,50,24,24,23,24,3262,81,3304,129,3286,103,3285,103
TRT000177-TEMP000004,land,#08556d,1478,TRT000177,24,64,97,102,56,83,50,85,3286,143,3359,181,3318,162,3312,164
TRT000177-TEMP000005,land,#e541e5,1713,TRT000177,62,10,106,79,87,44,86,48,3324,89,3368,158,3349,123,3348,127
TRT000178-TEMP000001,land,#c2055c,641,TRT000178,49,41,84,66,66,55,67,54,2784,354,2819,379,2801,368,2802,367
TRT000178-TEMP000002,land,#919ffb,658,TRT000178,0,47,49,74,28,61,29,61,2735,360,2784,387,2763,374,2764,374
TRT000178-TEMP000003,land,#99d8ec,484,TRT000178,59,16,85,42,73,30,73,29,2794,329,2820,355,2808,343,2808,342
TRT000178-TEMP000004,land,#bc013b,578,TRT000178,36,26,63,57,49,40,50,38,2771,339,2798,370,2784,353,2785,351
TRT000178-TEMP000005,land,#6c18ff,649,TRT000178,78,31,108,64,92,46,92,46,2813,344,2843,377,2827,359,2827,359
TRT000178-TEMP000006,land,#130321,433,TRT000178,30,6,57,32,43,20,44,19,2765,319,2792,345,2778,333,2779,332
TRT000178-TEMP000007,land,#f08055,586,TRT000178,0,25,36,52,22,39,22,39,2735,338,2771,365,2757,352,2757,352
TRT000178-TEMP000008,land,#9290c9,402,TRT000178,51,0,77,25,62,13,63,12,2786,313,2812,338,2797,326,2798,325
TRT000179-TEMP000001,land,#1e01d0,572,TRT000179,24,33,50,64,35,48,36,48,2749,284,2775,315,2760,299,2761,299
TRT000179-TEMP000002,land,#277066,847,TRT000179,0,0,42,34,19,19,19,21,2725,251,2767,285,2744,270,2744,272
TRT000179-TEMP000003,land,#d6ed3e,573,TRT000179,35,46,68,74,51,61,52,61,2760,297,2793,325,2776,312,2777,312
TRT000179-TEMP000004,land,#690b80,536,TRT000179,0,31,27,64,15,45,15,46,2725,282,2752,315,2740,296,2740,297
TRT000179-TEMP000005,land,#e7d772,436,TRT000179,32,19,62,38,46,27,46,24,2757,270,2787,289,2771,278,2771,275
TRT000180-TEMP000001,land,#999fd6,559,TRT000180,0,5,33,30,17,17,17,17,3145,270,3178,295,3162,282,3162,282
TRT000180-TEMP000002,land,#9b53f6,592,TRT000180,52,0,81,29,66,12,65,10,3197,265,3226,294,3211,277,3210,275
TRT000180-TEMP000003,land,#fa770e,318,TRT000180,32,12,61,27,46,20,47,21,3177,277,3206,292,3191,285,3192,286
TRT000180-TEMP000004,land,#a5a471,859,TRT000180,72,6,112,36,92,22,90,21,3217,271,3257,301,3237,287,3235,286
TRT000181-TEMP000001,land,#ddd041,316,TRT000181,0,0,62,54,31,24,31,24,718,266,780,320,749,290,749,290
TRT000182-TEMP000001,land,#f94687,56,TRT000182,0,0,14,9,8,5,8,5,2966,271,2980,280,2974,276,2974,276
TRT000183-TEMP000001,ocean,#22268e,51,TRT000183,0,0,15,24,9,10,9,10,692,267,707,291,701,277,701,277
TRT000184-TEMP000001,land,#beabb7,566,TRT000184,0,0,42,36,18,17,18,17,2944,279,2986,315,2962,296,2962,296
TRT000185-TEMP000001,land,#9ef441,859,TRT000185,0,0,38,33,22,13,24,14,3146,290,3184,323,3168,303,3170,304
TRT000185-TEMP000002,land,#71a674,520,TRT000185,38,0,63,25,50,12,52,12,3184,290,3209,315,3196,302,3198,302
TRT000185-TEMP000003,land,#5e5171,364,TRT000185,63,4,86,28,73,15,74,14,3209,294,3232,318,3219,305,3220,304
TRT000185-TEMP000004,land,#5a4b1d,493,TRT000185,35,20,71,39,53,30,56,30,3181,310,3217,329,3199,320,3202,320
TRT000186-TEMP000001,land,#1bbe4c,853,TRT000186,0,0,41,27,18,14,17,14,3258,295,3299,322,3276,309,3275,309
TRT000186-TEMP000002,land,#7b4630,466,TRT000186,11,26,32,51,22,38,20,39,3269,321,3290,346,3280,333,3278,334
TRT000186-TEMP000003,land,#ef916f,652,TRT000186,31,14,67,48,45,35,44,35,3289,309,3325,343,3303,330,3302,330
TRT000186-TEMP000004,land,#fe7299,559,TRT000186,24,45,53,75,36,58,36,58,3282,340,3311,370,3294,353,3294,353
TRT000186-TEMP000005,land,#4144e3,497,TRT000186,0,50,26,73,13,62,13,62,3258,345,3284,368,3271,357,3271,357
TRT000186-TEMP000006,land,#b9e692,351,TRT000186,0,23,14,54,5,39,5,41,3258,318,3272,349,3263,334,3263,336
TRT000187-TEMP000001,land,#77c7a3,782,TRT000187,0,33,32,71,17,51,18,51,3180,327,3212,365,3197,345,3198,345
TRT000187-TEMP000002,land,#5cb31b,423,TRT000187,45,30,76,56,58,43,58,43,3225,324,3256,350,3238,337,3238,337
TRT000187-TEMP000003,land,#cfc700,415,TRT000187,50,0,77,24,64,12,64,12,3230,294,3257,318,3244,306,3244,306
TRT000187-TEMP000004,land,#64e329,513,TRT000187,25,16,57,44,43,31,44,30,3205,310,3237,338,3223,325,3224,324
TRT000187-TEMP000005,land,#4b735d,500,TRT000187,54,44,77,72,67,60,68,59,3234,338,3257,366,3247,354,3248,353
TRT000187-TEMP000006,land,#ed7b43,526,TRT000187,26,43,54,68,40,56,40,57,3206,337,3234,362,3220,350,3220,351
TRT000187-TEMP000007,land,#2229df,356,TRT000187,57,16,77,43,70,29,71,27,3237,310,3257,337,3250,323,3251,321
TRT000188-TEMP000001,ocean,#2b4765,65,TRT000188,0,0,23,26,11,13,11,13,726,288,749,314,737,301,737,301
TRT000189-TEMP000001,ocean,#153f83,99,TRT000189,0,0,32,15,15,6,15,6,269,297,301,312,284,303,284,303
TRT000190-TEMP000001,land,#cd1916,85,TRT000190,0,0,18,16,10,7,10,7,2990,298,3008,314,3000,305,3000,305
TRT000191-TEMP000001,lake,#120771,669,TRT000191,0,0,93,67,59,37,59,37,4443,300,4536,367,4502,337,4502,337
TRT000192-TEMP000001,land,#c2814d,304,TRT000192,0,0,46,14,24,8,24,8,3126,308,3172,322,3150,316,3150,316
TRT000193-TEMP000001,land,#a73879,322,TRT000193,0,0,38,19,19,10,19,10,2690,308,2728,327,2709,318,2709,318
TRT000194-TEMP000001,ocean,#2913a4,68,TRT000194,0,0,24,9,12,4,12,4,234,312,258,321,246,316,246,316
TRT000195-TEMP000001,ocean,#202f6c,73,TRT000195,0,0,20,17,9,10,9,10,2971,305,2991,322,2980,315,2980,315
TRT000196-TEMP000001,land,#92ae3e,536,TRT000196,3,20,36,48,21,32,20,32,2953,331,2986,359,2971,343,2970,343
TRT000196-TEMP000002,land,#bbe255,573,TRT000196,0,0,36,26,16,14,17,14,2950,311,2986,337,2966,325,2967,325
TRT000196-TEMP000003,land,#a256d6,714,TRT000196,34,10,69,45,50,25,50,26,2984,321,3019,356,3000,336,3000,337
TRT000196-TEMP000004,land,#7286b8,600,TRT000196,17,35,51,63,35,49,34,50,2967,346,3001,374,2985,360,2984,361
TRT000197-TEMP000001,land,#edf21b,485,TRT000197,27,46,54,74,37,59,38,59,2937,378,2964,406,2947,391,2948,391
TRT000197-TEMP000002,land,#926a70,511,TRT000197,1,48,26,73,15,60,15,59,2911,380,2936,405,2925,392,2925,391
TRT000197-TEMP000003,land,#3e9b69,584,TRT000197,38,14,65,50,50,34,50,33,2948,346,2975,382,2960,366,2960,365
TRT000197-TEMP000004,land,#04951c,419,TRT000197,0,24,21,50,11,38,10,38,2910,356,2931,382,2921,370,2920,370
TRT000197-TEMP000005,land,#c2e5c5,455,TRT000197,20,27,42,51,30,38,30,39,2930,359,2952,383,2940,370,2940,371
TRT000197-TEMP000006,land,#12e224,697,TRT000197,14,0,48,26,30,13,29,14,2924,332,2958,358,2940,345,2939,346
TRT000198-TEMP000001,land,#8fb4fd,580,TRT000198,13,17,50,39,31,26,32,25,3006,338,3043,360,3024,347,3025,346
TRT000198-TEMP000002,land,#d9bd42,312,TRT000198,20,0,47,16,33,10,32,9,3013,321,3040,337,3026,331,3025,330
TRT000198-TEMP000003,land,#4388b3,764,TRT000198,0,30,31,66,16,49,17,48,2993,351,3024,387,3009,370,3010,369
TRT000198-TEMP000004,land,#799813,567,TRT000198,30,29,57,59,43,45,43,45,3023,350,3050,380,3036,366,3036,366
TRT000199-TEMP000001,land,#b21c2c,606,TRT000199,35,20,60,54,47,34,47,30,2969,392,2994,426,2981,406,2981,402
TRT000199-TEMP000002,land,#38b76f,670,TRT000199,0,37,50,60,26,49,27,48,2934,409,2984,432,2960,421,2961,420
TRT000199-TEMP000003,land,#82f292,864,TRT000199,51,28,98,59,73,43,72,43,2985,400,3032,431,3007,415,3006,415
TRT000199-TEMP000004,land,#c4c968,482,TRT000199,3,15,34,45,22,32,22,31,2937,387,2968,417,2956,404,2956,403
TRT000199-TEMP000005,land,#38e96e,455,TRT000199,28,0,59,21,44,11,45,10,2962,372,2993,393,2978,383,2979,382
TRT000199-TEMP000006,land,#706258,436,TRT000199,53,4,79,32,65,20,65,19,2987,376,3013,404,2999,392,2999,391
TRT000200-TEMP000001,land,#439045,618,TRT000200,63,5,87,41,77,23,77,23,3101,320,3125,356,3115,338,3115,338
TRT000200-TEMP000002,land,#ff61d7,633,TRT000200,36,21,69,49,52,35,52,34,3074,336,3107,364,3090,350,3090,349
TRT000200-TEMP000003,land,#80666a,670,TRT000200,7,30,41,58,24,44,24,44,3045,345,3079,373,3062,359,3062,359
TRT000200-TEMP000004,land,#bd6601,524,TRT000200,23,2,50,31,38,16,38,15,3061,317,3088,346,3076,331,3076,330
TRT000200-TEMP000005,land,#67f464,457,TRT000200,47,0,74,23,59,10,60,10,3085,315,3112,338,3097,325,3098,325
TRT000200-TEMP000006,land,#a916e4,588,TRT000200,0,10,30,39,14,24,15,24,3038,325,3068,354,3052,339,3053,339
TRT000201-TEMP000001,land,#fe4c3f,506,TRT000201,0,0,25,24,12,11,12,10,3125,321,3150,345,3137,332,3137,331
TRT000201-TEMP000002,land,#241d7e,592,TRT000201,0,18,33,40,18,30,17,30,3125,339,3158,361,3143,351,3142,351
TRT000201-TEMP000003,land,#b07033,617,TRT000201,26,1,59,25,40,11,39,11,3151,322,3184,346,3165,332,3164,332
TRT000201-TEMP000004,land,#0cef10,681,TRT000201,33,13,65,45,49,30,49,29,3158,334,3190,366,3174,351,3174,350
TRT000202-TEMP000001,land,#aa0c97,583,TRT000202,43,25,78,52,64,37,63,37,3094,375,3129,402,3115,387,3114,387
TRT000202-TEMP000002,land,#2e8293,541,TRT000202,35,7,60,38,47,21,48,20,3086,357,3111,388,3098,371,3099,370
TRT000202-TEMP000003,land,#a3c115,467,TRT000202,57,0,78,28,69,14,70,14,3108,350,3129,378,3120,364,3121,364
TRT000202-TEMP000004,land,#86bf5f,502,TRT000202,0,13,40,38,25,26,25,26,3051,363,3091,388,3076,376,3076,376
TRT000203-TEMP000001,land,#190c45,452,TRT000203,16,24,47,46,32,34,33,35,3145,383,3176,405,3161,393,3162,394
TRT000203-TEMP000002,land,#84f64a,701,TRT000203,0,0,22,43,9,23,9,23,3129,359,3151,402,3138,382,3138,382
TRT000203-TEMP000003,land,#1c090d,492,TRT000203,12,3,41,25,27,13,28,14,3141,362,3170,384,3156,372,3157,373
TRT000203-TEMP000004,land,#2e5c58,481,TRT000203,39,5,64,32,50,18,50,18,3168,364,3193,391,3179,377,3179,377
TRT000204-TEMP000001,land,#98f265,665,TRT000204,0,26,43,50,22,39,24,39,2655,342,2698,366,2677,355,2679,355
TRT000204-TEMP000002,land,#04910e,598,TRT000204,4,0,35,30,21,16,19,18,2659,316,2690,346,2676,332,2674,334
TRT000204-TEMP000003,land,#896eee,872,TRT000204,33,6,66,40,49,23,48,22,2688,322,2721,356,2704,339,2703,338
TRT000205-TEMP000001,land,#1e854f,1368,TRT000205,14,37,61,79,39,59,38,58,3851,347,3898,389,3876,369,3875,368
TRT000205-TEMP000002,land,#f8acf8,1407,TRT000205,1,0,55,38,33,20,34,18,3838,310,3892,348,3870,330,3871,328
TRT000205-TEMP000003,land,#aac577,1273,TRT000205,0,19,29,79,11,49,11,47,3837,329,3866,389,3848,359,3848,357
TRT000206-TEMP000001,land,#84b889,1372,TRT000206,34,33,84,75,55,52,55,52,3867,419,3917,461,3888,438,3888,438
TRT000206-TEMP000002,land,#46edcb,1198,TRT000206,0,59,45,99,19,77,20,77,3833,445,3878,485,3852,463,3853,463
TRT000206-TEMP000003,land,#c75cd3,1351,TRT000206,4,0,48,40,27,18,28,19,3837,386,3881,426,3860,404,3861,405
TRT000206-TEMP000004,land,#11fea8,1038,TRT000206,0,26,35,66,15,47,14,48,3833,412,3868,452,3848,433,3847,434
TRT000206-TEMP000005,land,#88fdf6,1250,TRT000206,47,0,84,45,64,20,65,21,3880,386,3917,431,3897,406,3898,407
TRT000207-TEMP000001,land,#255411,1125,TRT000207,37,28,76,77,54,54,56,55,3924,334,3963,383,3941,360,3943,361
TRT000207-TEMP000002,land,#a9d57e,1723,TRT000207,0,0,55,42,25,22,26,22,3887,306,3942,348,3912,328,3913,328
TRT000207-TEMP000003,land,#133f7c,1150,TRT000207,54,18,102,60,78,39,78,38,3941,324,3989,366,3965,345,3965,344
TRT000207-TEMP000004,land,#730ed0,1382,TRT000207,7,43,45,89,25,64,25,63,3894,349,3932,395,3912,370,3912,369
TRT000208-TEMP000001,land,#25a45c,1457,TRT000208,0,25,58,74,31,50,31,50,3833,464,3891,513,3864,489,3864,489
TRT000208-TEMP000002,land,#5bd825,1218,TRT000208,58,43,105,82,79,60,81,61,3891,482,3938,521,3912,499,3914,500
TRT000208-TEMP000003,land,#72f020,1552,TRT000208,45,0,99,47,74,25,74,26,3878,439,3932,486,3907,464,3907,465
TRT000208-TEMP000004,land,#fe5ff6,1238,TRT000208,17,53,70,97,47,76,47,76,3850,492,3903,536,3880,515,3880,515
TRT000208-TEMP000005,land,#31b34f,1333,TRT000208,90,13,131,65,109,40,110,39,3923,452,3964,504,3942,479,3943,478
TRT000208-TEMP000006,land,#eb9a5b,928,TRT000208,119,37,176,68,145,53,144,54,3952,476,4009,507,3978,492,3977,493
TRT000209-TEMP000001,land,#516cb6,1337,TRT000209,0,55,47,97,23,72,25,70,3913,411,3960,453,3936,428,3938,426
TRT000209-TEMP000002,land,#eee760,1328,TRT000209,45,40,85,85,67,61,68,59,3958,396,3998,441,3980,417,3981,415
TRT000209-TEMP000003,land,#0eecce,1090,TRT000209,26,67,76,113,48,90,50,89,3939,423,3989,469,3961,446,3963,445
TRT000209-TEMP000004,land,#1d9432,1319,TRT000209,37,0,80,43,62,23,62,23,3950,356,3993,399,3975,379,3975,379
TRT000209-TEMP000005,land,#3874e3,956,TRT000209,44,86,90,131,71,113,71,113,3957,442,4003,487,3984,469,3984,469
TRT000209-TEMP000006,land,#87ea45,1243,TRT000209,0,21,48,56,25,42,24,41,3913,377,3961,412,3938,398,3937,397
TRT000210-TEMP000001,land,#0fa146,838,TRT000210,68,16,114,51,90,33,89,33,4132,387,4178,422,4154,404,4153,404
TRT000210-TEMP000002,land,#6bb6ef,1325,TRT000210,14,41,56,95,36,64,37,63,4078,412,4120,466,4100,435,4101,434
TRT000210-TEMP000003,land,#3476f6,1258,TRT000210,33,4,72,45,52,23,51,23,4097,375,4136,416,4116,394,4115,394
TRT000210-TEMP000004,land,#26852c,929,TRT000210,53,35,93,68,72,53,73,54,4117,406,4157,439,4136,424,4137,425
TRT000210-TEMP000005,land,#e911a6,1323,TRT000210,0,0,35,52,18,26,18,27,4064,371,4099,423,4082,397,4082,398
TRT000211-TEMP000001,land,#39ce3f,1327,TRT000211,3,3,49,44,28,25,29,25,3996,404,4042,445,4021,426,4022,426
TRT000211-TEMP000002,land,#d38bdb,1490,TRT000211,47,0,90,48,65,25,66,27,4040,401,4083,449,4058,426,4059,428
TRT000211-TEMP000003,land,#a54f4f,1435,TRT000211,48,40,105,78,74,58,73,61,4041,441,4098,479,4067,459,4066,462
TRT000211-TEMP000004,land,#284ca5,1406,TRT000211,0,37,49,79,24,57,24,57,3993,438,4042,480,4017,458,4017,458
TRT000211-TEMP000005,land,#ff306d,859,TRT000211,51,77,87,109,68,92,70,94,4044,478,4080,510,4061,493,4063,495
TRT000211-TEMP000006,land,#2a781e,1204,TRT000211,9,65,55,101,34,85,35,86,4002,466,4048,502,4027,486,4028,487
TRT000212-TEMP000001,land,#28418f,1478,TRT000212,12,41,43,94,27,67,25,64,3994,364,4025,417,4009,390,4007,387
TRT000212-TEMP000002,land,#97d457,1420,TRT000212,43,43,90,87,64,64,62,65,4025,366,4072,410,4046,387,4044,388
TRT000212-TEMP000003,land,#6e6d42,1087,TRT000212,30,11,76,53,50,34,51,33,4012,334,4058,376,4032,357,4033,356
TRT000212-TEMP000004,land,#007800,1191,TRT000212,0,0,42,42,21,20,21,19,3982,323,4024,365,4003,343,4003,342
TRT000213-TEMP000001,lake,#1d0db3,433,TRT000213,0,0,37,35,17,17,17,17,1263,328,1300,363,1280,345,1280,345
TRT000214-TEMP000001,ocean,#3b2899,1790,TRT000214,0,0,40,122,16,54,16,54,5034,331,5074,453,5050,385,5050,385
TRT000215-TEMP000001,land,#051d76,1253,TRT000215,0,29,38,77,16,51,16,49,3683,402,3721,450,3699,424,3699,422
TRT000215-TEMP000002,land,#095613,1080,TRT000215,0,0,46,33,20,16,21,15,3683,373,3729,406,3703,389,3704,388
TRT000215-TEMP000003,land,#92ce52,1440,TRT000215,21,51,74,90,47,71,48,71,3704,424,3757,463,3730,444,3731,444
TRT000215-TEMP000004,land,#78b241,1101,TRT000215,28,1,64,51,47,31,47,31,3711,374,3747,424,3730,404,3730,404
TRT000215-TEMP000005,land,#f35602,999,TRT000215,58,28,100,71,78,47,79,46,3741,401,3783,444,3761,420,3762,419
TRT000215-TEMP000006,land,#fffa65,792,TRT000215,51,5,91,34,72,19,72,19,3734,378,3774,407,3755,392,3755,392
TRT000216-TEMP000001,land,#297733,1471,TRT000216,61,0,103,46,83,21,84,22,3606,364,3648,410,3628,385,3629,386
TRT000216-TEMP000002,land,#e299ec,1278,TRT000216,74,40,116,85,94,60,96,61,3619,404,3661,449,3639,424,3641,425
TRT000216-TEMP000003,land,#4f6d6a,1074,TRT000216,102,3,137,42,118,25,120,24,3647,367,3682,406,3663,389,3665,388
TRT000216-TEMP000004,land,#466b0d,925,TRT000216,108,38,137,79,124,56,125,55,3653,402,3682,443,3669,420,3670,419
TRT000216-TEMP000005,land,#1d6ea6,1246,TRT000216,33,4,72,47,52,29,51,31,3578,368,3617,411,3597,393,3596,395
TRT000216-TEMP000006,land,#2fe4dd,1229,TRT000216,28,46,75,83,53,63,53,64,3573,410,3620,447,3598,427,3598,428
TRT000216-TEMP000007,land,#15e0d2,1124,TRT000216,0,20,38,64,20,43,19,43,3545,384,3583,428,3565,407,3564,407
TRT000217-TEMP000001,land,#dd02ee,1432,TRT000217,62,6,92,78,80,41,78,41,3804,419,3834,491,3822,454,3820,454
TRT000217-TEMP000002,land,#125a77,1404,TRT000217,23,0,77,39,49,19,47,19,3765,413,3819,452,3791,432,3789,432
TRT000217-TEMP000003,land,#f5ce4b,1306,TRT000217,28,40,78,79,52,61,49,60,3770,453,3820,492,3794,474,3791,473
TRT000217-TEMP000004,land,#9145c1,906,TRT000217,0,22,40,64,22,44,19,45,3742,435,3782,477,3764,457,3761,458
TRT000218-TEMP000001,land,#f928c2,1141,TRT000218,0,25,48,63,26,44,26,45,3759,343,3807,381,3785,362,3785,363
TRT000218-TEMP000002,land,#8a964c,1364,TRT000218,47,57,77,102,62,79,62,78,3806,375,3836,420,3821,397,3821,396
TRT000218-TEMP000003,land,#b54d29,940,TRT000218,14,4,67,37,40,18,41,18,3773,322,3826,355,3799,336,3800,336
TRT000218-TEMP000004,land,#7e4c74,1326,TRT000218,45,0,82,56,65,33,64,35,3804,318,3841,374,3824,351,3823,353
TRT000218-TEMP000005,land,#dbd65e,1082,TRT000218,9,59,46,99,31,77,32,78,3768,377,3805,417,3790,395,3791,396
TRT000219-TEMP000001,land,#a9719f,1113,TRT000219,0,16,54,63,30,41,29,40,3603,449,3657,496,3633,474,3632,473
TRT000219-TEMP000002,land,#5f0cff,1913,TRT000219,49,0,112,50,76,26,76,28,3652,433,3715,483,3679,459,3679,461
TRT000219-TEMP000003,land,#08fa30,1133,TRT000219,18,40,66,85,46,62,45,61,3621,473,3669,518,3649,495,3648,494
TRT000219-TEMP000004,land,#9dbb37,1026,TRT000219,58,50,89,94,77,70,77,72,3661,483,3692,527,3680,503,3680,505
TRT000220-TEMP000001,land,#37fa95,586,TRT000220,0,1,32,34,17,18,19,15,2878,337,2910,370,2895,354,2897,351
TRT000220-TEMP000002,land,#c8d4e8,623,TRT000220,21,0,50,42,35,17,34,20,2899,336,2928,378,2913,353,2912,356
TRT000221-TEMP000001,land,#9fdf0d,392,TRT000221,57,17,83,45,70,28,70,27,3344,371,3370,399,3357,382,3357,381
TRT000221-TEMP000002,land,#9b66c7,647,TRT000221,4,21,41,48,25,36,26,35,3291,375,3328,402,3312,390,3313,389
TRT000221-TEMP000003,land,#ad0f9b,605,TRT000221,40,26,71,54,54,40,55,39,3327,380,3358,408,3341,394,3342,393
TRT000221-TEMP000004,land,#cdbbc6,517,TRT000221,25,0,48,29,38,13,40,12,3312,354,3335,383,3325,367,3327,366
TRT000221-TEMP000005,land,#cc207c,377,TRT000221,49,0,66,25,56,12,57,12,3336,354,3353,379,3343,366,3344,366
TRT000221-TEMP000006,land,#b26c77,598,TRT000221,0,3,28,36,13,19,14,18,3287,357,3315,390,3300,373,3301,372
TRT000222-TEMP000001,land,#f79586,600,TRT000222,39,25,73,54,53,37,55,36,3256,386,3290,415,3270,398,3272,397
TRT000222-TEMP000002,land,#25b48c,495,TRT000222,9,5,39,34,26,23,26,22,3226,366,3256,395,3243,384,3243,383
TRT000222-TEMP000003,land,#f0073c,444,TRT000222,30,4,54,30,43,15,44,15,3247,365,3271,391,3260,376,3261,376
TRT000222-TEMP000004,land,#bad6a5,359,TRT000222,54,5,73,31,63,18,63,16,3271,366,3290,392,3280,379,3280,377
TRT000222-TEMP000005,land,#76c21d,705,TRT000222,7,32,43,57,25,44,25,44,3224,393,3260,418,3242,405,3242,405
TRT000222-TEMP000006,land,#d48258,463,TRT000222,0,0,26,31,12,12,12,11,3217,361,3243,392,3229,373,3229,372
TRT000223-TEMP000001,land,#3665e7,642,TRT000223,23,0,58,27,40,12,40,12,3186,360,3221,387,3203,372,3203,372
TRT000223-TEMP000002,land,#9d5ef7,614,TRT000223,18,25,45,62,31,42,32,43,3181,385,3208,422,3194,402,3195,403
TRT000223-TEMP000003,land,#2a57d7,507,TRT000223,35,43,65,65,51,54,51,54,3198,403,3228,425,3214,414,3214,414
TRT000223-TEMP000004,land,#9eacda,479,TRT000223,36,15,63,42,51,31,51,31,3199,375,3226,402,3214,391,3214,391
TRT000223-TEMP000005,land,#497b0c,529,TRT000223,0,29,28,62,14,49,14,48,3163,389,3191,422,3177,409,3177,408
TRT000224-TEMP000001,land,#ed70d3,518,TRT000224,41,26,69,56,56,39,56,37,3396,405,3424,435,3411,418,3411,416
TRT000224-TEMP000002,land,#734ae4,481,TRT000224,66,16,89,45,77,31,77,31,3421,395,3444,424,3432,410,3432,410
TRT000224-TEMP000003,land,#7aff84,633,TRT000224,25,5,47,35,35,20,35,20,3380,384,3402,414,3390,399,3390,399
TRT000224-TEMP000004,land,#4e80ab,590,TRT000224,25,34,54,63,37,49,38,49,3380,413,3409,442,3392,428,3393,428
TRT000224-TEMP000005,land,#3b3f5b,761,TRT000224,0,35,27,73,14,51,14,50,3355,414,3382,452,3369,430,3369,429
TRT000224-TEMP000006,land,#ee4424,628,TRT000224,0,0,24,34,14,21,14,20,3355,379,3379,413,3369,400,3369,399
TRT000224-TEMP000007,land,#978385,389,TRT000224,47,6,75,28,59,19,60,18,3402,385,3430,407,3414,398,3415,397
TRT000225-TEMP000001,land,#4be486,600,TRT000225,46,27,71,58,59,43,59,43,3335,422,3360,453,3348,438,3348,438
TRT000225-TEMP000002,land,#bf05db,596,TRT000225,10,14,44,45,27,30,29,30,3299,409,3333,440,3316,425,3318,425
TRT000225-TEMP000003,land,#2e4754,619,TRT000225,36,7,68,33,51,19,52,19,3325,402,3357,428,3340,414,3341,414
TRT000225-TEMP000004,land,#7ebf29,573,TRT000225,0,0,35,29,16,13,16,13,3289,395,3324,424,3305,408,3305,408
TRT000225-TEMP000005,land,#26d8fc,458,TRT000225,15,34,48,56,35,46,35,47,3304,429,3337,451,3324,441,3324,442
TRT000226-TEMP000001,land,#47c2d8,342,TRT000226,0,47,33,65,16,56,16,56,3259,446,3292,464,3275,455,3275,455
TRT000226-TEMP000002,land,#93aa18,538,TRT000226,16,19,45,52,32,36,32,35,3275,418,3304,451,3291,435,3291,434
TRT000226-TEMP000003,land,#3fcae9,599,TRT000226,0,0,37,31,21,15,21,15,3259,399,3296,430,3280,414,3280,414
TRT000227-TEMP000001,land,#f281b1,1224,TRT000227,42,25,90,63,66,46,64,46,1929,393,1977,431,1953,414,1951,414
TRT000227-TEMP000002,land,#aaf1d0,1682,TRT000227,0,0,55,60,31,35,31,35,1887,368,1942,428,1918,403,1918,403
TRT000228-TEMP000001,land,#5625d5,715,TRT000228,0,0,59,30,32,13,32,13,2856,367,2915,397,2888,380,2888,380
TRT000229-TEMP000001,land,#fd6f47,684,TRT000229,42,0,68,35,54,18,54,18,3050,375,3076,410,3062,393,3062,393
TRT000229-TEMP000002,land,#ad50ce,712,TRT000229,20,0,44,37,32,19,32,19,3028,375,3052,412,3040,394,3040,394
TRT000229-TEMP000003,land,#be951c,401,TRT000229,0,4,24,31,13,17,12,17,3008,379,3032,406,3021,392,3020,392
TRT000229-TEMP000004,land,#57cbf7,591,TRT000229,65,10,101,35,80,23,80,23,3073,385,3109,410,3088,398,3088,398
TRT000230-TEMP000001,land,#0d9f6d,1787,TRT000230,45,0,106,53,73,30,72,30,4524,418,4585,471,4552,448,4551,448
TRT000230-TEMP000002,land,#d2107a,1248,TRT000230,42,48,89,90,63,69,64,69,4521,466,4568,508,4542,487,4543,487
TRT000230-TEMP000003,land,#05ff30,1219,TRT000230,11,23,59,73,38,49,38,51,4490,441,4538,491,4517,467,4517,469
TRT000230-TEMP000004,land,#23fc5b,1328,TRT000230,0,50,42,95,19,75,18,75,4479,468,4521,513,4498,493,4497,493
TRT000231-TEMP000001,land,#b7c35f,1836,TRT000231,46,4,89,75,69,39,69,39,4601,391,4644,462,4624,426,4624,426
TRT000231-TEMP000002,land,#351f17,907,TRT000231,85,35,138,62,109,48,108,48,4640,422,4693,449,4664,435,4663,435
TRT000231-TEMP000003,land,#dedfe6,1739,TRT000231,0,0,63,41,30,21,32,19,4555,387,4618,428,4585,408,4587,406
TRT000231-TEMP000004,land,#f37d14,1718,TRT000231,6,38,65,85,37,60,35,57,4561,425,4620,472,4592,447,4590,444
TRT000232-TEMP000001,land,#384a8b,1336,TRT000232,0,30,40,90,23,55,23,56,4441,413,4481,473,4464,438,4464,439
TRT000232-TEMP000002,land,#c15563,1519,TRT000232,37,31,81,91,55,59,55,58,4478,414,4522,474,4496,442,4496,441
TRT000232-TEMP000003,land,#34b77f,1856,TRT000232,5,0,65,40,34,19,35,19,4446,383,4506,423,4475,402,4476,402
TRT000232-TEMP000004,land,#c90edd,1423,TRT000232,60,11,113,57,86,33,88,33,4501,394,4554,440,4527,416,4529,416
TRT000233-TEMP000001,land,#42819f,1517,TRT000233,103,35,138,91,122,64,123,64,4445,465,4480,521,4464,494,4465,494
TRT000233-TEMP000002,land,#65ca2c,1472,TRT000233,55,46,111,91,87,69,89,70,4397,476,4453,521,4429,499,4431,500
TRT000233-TEMP000003,land,#bbc4e9,1604,TRT000233,73,0,125,49,98,25,99,25,4415,430,4467,479,4440,455,4441,455
TRT000233-TEMP000004,land,#5671f7,1759,TRT000233,37,11,86,70,62,39,64,40,4379,441,4428,500,4404,469,4406,470
TRT000233-TEMP000005,land,#301d5d,1898,TRT000233,0,25,54,76,27,55,27,55,4342,455,4396,506,4369,485,4369,485
TRT000234-TEMP000001,land,#bfb9b9,2068,TRT000234,55,30,110,87,82,59,80,60,4392,388,4447,445,4419,417,4417,418
TRT000234-TEMP000002,land,#d8d046,1570,TRT000234,0,44,55,77,30,60,30,62,4337,402,4392,435,4367,418,4367,420
TRT000234-TEMP000003,land,#f7647b,1467,TRT000234,47,6,105,51,66,28,66,28,4384,364,4442,409,4403,386,4403,386
TRT000234-TEMP000004,land,#5fc675,1508,TRT000234,0,0,48,46,28,25,28,26,4337,358,4385,404,4365,383,4365,384
TRT000234-TEMP000005,land,#0443b3,1073,TRT000234,11,75,62,106,32,88,29,90,4348,433,4399,464,4369,446,4366,448
TRT000235-TEMP000001,land,#a99be9,1190,TRT000235,41,0,83,41,64,19,64,18,4232,378,4274,419,4255,397,4255,396
TRT000235-TEMP000002,land,#f02280,1429,TRT000235,0,10,56,60,31,33,33,34,4191,388,4247,438,4222,411,4224,412
TRT000235-TEMP000003,land,#148152,1538,TRT000235,49,33,106,72,75,53,78,53,4240,411,4297,450,4266,431,4269,431
TRT000235-TEMP000004,land,#f4f104,2051,TRT000235,105,13,156,68,131,45,131,43,4296,391,4347,446,4322,423,4322,421
TRT000235-TEMP000005,land,#cb893c,1569,TRT000235,45,61,111,100,83,79,83,80,4236,439,4302,478,4274,457,4274,458
TRT000235-TEMP000006,land,#16bdc4,1263,TRT000235,81,3,126,47,100,23,99,22,4272,381,4317,425,4291,401,4290,400
TRT000235-TEMP000007,land,#64d940,2410,TRT000235,108,66,162,126,136,93,136,92,4299,444,4353,504,4327,471,4327,470
TRT000236-TEMP000001,land,#ca7421,546,TRT000236,60,22,91,47,74,34,75,33,2847,396,2878,421,2861,408,2862,407
TRT000236-TEMP000002,land,#819dcc,792,TRT000236,30,18,59,52,44,35,44,35,2817,392,2846,426,2831,409,2831,409
TRT000236-TEMP000003,land,#65e00f,412,TRT000236,71,5,97,29,83,17,82,15,2858,379,2884,403,2870,391,2869,389
TRT000236-TEMP000004,land,#9c0753,517,TRT000236,45,0,71,30,61,14,60,14,2832,374,2858,404,2848,388,2847,388
TRT000236-TEMP000005,land,#d9733c,335,TRT000236,0,21,31,45,18,31,18,31,2787,395,2818,419,2805,405,2805,405
TRT000237-TEMP000001,land,#8aa6d0,751,TRT000237,27,0,57,36,42,18,41,19,2854,414,2884,450,2869,432,2868,433
TRT000237-TEMP000002,land,#3cc8c3,415,TRT000237,3,23,28,44,16,33,15,33,2830,437,2855,458,2843,447,2842,447
TRT000237-TEMP000003,land,#061448,434,TRT000237,0,4,29,25,15,15,14,15,2827,418,2856,439,2842,429,2841,429
TRT000237-TEMP000004,land,#61e896,481,TRT000237,23,29,55,55,37,40,35,42,2850,443,2882,469,2864,454,2862,456
TRT000237-TEMP000005,land,#36fd5c,350,TRT000237,8,43,32,65,20,53,19,54,2835,457,2859,479,2847,467,2846,468
TRT000238-TEMP000001,land,#976f5e,559,TRT000238,37,21,66,48,54,32,55,31,2779,426,2808,453,2796,437,2797,436
TRT000238-TEMP000002,land,#fc0620,600,TRT000238,64,15,89,48,76,33,76,33,2806,420,2831,453,2818,438,2818,438
TRT000238-TEMP000003,land,#b50f21,477,TRT000238,52,46,74,82,63,62,62,63,2794,451,2816,487,2805,467,2804,468
TRT000238-TEMP000004,land,#1591cd,544,TRT000238,38,0,73,22,54,13,54,12,2780,405,2815,427,2796,418,2796,417
TRT000238-TEMP000005,land,#6ffeb9,570,TRT000238,0,4,38,27,22,14,22,14,2742,409,2780,432,2764,419,2764,419
TRT000238-TEMP000006,land,#7694cd,568,TRT000238,71,43,100,74,85,58,84,57,2813,448,2842,479,2827,463,2826,462
TRT000238-TEMP000007,land,#eb3e21,630,TRT000238,48,66,92,95,69,81,74,78,2790,471,2834,500,2811,486,2816,483
TRT000238-TEMP000008,land,#afae21,566,TRT000238,62,74,100,99,85,89,82,90,2804,479,2842,504,2827,494,2824,495
TRT000239-TEMP000001,land,#b900eb,596,TRT000239,0,12,25,48,12,30,12,29,2875,402,2900,438,2887,420,2887,419
TRT000239-TEMP000002,land,#109ece,706,TRT000239,9,40,50,71,29,55,28,54,2884,430,2925,461,2904,445,2903,444
TRT000239-TEMP000003,land,#0046eb,539,TRT000239,5,0,42,26,24,12,25,12,2880,390,2917,416,2899,402,2900,402
TRT000239-TEMP000004,land,#f6e148,433,TRT000239,40,10,68,40,53,23,54,23,2915,400,2943,430,2928,413,2929,413
TRT000239-TEMP000005,land,#34ddf4,523,TRT000239,25,18,52,47,38,34,38,33,2900,408,2927,437,2913,424,2913,423
TRT000240-TEMP000001,land,#bb57bb,539,TRT000240,18,21,50,49,33,35,33,37,2854,470,2886,498,2869,484,2869,486
TRT000240-TEMP000002,land,#7760b8,488,TRT000240,50,28,83,49,66,39,67,40,2886,477,2919,498,2902,488,2903,489
TRT000240-TEMP000003,land,#c434c5,561,TRT000240,25,0,54,33,43,18,43,18,2861,449,2890,482,2879,467,2879,467
TRT000240-TEMP000004,land,#5505fc,634,TRT000240,0,26,27,61,14,46,14,45,2836,475,2863,510,2850,495,2850,494
TRT000240-TEMP000005,land,#0b1ea1,551,TRT000240,53,1,80,29,64,16,64,17,2889,450,2916,478,2900,465,2900,466
TRT000240-TEMP000006,land,#67e688,479,TRT000240,70,10,98,46,83,29,83,28,2906,459,2934,495,2919,478,2919,477
TRT000241-TEMP000001,land,#916ece,570,TRT000241,0,0,74,39,37,19,37,19,815,378,889,417,852,397,852,397
TRT000242-TEMP000001,land,#df40ec,125,TRT000242,0,0,35,12,17,7,17,7,1814,392,1849,404,1831,399,1831,399
TRT000243-TEMP000001,land,#1113bb,843,TRT000243,0,0,42,28,23,15,23,15,3081,397,3123,425,3104,412,3104,412
TRT000243-TEMP000002,land,#cc6b21,616,TRT000243,42,3,86,22,62,11,61,11,3123,400,3167,419,3143,408,3142,408
TRT000244-TEMP000001,land,#23b70d,967,TRT000244,102,32,142,65,122,50,124,57,1755,434,1795,467,1775,452,1777,459
TRT000244-TEMP000002,land,#b723c6,1345,TRT000244,0,25,73,66,40,51,40,51,1653,427,1726,468,1693,453,1693,453
TRT000244-TEMP000003,land,#6069ab,2054,TRT000244,71,0,156,43,115,19,110,19,1724,402,1809,445,1768,421,1763,421
TRT000244-TEMP000004,land,#407a79,1738,TRT000244,126,23,202,89,158,61,158,50,1779,425,1855,491,1811,463,1811,452
TRT000245-TEMP000001,land,#010e63,549,TRT000245,65,17,104,39,84,29,87,29,3030,424,3069,446,3049,436,3052,436
TRT000245-TEMP000002,land,#6c6345,505,TRT000245,93,1,118,31,105,14,106,13,3058,408,3083,438,3070,421,3071,420
TRT000245-TEMP000003,land,#cfd18f,801,TRT000245,0,10,65,38,39,26,44,26,2965,417,3030,445,3004,433,3009,433
TRT000245-TEMP000004,land,#8a75cd,626,TRT000245,58,0,93,27,77,13,80,12,3023,407,3058,434,3042,420,3045,419
TRT000246-TEMP000001,lake,#3b296a,1303,TRT000246,66,1,117,37,88,21,89,22,1441,409,1492,445,1463,429,1464,430
TRT000246-TEMP000002,lake,#24006e,1161,TRT000246,0,0,67,35,42,20,44,19,1375,408,1442,443,1417,428,1419,427
TRT000247-TEMP000001,land,#23b173,592,TRT000247,64,0,102,30,81,11,82,11,3135,413,3173,443,3152,424,3153,424
TRT000247-TEMP000002,land,#c0d3d4,717,TRT000247,46,4,78,39,62,24,61,24,3117,417,3149,452,3133,437,3132,437
TRT000247-TEMP000003,land,#299f35,805,TRT000247,0,9,37,43,19,27,20,28,3071,422,3108,456,3090,440,3091,441
TRT000247-TEMP000004,land,#e7eaf0,588,TRT000247,26,6,54,41,41,22,40,19,3097,419,3125,454,3112,435,3111,432
TRT000248-TEMP000001,land,#a94e59,724,TRT000248,0,0,47,45,24,19,24,19,3237,415,3284,460,3261,434,3261,434
TRT000249-TEMP000001,land,#c92f53,471,TRT000249,16,33,42,61,31,45,30,45,3151,454,3177,482,3166,466,3165,466
TRT000249-TEMP000002,land,#721fff,851,TRT000249,41,28,70,66,54,47,53,46,3176,449,3205,487,3189,468,3188,467
TRT000249-TEMP000003,land,#c2e2b8,562,TRT000249,30,0,57,31,45,13,44,13,3165,421,3192,452,3180,434,3179,434
TRT000249-TEMP000004,land,#a7e4de,293,TRT000249,0,23,24,44,13,34,12,34,3135,444,3159,465,3148,455,3147,455
TRT000249-TEMP000005,land,#59f468,703,TRT000249,54,1,85,36,67,17,67,16,3189,422,3220,457,3202,438,3202,437
TRT000249-TEMP000006,land,#f267f6,460,TRT000249,16,5,43,34,29,23,29,23,3151,426,3178,455,3164,444,3164,444
TRT000250-TEMP000001,land,#533461,525,TRT000250,40,45,70,71,56,59,58,59,3235,462,3265,488,3251,476,3253,476
TRT000250-TEMP000002,land,#ec8094,668,TRT000250,35,20,62,53,49,36,48,37,3230,437,3257,470,3244,453,3243,454
TRT000250-TEMP000003,land,#6c2d72,619,TRT000250,21,0,57,28,38,14,39,14,3216,417,3252,445,3233,431,3234,431
TRT000250-TEMP000004,land,#5b6604,559,TRT000250,10,17,35,47,24,35,23,35,3205,434,3230,464,3219,452,3218,452
TRT000250-TEMP000005,land,#d41634,210,TRT000250,62,44,85,60,74,51,75,50,3257,461,3280,477,3269,468,3270,467
TRT000250-TEMP000006,land,#4f687b,781,TRT000250,0,46,39,72,20,59,22,59,3195,463,3234,489,3215,476,3217,476
TRT000251-TEMP000001,land,#79622e,126,TRT000251,0,0,22,20,11,11,11,11,1969,422,1991,442,1980,433,1980,433
TRT000252-TEMP000001,land,#762ef7,553,TRT000252,34,0,66,27,46,13,47,13,2946,426,2978,453,2958,439,2959,439
TRT000252-TEMP000002,land,#fb52f4,616,TRT000252,0,2,33,28,20,15,20,15,2912,428,2945,454,2932,441,2932,441
TRT000253-TEMP000001,ocean,#3b1b89,797,TRT000253,0,0,66,30,31,16,31,16,3361,434,3427,464,3392,450,3392,450
TRT000254-TEMP000001,land,#39359a,1118,TRT000254,13,49,52,93,33,71,32,72,4747,493,4786,537,4767,515,4766,516
TRT000254-TEMP000002,land,#4c45e8,717,TRT000254,0,77,41,111,18,95,18,96,4734,521,4775,555,4752,539,4752,540
TRT000254-TEMP000003,land,#a63fbc,1124,TRT000254,43,40,82,89,61,64,61,65,4777,484,4816,533,4795,508,4795,509
TRT000254-TEMP000004,land,#ee7b04,1507,TRT000254,24,0,68,52,43,29,43,30,4758,444,4802,496,4777,473,4777,474
TRT000255-TEMP000001,land,#a1ae23,1154,TRT000255,49,43,98,89,76,62,76,61,4817,397,4866,443,4844,416,4844,415
TRT000255-TEMP000002,land,#419ba5,1222,TRT000255,9,0,54,56,30,34,30,33,4777,354,4822,410,4798,388,4798,387
TRT000255-TEMP000003,land,#547706,1396,TRT000255,40,56,92,104,62,82,61,80,4808,410,4860,458,4830,436,4829,434
TRT000255-TEMP000004,land,#565986,1236,TRT000255,0,43,44,88,19,64,18,64,4768,397,4812,442,4787,418,4786,418
TRT000255-TEMP000005,land,#66f153,1173,TRT000255,0,73,52,112,29,93,30,93,4768,427,4820,466,4797,447,4798,447
TRT000255-TEMP000006,land,#72707c,935,TRT000255,93,62,157,93,125,76,122,77,4861,416,4925,447,4893,430,4890,431
TRT000256-TEMP000001,land,#e30fb1,989,TRT000256,5,48,48,88,26,66,26,67,4803,484,4846,524,4824,502,4824,503
TRT000256-TEMP000002,land,#83c245,1316,TRT000256,0,16,54,52,28,35,29,36,4798,452,4852,488,4826,471,4827,472
TRT000256-TEMP000003,land,#dd2561,1360,TRT000256,54,0,117,33,88,15,86,16,4852,436,4915,469,4886,451,4884,452
TRT000256-TEMP000004,land,#856091,1125,TRT000256,40,20,73,70,58,47,59,50,4838,456,4871,506,4856,483,4857,486
TRT000257-TEMP000001,land,#2f87c8,1595,TRT000257,13,0,67,46,42,23,41,23,4587,610,4641,656,4616,633,4615,633
TRT000257-TEMP000002,land,#c5567e,1141,TRT000257,56,14,106,60,79,40,79,39,4630,624,4680,670,4653,650,4653,649
TRT000257-TEMP000003,land,#01773f,1143,TRT000257,46,43,94,85,68,63,68,63,4620,653,4668,695,4642,673,4642,673
TRT000257-TEMP000004,land,#e8d736,1505,TRT000257,0,32,48,84,25,57,26,58,4574,642,4622,694,4599,667,4600,668
TRT000257-TEMP000005,land,#b90fb4,1053,TRT000257,20,64,74,97,47,84,49,85,4594,674,4648,707,4621,694,4623,695
TRT000258-TEMP000001,land,#f0a4ba,1168,TRT000258,45,43,90,89,65,66,66,67,4626,749,4671,795,4646,772,4647,773
TRT000258-TEMP000002,land,#5651d8,1334,TRT000258,7,2,52,46,30,25,32,27,4588,708,4633,752,4611,731,4613,733
TRT000258-TEMP000003,land,#ee267f,1155,TRT000258,40,0,81,44,60,22,60,20,4621,706,4662,750,4641,728,4641,726
TRT000258-TEMP000004,land,#ab4c68,1238,TRT000258,0,37,49,82,27,57,27,58,4581,743,4630,788,4608,763,4608,764
TRT000258-TEMP000005,land,#e2d788,1088,TRT000258,67,30,106,81,87,55,87,53,4648,736,4687,787,4668,761,4668,759
TRT000258-TEMP000006,land,#39ad2b,966,TRT000258,31,72,80,110,53,90,53,91,4612,778,4661,816,4634,796,4634,797
TRT000259-TEMP000001,land,#055464,1087,TRT000259,38,53,79,89,57,71,57,71,4546,630,4587,666,4565,648,4565,648
TRT000259-TEMP000002,land,#0426e2,948,TRT000259,16,30,54,67,36,47,36,47,4524,607,4562,644,4544,624,4544,624
TRT000259-TEMP000003,land,#5ab857,1195,TRT000259,13,0,66,31,40,14,39,14,4521,577,4574,608,4548,591,4547,591
TRT000259-TEMP000004,land,#4df463,1114,TRT000259,0,3,28,55,11,30,10,33,4508,580,4536,632,4519,607,4518,610
TRT000259-TEMP000005,land,#53200c,1163,TRT000259,51,12,91,60,69,39,69,39,4559,589,4599,637,4577,616,4577,616
TRT000259-TEMP000006,land,#d40c10,1195,TRT000259,0,54,38,90,18,74,19,75,4508,631,4546,667,4526,651,4527,652
TRT000260-TEMP000001,land,#757446,1087,TRT000260,12,0,53,43,35,22,34,22,4641,568,4682,611,4664,590,4663,590
TRT000260-TEMP000002,land,#71b5c7,1287,TRT000260,25,42,77,88,50,68,49,67,4654,610,4706,656,4679,636,4678,635
TRT000260-TEMP000003,land,#4a195b,936,TRT000260,51,13,106,47,73,28,72,29,4680,581,4735,615,4702,596,4701,597
TRT000260-TEMP000004,land,#af3c6e,939,TRT000260,0,24,43,64,20,44,18,43,4629,592,4672,632,4649,612,4647,611
TRT000261-TEMP000001,land,#fdd438,858,TRT000261,47,7,85,46,67,29,67,30,4687,661,4725,700,4707,683,4707,684
TRT000261-TEMP000002,land,#59dd6d,1516,TRT000261,0,24,49,75,26,50,27,50,4640,678,4689,729,4666,704,4667,704
TRT000261-TEMP000003,land,#94efe3,1188,TRT000261,21,61,67,115,45,83,46,83,4661,715,4707,769,4685,737,4686,737
TRT000261-TEMP000004,land,#613a75,996,TRT000261,23,0,68,39,47,17,48,16,4663,654,4708,693,4687,671,4688,670
TRT000261-TEMP000005,land,#2d3999,978,TRT000261,46,45,86,81,66,60,68,60,4686,699,4726,735,4706,714,4708,714
TRT000262-TEMP000001,land,#665593,1303,TRT000262,0,3,35,46,16,26,15,27,4515,668,4550,711,4531,691,4530,692
TRT000262-TEMP000002,land,#3cf786,971,TRT000262,1,46,34,89,14,62,12,65,4516,711,4549,754,4529,727,4527,730
TRT000262-TEMP000003,land,#2aedd4,1389,TRT000262,31,20,90,60,57,40,54,41,4546,685,4605,725,4572,705,4569,706
TRT000262-TEMP000004,land,#c48b27,1014,TRT000262,5,58,52,97,30,81,29,81,4520,723,4567,762,4545,746,4544,746
TRT000262-TEMP000005,land,#f1ea72,1069,TRT000262,41,43,90,87,63,65,63,66,4556,708,4605,752,4578,730,4578,731
TRT000262-TEMP000006,land,#044f77,1056,TRT000262,23,0,73,30,47,13,46,13,4538,665,4588,695,4562,678,4561,678
TRT000263-TEMP000001,land,#7a7a35,1269,TRT000263,39,0,81,45,56,22,57,23,4563,751,4605,796,4580,773,4581,774
TRT000263-TEMP000002,land,#d46876,1486,TRT000263,52,33,103,81,74,56,74,57,4576,784,4627,832,4598,807,4598,808
TRT000263-TEMP000003,land,#05edaa,1222,TRT000263,11,32,54,72,34,51,33,51,4535,783,4578,823,4558,802,4557,802
TRT000263-TEMP000004,land,#458492,1029,TRT000263,0,4,39,42,21,22,21,21,4524,755,4563,793,4545,773,4545,772
TRT000263-TEMP000005,land,#3cd3c7,983,TRT000263,10,60,55,104,26,79,25,79,4534,811,4579,855,4550,830,4549,830
TRT000264-TEMP000001,land,#154298,1270,TRT000264,38,19,79,68,59,44,59,45,4601,531,4642,580,4622,556,4622,557
TRT000264-TEMP000002,land,#23bdb9,1302,TRT000264,0,39,44,88,22,61,21,62,4563,551,4607,600,4585,573,4584,574
TRT000264-TEMP000003,land,#755a86,1446,TRT000264,21,64,76,105,48,85,47,87,4584,576,4639,617,4611,597,4610,599
TRT000264-TEMP000004,land,#ee96db,1115,TRT000264,65,28,115,81,85,51,84,54,4628,540,4678,593,4648,563,4647,566
TRT000264-TEMP000005,land,#def3c8,1271,TRT000264,12,0,57,46,34,24,34,25,4575,512,4620,558,4597,536,4597,537
TRT000265-TEMP000001,land,#1ef27d,1261,TRT000265,0,13,31,61,16,34,16,35,4489,509,4520,557,4505,530,4505,531
TRT000265-TEMP000002,land,#085abf,1144,TRT000265,30,9,65,53,46,32,46,34,4519,505,4554,549,4535,528,4535,530
TRT000265-TEMP000003,land,#446630,1277,TRT000265,11,50,61,83,36,68,37,69,4500,546,4550,579,4525,564,4526,565
TRT000265-TEMP000004,land,#35ad96,1207,TRT000265,52,0,101,38,76,20,75,19,4541,496,4590,534,4565,516,4564,515
TRT000265-TEMP000005,land,#4790e4,1120,TRT000265,52,37,91,80,70,56,72,55,4541,533,4580,576,4559,552,4561,551
TRT000266-TEMP000001,land,#d7ba5a,1903,TRT000266,72,0,118,62,99,34,97,33,4143,404,4189,466,4170,438,4168,437
TRT000266-TEMP000002,land,#30d1db,2167,TRT000266,52,55,107,112,81,84,80,83,4123,459,4178,516,4152,488,4151,487
TRT000266-TEMP000003,land,#3fc574,1888,TRT000266,115,0,169,57,139,34,137,31,4186,404,4240,461,4210,438,4208,435
TRT000266-TEMP000004,land,#aa70ee,2732,TRT000266,106,54,161,118,133,81,133,77,4177,458,4232,522,4204,485,4204,481
TRT000266-TEMP000005,land,#89d55e,1690,TRT000266,14,31,80,82,52,55,52,54,4085,435,4151,486,4123,459,4123,458
TRT000266-TEMP000006,land,#2465d1,2845,TRT000266,0,62,61,133,30,98,30,98,4071,466,4132,537,4101,502,4101,502
TRT000266-TEMP000007,land,#371a86,2828,TRT000266,52,99,132,162,91,127,93,126,4123,503,4203,566,4162,531,4164,530
TRT000267-TEMP000001,land,#080751,2770,TRT000267,57,47,123,118,92,83,95,84,4217,551,4283,622,4252,587,4255,588
TRT000267-TEMP000002,land,#57bd7e,2679,TRT000267,0,22,72,99,41,61,42,61,4160,526,4232,603,4201,565,4202,565
TRT000267-TEMP000003,land,#952427,2047,TRT000267,104,54,155,127,129,92,131,93,4264,558,4315,631,4289,596,4291,597
TRT000267-TEMP000004,land,#ab7dcb,2420,TRT000267,42,0,116,63,75,34,76,34,4202,504,4276,567,4235,538,4236,538
TRT000268-TEMP000001,land,#e1dbe6,3057,TRT000268,0,0,61,89,32,47,33,47,4224,449,4285,538,4256,496,4257,496
TRT000268-TEMP000002,land,#14c25d,2596,TRT000268,40,75,114,134,80,98,81,96,4264,524,4338,583,4304,547,4305,545
TRT000268-TEMP000003,land,#0477a8,1867,TRT000268,53,25,106,76,76,54,80,54,4277,474,4330,525,4300,503,4304,503
TRT000268-TEMP000004,land,#774dfe,1692,TRT000268,100,55,160,105,125,74,127,73,4324,504,4384,554,4349,523,4351,522
TRT000269-TEMP000001,land,#11b42b,1732,TRT000269,39,30,94,77,69,56,67,55,4419,648,4474,695,4449,674,4447,673
TRT000269-TEMP000002,land,#69ecdb,2084,TRT000269,40,76,106,124,72,99,73,98,4420,694,4486,742,4452,717,4453,716
TRT000269-TEMP000003,land,#dbca3b,2102,TRT000269,87,45,135,105,114,72,114,72,4467,663,4515,723,4494,690,4494,690
TRT000269-TEMP000004,land,#93423a,2152,TRT000269,76,0,131,51,104,26,104,26,4456,618,4511,669,4484,644,4484,644
TRT000269-TEMP000005,land,#a3e574,1753,TRT000269,17,6,75,51,47,28,48,26,4397,624,4455,669,4427,646,4428,644
TRT000269-TEMP000006,land,#4afce9,2354,TRT000269,0,44,54,111,26,77,27,77,4380,662,4434,729,4406,695,4407,695
TRT000270-TEMP000001,land,#cdc7a9,1395,TRT000270,42,52,87,107,64,75,66,76,4386,764,4431,819,4408,787,4410,788
TRT000270-TEMP000002,land,#c333a0,2306,TRT000270,0,61,65,128,35,91,34,91,4344,773,4409,840,4379,803,4378,803
TRT000270-TEMP000003,land,#711bf9,2439,TRT000270,11,0,67,63,40,33,41,34,4355,712,4411,775,4384,745,4385,746
TRT000270-TEMP000004,land,#b7d8cf,1149,TRT000270,62,66,103,111,88,90,89,92,4406,778,4447,823,4432,802,4433,804
TRT000270-TEMP000005,land,#eb4a40,1603,TRT000270,61,15,102,66,83,42,84,42,4405,727,4446,778,4427,754,4428,754
TRT000271-TEMP000001,land,#44402e,1830,TRT000271,1,64,52,120,26,87,28,89,4448,773,4499,829,4473,796,4475,798
TRT000271-TEMP000002,land,#bb4040,2474,TRT000271,44,60,87,128,67,96,68,93,4491,769,4534,837,4514,805,4515,802
TRT000271-TEMP000003,land,#50bbcf,1855,TRT000271,29,0,78,65,54,33,55,32,4476,709,4525,774,4501,742,4502,741
TRT000271-TEMP000004,land,#495fa1,1797,TRT000271,0,20,48,73,20,48,21,48,4447,729,4495,782,4467,757,4468,757
TRT000272-TEMP000001,land,#e47469,1957,TRT000272,10,0,83,47,48,21,48,21,4370,506,4443,553,4408,527,4408,527
TRT000272-TEMP000002,land,#90ebef,2044,TRT000272,61,16,117,77,88,51,91,50,4421,522,4477,583,4448,557,4451,556
TRT000272-TEMP000003,land,#e0cdf7,1597,TRT000272,75,74,129,122,101,100,102,101,4435,580,4489,628,4461,606,4462,607
TRT000272-TEMP000004,land,#59d571,1827,TRT000272,106,53,147,117,131,83,131,83,4466,559,4507,623,4491,589,4491,589
TRT000272-TEMP000005,land,#adda57,2055,TRT000272,0,19,60,82,29,50,30,50,4360,525,4420,588,4389,556,4390,556
TRT000272-TEMP000006,land,#4c8026,2238,TRT000272,32,59,86,122,61,91,62,91,4392,565,4446,628,4421,597,4422,597
TRT000272-TEMP000007,land,#77fd4c,1476,TRT000272,84,5,139,58,115,30,116,29,4444,511,4499,564,4475,536,4476,535
TRT000273-TEMP000001,land,#1fac42,2307,TRT000273,0,0,55,58,28,31,24,32,4266,634,4321,692,4294,665,4290,666
TRT000273-TEMP000002,land,#01ee02,1541,TRT000273,0,50,43,101,19,71,15,74,4266,684,4309,735,4285,705,4281,708
TRT000273-TEMP000003,land,#4b997b,1940,TRT000273,50,20,117,70,82,48,80,46,4316,654,4383,704,4348,682,4346,680
TRT000273-TEMP000004,land,#296740,2094,TRT000273,44,53,117,105,77,77,72,76,4310,687,4383,739,4343,711,4338,710
TRT000274-TEMP000001,land,#641ef7,2059,TRT000274,37,0,107,62,74,36,74,36,4319,535,4389,597,4356,571,4356,571
TRT000274-TEMP000002,land,#abda98,2062,TRT000274,78,52,134,120,106,87,106,90,4360,587,4416,655,4388,622,4388,625
TRT000274-TEMP000003,land,#0eee72,2025,TRT000274,29,41,90,99,59,69,60,70,4311,576,4372,634,4341,604,4342,605
TRT000274-TEMP000004,land,#5ee42d,1963,TRT000274,49,94,116,145,83,120,82,121,4331,629,4398,680,4365,655,4364,656
TRT000274-TEMP000005,land,#a7ef4d,1778,TRT000274,0,62,60,121,33,95,33,95,4282,597,4342,656,4315,630,4315,630
TRT000275-TEMP000001,ocean,#2b41b2,787,TRT000275,0,7,33,45,15,26,17,27,3581,555,3614,593,3596,574,3598,575
TRT000275-TEMP000002,ocean,#11117a,706,TRT000275,27,23,57,52,44,38,46,37,3608,571,3638,600,3625,586,3627,585
TRT000275-TEMP000003,ocean,#2c1170,438,TRT000275,56,27,80,50,67,39,68,38,3637,575,3661,598,3648,587,3649,586
TRT000275-TEMP000004,ocean,#1c397e,459,TRT000275,44,0,68,25,54,12,55,11,3625,548,3649,573,3635,560,3636,559
TRT000275-TEMP000005,ocean,#2911ad,348,TRT000275,58,3,79,28,69,19,70,19,3639,551,3660,576,3650,567,3651,567
TRT000275-TEMP000006,ocean,#072f74,508,TRT000275,13,2,43,27,31,13,32,12,3594,550,3624,575,3612,561,3613,560
TRT000276-TEMP000001,ocean,#04358e,736,TRT000276,0,19,37,51,19,36,19,35,3548,455,3585,487,3567,472,3567,471
TRT000276-TEMP000002,ocean,#3503a8,600,TRT000276,26,7,56,39,42,22,43,22,3574,443,3604,475,3590,458,3591,458
TRT000276-TEMP000003,ocean,#02369e,756,TRT000276,11,45,43,79,27,61,27,61,3559,481,3591,515,3575,497,3575,497
TRT000276-TEMP000004,ocean,#373484,562,TRT000276,53,0,79,27,68,12,69,13,3601,436,3627,463,3616,448,3617,449
TRT000276-TEMP000005,ocean,#342ea2,711,TRT000276,36,40,71,71,52,54,52,54,3584,476,3619,507,3600,490,3600,490
TRT000276-TEMP000006,ocean,#333994,438,TRT000276,80,2,100,26,89,13,89,13,3628,438,3648,462,3637,449,3637,449
TRT000276-TEMP000007,ocean,#222184,372,TRT000276,45,19,72,42,58,31,59,32,3593,455,3620,478,3606,467,3607,468
TRT000277-TEMP000001,ocean,#1a308b,594,TRT000277,14,24,41,59,28,41,28,39,3587,520,3614,555,3601,537,3601,535
TRT000277-TEMP000002,ocean,#031691,664,TRT000277,32,0,67,28,47,13,47,13,3605,496,3640,524,3620,509,3620,509
TRT000277-TEMP000003,ocean,#0118b1,505,TRT000277,0,7,33,34,19,20,18,20,3573,503,3606,530,3592,516,3591,516
TRT000277-TEMP000004,ocean,#133d8e,543,TRT000277,42,18,71,48,58,33,57,33,3615,514,3644,544,3631,529,3630,529
TRT000277-TEMP000005,ocean,#292fa1,418,TRT000277,33,35,70,55,49,48,48,48,3606,531,3643,551,3622,544,3621,544
TRT000278-TEMP000001,land,#38f5f1,2718,TRT000278,42,31,134,86,82,61,76,61,4186,598,4278,653,4226,628,4220,628
TRT000278-TEMP000002,land,#01002f,2933,TRT000278,0,0,61,81,30,39,28,38,4144,567,4205,648,4174,606,4172,605
TRT000278-TEMP000003,land,#085156,1836,TRT000278,31,73,92,133,66,98,67,101,4175,640,4236,700,4210,665,4211,668
TRT000278-TEMP000004,land,#4f0429,3098,TRT000278,80,63,137,170,108,115,109,112,4224,630,4281,737,4252,682,4253,679
TRT000279-TEMP000001,land,#f36384,1982,TRT000279,0,15,51,94,28,48,28,51,3969,531,4020,610,3997,564,3997,567
TRT000279-TEMP000002,land,#8acd57,2220,TRT000279,39,17,87,94,62,58,62,56,4008,533,4056,610,4031,574,4031,572
TRT000279-TEMP000003,land,#af4b88,2108,TRT000279,39,71,121,129,84,98,85,99,4008,587,4090,645,4053,614,4054,615
TRT000279-TEMP000004,land,#789f29,2097,TRT000279,51,0,127,47,95,22,94,21,4020,516,4096,563,4064,538,4063,537
TRT000279-TEMP000005,land,#63e99f,1995,TRT000279,85,36,138,95,111,64,110,63,4054,552,4107,611,4080,580,4079,579
TRT000279-TEMP000006,land,#a25d74,2277,TRT000279,121,11,190,64,151,42,150,40,4090,527,4159,580,4120,558,4119,556
TRT000279-TEMP000007,land,#b9d1fd,2728,TRT000279,121,60,186,124,153,89,153,87,4090,576,4155,640,4122,605,4122,603
TRT000279-TEMP000008,land,#b797c9,2479,TRT000279,76,103,145,172,109,136,110,136,4045,619,4114,688,4078,652,4079,652
TRT000280-TEMP000001,land,#971618,2236,TRT000280,63,65,127,120,97,93,98,93,4125,682,4189,737,4159,710,4160,710
TRT000280-TEMP000002,land,#5d8d3c,2385,TRT000280,0,33,77,98,44,67,44,68,4062,650,4139,715,4106,684,4106,685
TRT000280-TEMP000003,land,#f31751,1740,TRT000280,89,32,149,89,119,63,120,62,4151,649,4211,706,4181,680,4182,679
TRT000280-TEMP000004,land,#014a28,2470,TRT000280,45,0,111,67,79,34,79,35,4107,617,4173,684,4141,651,4141,652
TRT000280-TEMP000005,land,#db4c1a,1982,TRT000280,124,71,197,128,152,101,153,102,4186,688,4259,745,4214,718,4215,719
TRT000281-TEMP000001,land,#3e6891,1716,TRT000281,0,25,57,73,32,48,34,48,4553,468,4610,516,4585,491,4587,491
TRT000281-TEMP000002,land,#906c60,1037,TRT000281,58,36,105,71,85,53,84,54,4611,479,4658,514,4638,496,4637,497
TRT000281-TEMP000003,land,#929a10,903,TRT000281,79,0,114,41,97,19,97,19,4632,443,4667,484,4650,462,4650,462
TRT000281-TEMP000004,land,#98e1e9,1071,TRT000281,50,61,99,97,78,78,79,79,4603,504,4652,540,4631,521,4632,522
TRT000281-TEMP000005,land,#6e3ff3,930,TRT000281,46,16,86,53,66,33,68,32,4599,459,4639,496,4619,476,4621,475
TRT000282-TEMP000001,land,#8e05f2,1613,TRT000282,0,51,44,109,22,79,21,79,4647,501,4691,559,4669,529,4668,529
TRT000282-TEMP000002,land,#afe950,1235,TRT000282,43,60,94,112,66,82,66,82,4690,510,4741,562,4713,532,4713,532
TRT000282-TEMP000003,land,#b16f1e,1215,TRT000282,67,37,110,80,87,55,88,54,4714,487,4757,530,4734,505,4735,504
TRT000282-TEMP000004,land,#0da738,1244,TRT000282,17,32,67,75,46,53,46,52,4664,482,4714,525,4693,503,4693,502
TRT000282-TEMP000005,land,#359e54,1256,TRT000282,8,0,44,50,26,25,26,25,4655,450,4691,500,4673,475,4673,475
TRT000282-TEMP000006,land,#b74426,1125,TRT000282,41,4,78,42,60,20,60,20,4688,454,4725,492,4707,470,4707,470
TRT000282-TEMP000007,land,#d8e950,910,TRT000282,75,7,111,43,92,27,92,25,4722,457,4758,493,4739,477,4739,475
TRT000283-TEMP000001,land,#810d26,1232,TRT000283,51,69,91,114,74,89,76,91,4677,408,4717,453,4700,428,4702,430
TRT000283-TEMP000002,land,#c92a73,1366,TRT000283,49,0,87,69,72,46,72,47,4675,339,4713,408,4698,385,4698,386
TRT000283-TEMP000003,land,#10de9c,367,TRT000283,40,102,75,115,58,109,57,104,4666,441,4701,454,4684,448,4683,443
TRT000283-TEMP000004,land,#38d9e9,1360,TRT000283,0,53,58,87,30,71,30,71,4626,392,4684,426,4656,410,4656,410
TRT000284-TEMP000001,land,#1ad8fb,1232,TRT000284,4,42,38,86,19,61,18,63,4713,377,4747,421,4728,396,4727,398
TRT000284-TEMP000002,land,#ddb367,870,TRT000284,9,73,60,107,34,90,33,92,4718,408,4769,442,4743,425,4742,427
TRT000284-TEMP000003,land,#91beb2,1819,TRT000284,35,1,85,49,58,27,56,28,4744,336,4794,384,4767,362,4765,363
TRT000284-TEMP000004,land,#e2366d,667,TRT000284,5,87,33,126,18,107,18,109,4714,422,4742,461,4727,442,4727,444
TRT000284-TEMP000005,land,#49fa66,1089,TRT000284,34,48,71,92,51,66,51,69,4743,383,4780,427,4760,401,4760,404
TRT000284-TEMP000006,land,#5592ad,1531,TRT000284,0,0,43,41,20,21,19,20,4709,335,4752,376,4729,356,4728,355
TRT000284-TEMP000007,land,#a7de8e,789,TRT000284,28,95,60,137,44,116,45,117,4737,430,4769,472,4753,451,4754,452
TRT000285-TEMP000001,land,#910343,490,TRT000285,0,10,30,32,18,24,17,24,2921,447,2951,469,2939,461,2938,461
TRT000285-TEMP000002,land,#d3f6ae,638,TRT000285,31,2,61,36,46,21,44,22,2952,439,2982,473,2967,458,2965,459
TRT000285-TEMP000003,land,#4aa93a,395,TRT000285,1,33,34,50,17,39,17,40,2922,470,2955,487,2938,476,2938,477
TRT000285-TEMP000004,land,#10de35,415,TRT000285,35,28,64,54,52,40,51,40,2956,465,2985,491,2973,477,2972,477
TRT000285-TEMP000005,land,#0ce1fd,834,TRT000285,60,0,107,26,83,12,81,12,2981,437,3028,463,3004,449,3002,449
TRT000285-TEMP000006,land,#31cd3a,543,TRT000285,57,46,88,74,72,60,72,59,2978,483,3009,511,2993,497,2993,496
TRT000285-TEMP000007,land,#b52da3,534,TRT000285,58,16,87,45,70,31,71,32,2979,453,3008,482,2991,468,2992,469
TRT000285-TEMP000008,land,#93e874,344,TRT000285,73,30,97,63,85,47,86,46,2994,467,3018,500,3006,484,3007,483
TRT000286-TEMP000001,land,#cadf2e,520,TRT000286,61,41,106,66,79,55,79,55,3060,528,3105,553,3078,542,3078,542
TRT000286-TEMP000002,land,#e8b035,320,TRT000286,61,65,85,92,73,77,72,79,3060,552,3084,579,3072,564,3071,566
TRT000286-TEMP000003,land,#9b9cef,324,TRT000286,53,30,76,54,63,40,63,38,3052,517,3075,541,3062,527,3062,525
TRT000286-TEMP000004,land,#119311,987,TRT000286,0,0,43,40,22,22,23,22,2999,487,3042,527,3021,509,3022,509
TRT000286-TEMP000005,land,#3ee9c7,541,TRT000286,30,25,61,59,47,41,49,43,3029,512,3060,546,3046,528,3048,530
TRT000287-TEMP000001,ocean,#181ea8,101,TRT000287,0,0,17,23,9,12,9,12,1853,438,1870,461,1862,450,1862,450
TRT000288-TEMP000001,land,#3a1d00,397,TRT000288,0,0,46,26,21,13,21,13,3026,439,3072,465,3047,452,3047,452
TRT000289-TEMP000001,lake,#2b1495,163,TRT000289,0,0,30,24,12,10,12,10,3967,441,3997,465,3979,451,3979,451
TRT000290-TEMP000001,ocean,#3823aa,507,TRT000290,35,0,65,29,52,17,53,17,3385,479,3415,508,3402,496,3403,496
TRT000290-TEMP000002,ocean,#392b68,603,TRT000290,35,26,63,52,50,39,50,38,3385,505,3413,531,3400,518,3400,517
TRT000290-TEMP000003,ocean,#172da0,576,TRT000290,0,17,38,46,24,32,24,31,3350,496,3388,525,3374,511,3374,510
TRT000291-TEMP000001,ocean,#0206a6,598,TRT000291,0,0,31,28,13,15,13,15,3414,479,3445,507,3427,494,3427,494
TRT000291-TEMP000002,ocean,#23196f,491,TRT000291,0,25,22,53,9,38,9,37,3414,504,3436,532,3423,517,3423,516
TRT000291-TEMP000003,ocean,#130083,579,TRT000291,27,17,55,49,41,33,41,33,3441,496,3469,528,3455,512,3455,512
TRT000291-TEMP000004,ocean,#284b7a,391,TRT000291,14,27,40,53,26,43,26,44,3428,506,3454,532,3440,522,3440,523
TRT000292-TEMP000001,ocean,#374966,432,TRT000292,68,53,91,76,80,64,81,65,3316,496,3339,519,3328,507,3329,508
TRT000292-TEMP000002,ocean,#0803a7,567,TRT000292,62,26,91,57,78,44,78,45,3310,469,3339,500,3326,487,3326,488
TRT000292-TEMP000003,ocean,#362c99,637,TRT000292,32,36,63,66,48,51,47,51,3280,479,3311,509,3296,494,3295,494
TRT000292-TEMP000004,ocean,#103c86,542,TRT000292,52,19,92,43,68,30,67,29,3300,462,3340,486,3316,473,3315,472
TRT000292-TEMP000005,ocean,#290982,588,TRT000292,45,55,72,86,58,71,59,71,3293,498,3320,529,3306,514,3307,514
TRT000292-TEMP000006,ocean,#231974,543,TRT000292,15,27,42,57,28,41,28,40,3263,470,3290,500,3276,484,3276,483
TRT000292-TEMP000007,ocean,#262c70,580,TRT000292,32,1,58,35,46,20,45,20,3280,444,3306,478,3294,463,3293,463
TRT000292-TEMP000008,ocean,#172e7e,555,TRT000292,17,59,47,85,34,75,33,76,3265,502,3295,528,3282,518,3281,519
TRT000292-TEMP000009,ocean,#124f64,486,TRT000292,53,0,93,23,70,12,70,11,3301,443,3341,466,3318,455,3318,454
TRT000292-TEMP000010,ocean,#1d079d,614,TRT000292,0,49,31,82,15,64,15,64,3248,492,3279,525,3263,507,3263,507
TRT000293-TEMP000001,ocean,#0e0396,402,TRT000293,0,4,21,33,10,20,9,21,3338,468,3359,497,3348,484,3347,485
TRT000293-TEMP000002,ocean,#3a49b2,639,TRT000293,20,3,45,36,34,19,33,17,3358,467,3383,500,3372,483,3371,481
TRT000293-TEMP000003,ocean,#19296f,512,TRT000293,2,26,36,51,15,38,16,38,3340,490,3374,515,3353,502,3354,502
TRT000293-TEMP000004,ocean,#253883,602,TRT000293,44,0,76,31,56,15,55,16,3382,464,3414,495,3394,479,3393,480
TRT000294-TEMP000001,land,#99e45a,922,TRT000294,0,0,74,26,39,15,34,17,3041,444,3115,470,3080,459,3075,461
TRT000294-TEMP000002,land,#cb27cd,507,TRT000294,0,21,40,52,20,35,27,40,3041,465,3081,496,3061,479,3068,484
TRT000295-TEMP000001,land,#727850,713,TRT000295,0,26,27,66,14,44,13,43,1600,493,1627,533,1614,511,1613,510
TRT000295-TEMP000002,land,#fd6427,686,TRT000295,18,1,49,34,35,19,35,20,1618,468,1649,501,1635,486,1635,487
TRT000295-TEMP000003,land,#c08b0c,760,TRT000295,9,59,51,90,30,73,31,73,1609,526,1651,557,1630,540,1631,540
TRT000295-TEMP000004,land,#c174d3,619,TRT000295,22,35,52,62,36,48,36,49,1622,502,1652,529,1636,515,1636,516
TRT000295-TEMP000005,land,#abf614,562,TRT000295,40,43,68,87,53,64,54,62,1640,510,1668,554,1653,531,1654,529
TRT000295-TEMP000006,land,#344a1e,670,TRT000295,43,0,70,42,55,24,55,24,1643,467,1670,509,1655,491,1655,491
TRT000295-TEMP000007,land,#e3f49e,566,TRT000295,55,33,85,65,70,50,71,50,1655,500,1685,532,1670,517,1671,517
TRT000296-TEMP000001,land,#027b3b,616,TRT000296,0,13,28,50,14,32,13,31,1576,554,1604,591,1590,573,1589,572
TRT000296-TEMP000002,land,#d41374,767,TRT000296,17,39,53,78,37,57,36,57,1593,580,1629,619,1613,598,1612,598
TRT000296-TEMP000003,land,#b6b500,619,TRT000296,40,3,71,39,53,21,53,20,1616,544,1647,580,1629,562,1629,561
TRT000296-TEMP000004,land,#9f7db8,711,TRT000296,16,0,42,40,31,20,31,22,1592,541,1618,581,1607,561,1607,563
TRT000297-TEMP000001,land,#7a5c13,663,TRT000297,19,17,47,61,32,38,32,37,1558,511,1586,555,1571,532,1571,531
TRT000297-TEMP000002,land,#957780,796,TRT000297,31,0,67,31,51,16,51,15,1570,494,1606,525,1590,510,1590,509
TRT000297-TEMP000003,land,#78cd29,855,TRT000297,32,32,69,72,51,48,51,48,1571,526,1608,566,1590,542,1590,542
TRT000297-TEMP000004,land,#5bb87f,416,TRT000297,0,16,30,46,16,30,15,30,1539,510,1569,540,1555,524,1554,524
TRT000298-TEMP000001,land,#20d883,883,TRT000298,19,59,56,96,39,78,40,79,1674,490,1711,527,1694,509,1695,510
TRT000298-TEMP000002,land,#82818c,511,TRT000298,55,28,85,63,70,44,70,46,1710,459,1740,494,1725,475,1725,477
TRT000298-TEMP000003,land,#d78191,987,TRT000298,0,38,44,73,23,52,24,53,1655,469,1699,504,1678,483,1679,484
TRT000298-TEMP000004,land,#1056cd,847,TRT000298,61,0,99,31,81,15,82,15,1716,431,1754,462,1736,446,1737,446
TRT000298-TEMP000005,land,#62edd0,533,TRT000298,79,20,111,49,94,35,95,36,1734,451,1766,480,1749,466,1750,467
TRT000298-TEMP000006,land,#90c9bf,678,TRT000298,36,20,67,62,52,42,54,40,1691,451,1722,493,1707,473,1709,471
TRT000299-TEMP000001,land,#ea1465,946,TRT000299,20,61,84,100,56,86,56,86,1411,496,1475,535,1447,521,1447,521
TRT000299-TEMP000002,land,#e4bef9,1177,TRT000299,70,29,104,87,85,54,85,59,1461,464,1495,522,1476,489,1476,494
TRT000299-TEMP000003,land,#6c8d71,2979,TRT000299,0,0,56,76,27,38,27,40,1391,435,1447,511,1418,473,1418,475
TRT000299-TEMP000004,land,#73ffa9,940,TRT000299,42,4,113,32,77,16,78,18,1433,439,1504,467,1468,451,1469,453
TRT000300-TEMP000001,land,#c52732,1536,TRT000300,54,64,106,104,80,86,81,87,1338,465,1390,505,1364,487,1365,488
TRT000300-TEMP000002,land,#7bf9dc,1407,TRT000300,28,27,74,77,52,53,51,52,1312,428,1358,478,1336,454,1335,453
TRT000300-TEMP000003,land,#1bf6f5,1339,TRT000300,73,31,116,79,95,55,96,55,1357,432,1400,480,1379,456,1380,456
TRT000300-TEMP000004,land,#5a5a15,1637,TRT000300,41,0,123,47,73,24,71,24,1325,401,1407,448,1357,425,1355,425
TRT000300-TEMP000005,land,#428190,1979,TRT000300,0,6,42,62,19,30,17,34,1284,407,1326,463,1303,431,1301,435
TRT000300-TEMP000006,land,#03cf4b,1507,TRT000300,0,55,56,96,27,76,29,79,1284,456,1340,497,1311,477,1313,480
TRT000301-TEMP000001,land,#7c39fa,1929,TRT000301,0,75,52,137,25,103,25,102,1346,573,1398,635,1371,601,1371,600
TRT000301-TEMP000002,land,#7e3312,1601,TRT000301,60,20,116,73,84,45,85,46,1406,518,1462,571,1430,543,1431,544
TRT000301-TEMP000003,land,#022cba,1501,TRT000301,20,0,77,43,47,21,49,21,1366,498,1423,541,1393,519,1395,519
TRT000301-TEMP000004,land,#a8390d,1595,TRT000301,13,28,61,78,34,55,36,53,1359,526,1407,576,1380,553,1382,551
TRT000301-TEMP000005,land,#704280,1323,TRT000301,34,55,85,106,59,79,60,80,1380,553,1431,604,1405,577,1406,578
TRT000302-TEMP000001,land,#18c81f,1447,TRT000302,43,10,95,53,69,32,68,29,1319,493,1371,536,1345,515,1344,512
TRT000302-TEMP000002,land,#266caf,1200,TRT000302,17,20,65,66,42,48,42,48,1293,503,1341,549,1318,531,1318,531
TRT000302-TEMP000003,land,#35378d,1663,TRT000302,0,0,42,62,17,29,17,28,1276,483,1318,545,1293,512,1293,511
TRT000302-TEMP000004,land,#ea7726,1403,TRT000302,0,58,54,107,32,77,34,79,1276,541,1330,590,1308,560,1310,562
TRT000302-TEMP000005,land,#4c02ee,1706,TRT000302,53,53,89,122,69,82,71,77,1329,536,1365,605,1345,565,1347,560
TRT000303-TEMP000001,land,#c429cc,801,TRT000303,35,1,72,35,53,17,52,16,1466,536,1503,570,1484,552,1483,551
TRT000303-TEMP000002,land,#389ec7,819,TRT000303,50,22,86,61,67,42,67,42,1481,557,1517,596,1498,577,1498,577
TRT000303-TEMP000003,land,#78d488,846,TRT000303,20,34,53,74,38,52,37,51,1451,569,1484,609,1469,587,1468,586
TRT000303-TEMP000004,land,#17e7e4,668,TRT000303,11,0,43,37,29,21,28,22,1442,535,1474,572,1460,556,1459,557
TRT000303-TEMP000005,land,#631395,500,TRT000303,0,23,29,55,15,38,14,38,1431,558,1460,590,1446,573,1445,573
TRT000303-TEMP000006,land,#eae3d3,915,TRT000303,40,54,87,85,61,68,61,68,1471,589,1518,620,1492,603,1492,603
TRT000304-TEMP000001,land,#970597,656,TRT000304,29,30,58,58,44,44,42,44,1553,599,1582,627,1568,613,1566,613
TRT000304-TEMP000002,land,#fd5d73,842,TRT000304,28,55,71,91,48,70,48,70,1552,624,1595,660,1572,639,1572,639
TRT000304-TEMP000003,land,#d5fa3c,500,TRT000304,6,41,36,71,23,54,22,53,1530,610,1560,640,1547,623,1546,622
TRT000304-TEMP000004,land,#042544,622,TRT000304,0,15,35,44,19,31,19,30,1524,584,1559,613,1543,600,1543,599
TRT000304-TEMP000005,land,#f3b55b,791,TRT000304,31,0,70,34,49,19,49,19,1555,569,1594,603,1573,588,1573,588
TRT000304-TEMP000006,land,#5413ef,1046,TRT000304,58,26,102,69,75,48,74,47,1582,595,1626,638,1599,617,1598,616
TRT000305-TEMP000001,land,#feecfc,865,TRT000305,10,45,52,78,28,60,28,60,1511,568,1553,601,1529,583,1529,583
TRT000305-TEMP000002,land,#9f21ba,776,TRT000305,46,17,74,60,58,39,58,38,1547,540,1575,583,1559,562,1559,561
TRT000305-TEMP000003,land,#f8987a,659,TRT000305,0,11,25,51,13,31,12,31,1501,534,1526,574,1514,554,1513,554
TRT000305-TEMP000004,land,#03b6dd,687,TRT000305,13,0,54,25,33,13,32,13,1514,523,1555,548,1534,536,1533,536
TRT000305-TEMP000005,land,#e1d03c,582,TRT000305,23,21,49,52,37,36,37,36,1524,544,1550,575,1538,559,1538,559
TRT000306-TEMP000001,land,#91df4c,857,TRT000306,50,44,84,84,65,63,67,62,1431,618,1465,658,1446,637,1448,636
TRT000306-TEMP000002,land,#aeed5b,762,TRT000306,41,4,67,51,51,31,53,33,1422,578,1448,625,1432,605,1434,607
TRT000306-TEMP000003,land,#2725e7,842,TRT000306,5,45,52,78,35,58,36,59,1386,619,1433,652,1416,632,1417,633
TRT000306-TEMP000004,land,#5ca21f,587,TRT000306,72,32,102,65,87,49,89,49,1453,606,1483,639,1468,623,1470,623
TRT000306-TEMP000005,land,#3f597f,608,TRT000306,46,0,84,43,66,23,69,25,1427,574,1465,617,1447,597,1450,599
TRT000306-TEMP000006,land,#ebc25f,871,TRT000306,0,7,42,53,26,35,29,32,1381,581,1423,627,1407,609,1410,606
TRT000307-TEMP000001,land,#6467eb,794,TRT000307,26,54,59,92,46,73,46,73,1529,741,1562,779,1549,760,1549,760
TRT000307-TEMP000002,land,#088723,933,TRT000307,17,32,54,66,34,47,34,47,1520,719,1557,753,1537,734,1537,734
TRT000307-TEMP000003,land,#4d1692,548,TRT000307,21,0,45,32,31,17,31,17,1524,687,1548,719,1534,704,1534,704
TRT000307-TEMP000004,land,#635db3,439,TRT000307,0,5,23,35,13,18,13,18,1503,692,1526,722,1516,705,1516,705
TRT000308-TEMP000001,land,#0a982d,742,TRT000308,5,39,37,76,23,55,23,55,1484,639,1516,676,1502,655,1502,655
TRT000308-TEMP000002,land,#890455,840,TRT000308,50,29,85,75,67,52,66,51,1529,629,1564,675,1546,652,1545,651
TRT000308-TEMP000003,land,#cdd7ac,763,TRT000308,23,69,65,93,42,81,43,81,1502,669,1544,693,1521,681,1522,681
TRT000308-TEMP000004,land,#59f327,989,TRT000308,24,0,63,42,42,23,41,23,1503,600,1542,642,1521,623,1520,623
TRT000308-TEMP000005,land,#163903,718,TRT000308,0,12,29,46,15,30,14,29,1479,612,1508,646,1494,630,1493,629
TRT000308-TEMP000006,land,#08f026,638,TRT000308,33,40,63,73,46,58,46,59,1512,640,1542,673,1525,658,1525,659
TRT000309-TEMP000001,land,#9b6bf2,1108,TRT000309,0,40,48,82,26,63,27,62,1465,503,1513,545,1491,526,1492,525
TRT000309-TEMP000002,land,#aa8e6e,682,TRT000309,20,0,53,39,35,20,36,21,1485,463,1518,502,1500,483,1501,484
TRT000309-TEMP000003,land,#536a3e,774,TRT000309,28,21,61,69,47,45,48,45,1493,484,1526,532,1512,508,1513,508
TRT000310-TEMP000001,land,#af9b38,701,TRT000310,0,0,32,32,14,17,14,17,1378,627,1410,659,1392,644,1392,644
TRT000310-TEMP000002,land,#19b728,872,TRT000310,6,58,42,89,22,74,23,73,1384,685,1420,716,1400,701,1401,700
TRT000310-TEMP000003,land,#995fcf,664,TRT000310,6,32,32,63,17,47,16,47,1384,659,1410,690,1395,674,1394,674
TRT000310-TEMP000004,land,#5fb0b0,685,TRT000310,30,39,58,72,45,56,46,55,1408,666,1436,699,1423,683,1424,682
TRT000310-TEMP000005,land,#933c21,692,TRT000310,22,16,58,46,40,32,39,32,1400,643,1436,673,1418,659,1417,659
TRT000311-TEMP000001,land,#2fddf0,831,TRT000311,7,0,49,36,31,19,31,20,1442,634,1484,670,1466,653,1466,654
TRT000311-TEMP000002,land,#9ed006,668,TRT000311,41,44,72,74,56,59,56,59,1476,678,1507,708,1491,693,1491,693
TRT000311-TEMP000003,land,#bc8cd6,589,TRT000311,13,37,44,66,30,52,30,53,1448,671,1479,700,1465,686,1465,687
TRT000311-TEMP000004,land,#bf131e,588,TRT000311,33,17,66,49,49,35,49,36,1468,651,1501,683,1484,669,1484,670
TRT000311-TEMP000005,land,#c76ad2,768,TRT000311,0,20,25,65,10,43,10,43,1435,654,1460,699,1445,677,1445,677
TRT000312-TEMP000001,land,#5949d8,126,TRT000312,0,0,17,12,8,6,8,6,3800,447,3817,459,3808,453,3808,453
TRT000313-TEMP000001,land,#4535d2,1440,TRT000313,29,65,75,118,53,92,53,94,1253,714,1299,767,1277,741,1277,743
TRT000313-TEMP000002,land,#acd572,1339,TRT000313,0,35,53,88,24,61,25,62,1224,684,1277,737,1248,710,1249,711
TRT000313-TEMP000003,land,#6a83a0,1927,TRT000313,54,20,107,82,79,54,79,56,1278,669,1331,731,1303,703,1303,705
TRT000313-TEMP000004,land,#a65248,1337,TRT000313,7,21,65,61,37,38,40,39,1231,670,1289,710,1261,687,1264,688
TRT000313-TEMP000005,land,#8f844a,1454,TRT000313,10,0,79,33,46,15,45,15,1234,649,1303,682,1270,664,1269,664
TRT000314-TEMP000001,land,#0a6506,1502,TRT000314,22,58,69,106,47,87,47,87,1226,606,1273,654,1251,635,1251,635
TRT000314-TEMP000002,land,#9c7003,1651,TRT000314,0,15,57,60,30,39,30,39,1204,563,1261,608,1234,587,1234,587
TRT000314-TEMP000003,land,#a8c2c8,1346,TRT000314,56,54,104,101,79,77,81,77,1260,602,1308,649,1283,625,1285,625
TRT000314-TEMP000004,land,#ad9702,1783,TRT000314,58,18,122,65,91,44,87,44,1262,566,1326,613,1295,592,1291,592
TRT000314-TEMP000005,land,#571a4b,1156,TRT000314,1,45,44,96,20,68,20,68,1205,593,1248,644,1224,616,1224,616
TRT000314-TEMP000006,land,#73327f,1296,TRT000314,38,0,89,47,63,21,63,19,1242,548,1293,595,1267,569,1267,567
TRT000315-TEMP000001,land,#81f38d,1209,TRT000315,0,60,51,103,23,85,22,86,1083,639,1134,682,1106,664,1105,665
TRT000315-TEMP000002,land,#f7f120,2119,TRT000315,24,25,74,86,52,56,50,57,1107,604,1157,665,1135,635,1133,636
TRT000315-TEMP000003,land,#19b45a,1556,TRT000315,63,0,129,45,102,24,100,24,1146,579,1212,624,1185,603,1183,603
TRT000315-TEMP000004,land,#897d0d,1464,TRT000315,69,31,130,77,93,52,94,52,1152,610,1213,656,1176,631,1177,631
TRT000316-TEMP000001,land,#e1465f,1706,TRT000316,15,0,74,57,45,31,45,32,1303,588,1362,645,1333,619,1333,620
TRT000316-TEMP000002,land,#7e5dcf,1540,TRT000316,0,36,50,88,25,62,25,63,1288,624,1338,676,1313,650,1313,651
TRT000316-TEMP000003,land,#aa99bd,1658,TRT000316,50,36,95,85,74,64,75,66,1338,624,1383,673,1362,652,1363,654
TRT000316-TEMP000004,land,#558a21,1224,TRT000316,58,84,95,122,79,103,78,104,1346,672,1383,710,1367,691,1366,692
TRT000316-TEMP000005,land,#5168bd,1331,TRT000316,21,72,64,122,45,96,45,97,1309,660,1352,710,1333,684,1333,685
TRT000317-TEMP000001,land,#f04267,1447,TRT000317,61,41,117,88,88,65,85,66,1169,672,1225,719,1196,696,1193,697
TRT000317-TEMP000002,land,#bc2a90,1948,TRT000317,84,0,127,63,105,30,107,35,1192,631,1235,694,1213,661,1215,666
TRT000317-TEMP000003,land,#884259,1760,TRT000317,0,8,85,59,56,36,60,33,1108,639,1193,690,1164,667,1168,664
TRT000318-TEMP000001,land,#229495,2008,TRT000318,59,36,109,85,84,61,84,60,1126,443,1176,492,1151,468,1151,467
TRT000318-TEMP000002,land,#661b57,1872,TRT000318,65,0,113,43,89,20,90,19,1132,407,1180,450,1156,427,1157,426
TRT000318-TEMP000003,land,#a34408,1528,TRT000318,16,49,69,88,42,73,43,73,1083,456,1136,495,1109,480,1110,480
TRT000318-TEMP000004,land,#e0bd63,1763,TRT000318,0,0,65,38,38,14,40,15,1067,407,1132,445,1105,421,1107,422
TRT000318-TEMP000005,land,#abede6,1294,TRT000318,8,18,60,66,32,42,30,42,1075,425,1127,473,1099,449,1097,449
TRT000319-TEMP000001,land,#cc3d6a,1510,TRT000319,9,0,44,52,26,27,26,27,1166,493,1201,545,1183,520,1183,520
TRT000319-TEMP000002,land,#69cdc3,1492,TRT000319,31,40,81,84,56,60,56,58,1188,533,1238,577,1213,553,1213,551
TRT000319-TEMP000003,land,#a8fce7,1546,TRT000319,0,51,47,105,21,76,21,76,1157,544,1204,598,1178,569,1178,569
TRT000319-TEMP000004,land,#c9bf6a,1086,TRT000319,43,6,88,43,62,26,62,25,1200,499,1245,536,1219,519,1219,518
TRT000319-TEMP000005,land,#880adb,1498,TRT000319,74,21,118,70,96,45,96,45,1231,514,1275,563,1253,538,1253,538
TRT000320-TEMP000001,land,#954931,1653,TRT000320,0,1,50,44,28,22,29,22,1086,493,1136,536,1114,514,1115,514
TRT000320-TEMP000002,land,#64dc1e,1343,TRT000320,44,34,80,85,64,56,65,54,1130,526,1166,577,1150,548,1151,546
TRT000320-TEMP000003,land,#a680e1,1181,TRT000320,46,0,87,35,66,16,68,15,1132,492,1173,527,1152,508,1154,507
TRT000320-TEMP000004,land,#e70162,1704,TRT000320,17,77,76,122,46,98,45,98,1103,569,1162,614,1132,590,1131,590
TRT000320-TEMP000005,land,#0df329,1438,TRT000320,15,43,56,89,32,65,35,65,1101,535,1142,581,1118,557,1121,557
TRT000321-TEMP000001,land,#e09103,1882,TRT000321,2,0,47,49,24,25,25,26,1175,407,1220,456,1197,432,1198,433
TRT000321-TEMP000002,land,#3e9f80,2168,TRT000321,0,49,56,100,26,72,26,72,1173,456,1229,507,1199,479,1199,479
TRT000321-TEMP000003,land,#132150,1148,TRT000321,38,0,80,31,61,14,63,13,1211,407,1253,438,1234,421,1236,420
TRT000321-TEMP000004,land,#a8136d,1121,TRT000321,82,31,110,77,97,51,99,48,1255,438,1283,484,1270,458,1272,455
TRT000321-TEMP000005,land,#907a99,2173,TRT000321,49,64,110,118,80,89,80,87,1222,471,1283,525,1253,496,1253,494
TRT000321-TEMP000006,land,#509e76,952,TRT000321,81,0,114,30,96,15,97,13,1254,407,1287,437,1269,422,1270,420
TRT000321-TEMP000007,land,#152943,1445,TRT000321,40,29,83,71,64,48,67,46,1213,436,1256,478,1237,455,1240,453
TRT000322-TEMP000001,land,#53ba22,544,TRT000322,0,0,60,27,27,13,27,13,3327,450,3387,477,3354,463,3354,463
TRT000323-TEMP000001,land,#4abab6,690,TRT000323,16,33,63,59,42,45,42,45,3127,484,3174,510,3153,496,3153,496
TRT000323-TEMP000002,land,#25eb24,962,TRT000323,0,0,30,47,16,20,16,20,3111,451,3141,498,3127,471,3127,471
TRT000323-TEMP000003,land,#e8657b,504,TRT000323,25,11,59,37,40,26,40,25,3136,462,3170,488,3151,477,3151,476
TRT000324-TEMP000001,lake,#184ab1,1199,TRT000324,0,0,46,69,17,32,17,32,1440,452,1486,521,1457,484,1457,484
TRT000325-TEMP000001,land,#d3b83b,1736,TRT000325,66,0,120,40,94,17,92,18,938,406,992,446,966,423,964,424
TRT000325-TEMP000002,land,#964687,1465,TRT000325,29,1,75,52,53,27,52,29,901,407,947,458,925,433,924,435
TRT000325-TEMP000003,land,#d79655,1285,TRT000325,64,64,118,110,89,85,88,85,936,470,990,516,961,491,960,491
TRT000325-TEMP000004,land,#88fc30,1019,TRT000325,0,1,49,44,27,17,27,16,872,407,921,450,899,423,899,422
TRT000325-TEMP000005,land,#62b97e,1452,TRT000325,82,28,121,79,104,53,104,53,954,434,993,485,976,459,976,459
TRT000325-TEMP000006,land,#9268a4,1250,TRT000325,36,39,84,83,63,59,62,60,908,445,956,489,935,465,934,466
TRT000326-TEMP000001,land,#79466b,1287,TRT000326,2,47,45,84,23,64,22,66,994,454,1037,491,1015,471,1014,473
TRT000326-TEMP000002,land,#93da6b,1443,TRT000326,0,0,40,51,17,29,18,32,992,407,1032,458,1009,436,1010,439
TRT000326-TEMP000003,land,#96417e,1022,TRT000326,38,57,80,96,57,76,59,78,1030,464,1072,503,1049,483,1051,485
TRT000326-TEMP000004,land,#b0770b,1659,TRT000326,40,4,90,57,65,35,63,36,1032,411,1082,464,1057,442,1055,443
TRT000326-TEMP000005,land,#d3d2ef,1172,TRT000326,10,0,75,33,43,11,41,10,1002,407,1067,440,1035,418,1033,417
TRT000326-TEMP000006,land,#591720,985,TRT000326,64,42,96,97,81,69,82,67,1056,449,1088,504,1073,476,1074,474
TRT000327-TEMP000001,land,#3cd369,1427,TRT000327,30,45,85,91,59,70,56,72,985,529,1040,575,1014,554,1011,556
TRT000327-TEMP000002,land,#0621ca,1490,TRT000327,62,17,119,77,92,45,89,48,1017,501,1074,561,1047,529,1044,532
TRT000327-TEMP000003,land,#c33697,1471,TRT000327,0,30,54,78,27,49,28,49,955,514,1009,562,982,533,983,533
TRT000327-TEMP000004,land,#6ad398,1099,TRT000327,6,0,52,38,35,20,32,19,961,484,1007,522,990,504,987,503
TRT000327-TEMP000005,land,#9e72b2,1454,TRT000327,52,4,108,46,72,23,72,23,1007,488,1063,530,1027,507,1027,507
TRT000328-TEMP000001,land,#3f39a5,1401,TRT000328,22,52,69,101,44,74,42,75,1053,556,1100,605,1075,578,1073,579
TRT000328-TEMP000002,land,#ef6627,1034,TRT000328,39,67,85,116,65,95,64,95,1070,571,1116,620,1096,599,1095,599
TRT000328-TEMP000003,land,#99dfd6,1798,TRT000328,22,0,69,57,50,31,50,31,1053,504,1100,561,1081,535,1081,535
TRT000328-TEMP000004,land,#e2e4df,1199,TRT000328,0,38,35,96,18,69,17,68,1031,542,1066,600,1049,573,1048,572
TRT000329-TEMP000001,land,#1ff19a,1412,TRT000329,43,71,92,122,66,99,67,98,907,486,956,537,930,514,931,513
TRT000329-TEMP000002,land,#265e88,1313,TRT000329,16,48,66,97,43,75,40,75,880,463,930,512,907,490,904,490
TRT000329-TEMP000003,land,#8d60b7,1663,TRT000329,2,88,51,138,25,112,25,113,866,503,915,553,889,527,889,528
TRT000329-TEMP000004,land,#e983f2,787,TRT000329,0,0,39,43,18,25,18,25,864,415,903,458,882,440,882,440
TRT000329-TEMP000005,land,#185aee,1112,TRT000329,2,41,46,87,22,61,21,60,866,456,910,502,886,476,885,475
TRT000330-TEMP000001,land,#83808d,1355,TRT000330,51,32,99,72,73,49,72,48,928,555,976,595,950,572,949,571
TRT000330-TEMP000002,land,#a7664a,1151,TRT000330,50,0,98,35,72,20,74,19,927,523,975,558,949,543,951,542
TRT000330-TEMP000003,land,#5d19de,1242,TRT000330,0,11,54,48,29,32,30,31,877,534,931,571,906,555,907,554
TRT000330-TEMP000004,land,#3ab47a,1026,TRT000330,12,41,54,83,36,59,33,58,889,564,931,606,913,582,910,581
TRT000330-TEMP000005,land,#9ea97a,1415,TRT000330,34,63,83,111,59,86,59,84,911,586,960,634,936,609,936,607
TRT000331-TEMP000001,land,#538968,1052,TRT000331,44,40,90,79,66,56,69,56,988,600,1034,639,1010,616,1013,616
TRT000331-TEMP000002,land,#d9dd7f,1029,TRT000331,57,8,94,46,74,28,74,28,1001,568,1038,606,1018,588,1018,588
TRT000331-TEMP000003,land,#e61e10,1459,TRT000331,17,0,58,51,40,25,40,26,961,560,1002,611,984,585,984,586
TRT000331-TEMP000004,land,#6a2b96,1311,TRT000331,24,57,69,103,47,83,47,81,968,617,1013,663,991,643,991,641
TRT000331-TEMP000005,land,#044220,1257,TRT000331,0,36,43,85,21,61,20,61,944,596,987,645,965,621,964,621
TRT000332-TEMP000001,land,#95e899,1433,TRT000332,37,41,86,84,61,64,59,64,1043,639,1092,682,1067,662,1065,662
TRT000332-TEMP000002,land,#43640a,1502,TRT000332,61,10,107,59,82,32,82,33,1067,608,1113,657,1088,630,1088,631
TRT000332-TEMP000003,land,#e65b1d,1560,TRT000332,18,0,66,48,43,23,43,25,1024,598,1072,646,1049,621,1049,623
TRT000332-TEMP000004,land,#03267c,1135,TRT000332,0,28,41,73,22,53,20,53,1006,626,1047,671,1028,651,1026,651
TRT000333-TEMP000001,lake,#1a2b8f,889,TRT000333,0,0,51,48,29,20,29,20,1492,451,1543,499,1521,471,1521,471
TRT000334-TEMP000001,lake,#372cb1,266,TRT000334,0,0,30,23,15,11,15,11,1534,453,1564,476,1549,464,1549,464
TRT000335-TEMP000001,land,#bd1690,821,TRT000335,77,36,118,79,98,56,98,58,3769,497,3810,540,3790,517,3790,519
TRT000335-TEMP000002,land,#cdcb06,859,TRT000335,59,8,120,50,88,32,88,34,3751,469,3812,511,3780,493,3780,495
TRT000335-TEMP000003,land,#33f93e,2599,TRT000335,0,0,58,65,25,28,27,27,3692,461,3750,526,3717,489,3719,488
TRT000335-TEMP000004,land,#c2dccf,1080,TRT000335,44,10,82,66,64,40,66,46,3736,471,3774,527,3756,501,3758,507
TRT000336-TEMP000001,land,#0ddd35,762,TRT000336,53,29,94,65,75,49,82,45,3846,518,3887,554,3868,538,3875,534
TRT000336-TEMP000002,land,#63b39e,1713,TRT000336,33,46,93,101,64,75,59,73,3826,535,3886,590,3857,564,3852,562
TRT000336-TEMP000003,land,#2e97df,1413,TRT000336,0,28,50,75,23,51,23,51,3793,517,3843,564,3816,540,3816,540
TRT000336-TEMP000004,land,#c0e440,1521,TRT000336,10,0,64,46,37,22,37,22,3803,489,3857,535,3830,511,3830,511
TRT000336-TEMP000005,land,#76f02b,1029,TRT000336,90,26,163,65,107,53,107,53,3883,515,3956,554,3900,542,3900,542
TRT000337-TEMP000001,land,#f6d58e,1705,TRT000337,0,0,86,63,43,33,43,33,5005,461,5091,524,5048,494,5048,494
TRT000338-TEMP000001,land,#a9b752,618,TRT000338,0,0,35,31,18,12,18,11,3063,465,3098,496,3081,477,3081,476
TRT000338-TEMP000002,land,#242e14,854,TRT000338,23,2,57,41,40,21,40,21,3086,467,3120,506,3103,486,3103,486
TRT000339-TEMP000001,land,#27b8cd,604,TRT000339,32,4,64,34,49,17,50,17,3198,484,3230,514,3215,497,3216,497
TRT000339-TEMP000002,land,#0d9e42,491,TRT000339,63,2,97,25,78,12,79,11,3229,482,3263,505,3244,492,3245,491
TRT000339-TEMP000003,land,#426d56,527,TRT000339,52,16,86,46,66,31,68,30,3218,496,3252,526,3232,511,3234,510
TRT000339-TEMP000004,land,#5d23f5,779,TRT000339,0,0,31,45,14,20,14,19,3166,480,3197,525,3180,500,3180,499
TRT000339-TEMP000005,land,#81ddac,685,TRT000339,10,18,51,47,33,35,33,35,3176,498,3217,527,3199,515,3199,515
TRT000340-TEMP000001,lake,#044680,349,TRT000340,0,0,55,15,31,8,31,8,1567,481,1622,496,1598,489,1598,489
TRT000341-TEMP000001,ocean,#0c2da9,568,TRT000341,33,8,63,39,48,27,49,27,3097,647,3127,678,3112,666,3113,666
TRT000341-TEMP000002,ocean,#392174,754,TRT000341,0,19,36,50,19,35,20,35,3064,658,3100,689,3083,674,3084,674
TRT000341-TEMP000003,ocean,#382b8f,612,TRT000341,10,0,46,26,27,13,28,13,3074,639,3110,665,3091,652,3092,652
TRT000341-TEMP000004,ocean,#2a33b1,588,TRT000341,32,37,67,60,51,48,51,49,3096,676,3131,699,3115,687,3115,688
TRT000341-TEMP000005,ocean,#261297,377,TRT000341,51,9,79,34,64,19,65,18,3115,648,3143,673,3128,658,3129,657
TRT000342-TEMP000001,ocean,#283db3,493,TRT000342,6,0,34,28,23,16,23,15,3148,597,3176,625,3165,613,3165,612
TRT000342-TEMP000002,ocean,#33176f,530,TRT000342,33,1,59,28,45,16,44,16,3175,598,3201,625,3187,613,3186,613
TRT000342-TEMP000003,ocean,#2636ae,580,TRT000342,2,23,32,51,19,36,19,37,3144,620,3174,648,3161,633,3161,634
TRT000342-TEMP000004,ocean,#1f258b,504,TRT000342,33,26,56,50,45,38,46,37,3175,623,3198,647,3187,635,3188,634
TRT000342-TEMP000005,ocean,#042a6c,449,TRT000342,0,38,27,63,11,52,10,52,3142,635,3169,660,3153,649,3152,649
TRT000342-TEMP000006,ocean,#29448a,684,TRT000342,25,47,57,75,43,60,42,59,3167,644,3199,672,3185,657,3184,656
TRT000343-TEMP000001,ocean,#040869,559,TRT000343,6,43,38,74,26,58,26,60,3109,579,3141,610,3129,594,3129,596
TRT000343-TEMP000002,ocean,#23179f,606,TRT000343,34,40,63,78,46,62,46,62,3137,576,3166,614,3149,598,3149,598
TRT000343-TEMP000003,ocean,#134272,722,TRT000343,6,0,41,42,22,25,24,26,3109,536,3144,578,3125,561,3127,562
TRT000343-TEMP000004,ocean,#0d34a6,496,TRT000343,0,28,31,61,13,45,12,43,3103,564,3134,597,3116,581,3115,579
TRT000344-TEMP000001,ocean,#11277b,582,TRT000344,35,8,65,34,50,23,50,22,3117,604,3147,630,3132,619,3132,618
TRT000344-TEMP000002,ocean,#08476b,574,TRT000344,32,32,62,58,48,44,48,44,3114,628,3144,654,3130,640,3130,640
TRT000344-TEMP000003,ocean,#1e3090,727,TRT000344,0,23,36,51,19,36,21,36,3082,619,3118,647,3101,632,3103,632
TRT000344-TEMP000004,ocean,#0d1470,536,TRT000344,8,0,39,26,25,14,24,14,3090,596,3121,622,3107,610,3106,610
TRT000345-TEMP000001,ocean,#094686,562,TRT000345,26,0,61,23,43,10,43,10,3196,532,3231,555,3213,542,3213,542
TRT000345-TEMP000002,ocean,#080997,772,TRT000345,0,3,34,40,19,22,19,21,3170,535,3204,572,3189,554,3189,553
TRT000345-TEMP000003,ocean,#094e84,672,TRT000345,30,20,67,47,48,33,48,32,3200,552,3237,579,3218,565,3218,564
TRT000345-TEMP000004,ocean,#321290,584,TRT000345,48,39,72,68,60,56,60,55,3218,571,3242,600,3230,588,3230,587
TRT000345-TEMP000005,ocean,#3a2973,660,TRT000345,25,39,48,75,36,57,36,57,3195,571,3218,607,3206,589,3206,589
TRT000345-TEMP000006,ocean,#1d1a9e,428,TRT000345,5,41,28,74,18,59,17,59,3175,573,3198,606,3188,591,3187,591
TRT000346-TEMP000001,ocean,#2a39a6,521,TRT000346,0,23,25,51,10,37,10,37,3198,623,3223,651,3208,637,3208,637
TRT000346-TEMP000002,ocean,#263085,457,TRT000346,12,33,36,60,25,48,25,50,3210,633,3234,660,3223,648,3223,650
TRT000346-TEMP000003,ocean,#313baf,369,TRT000346,1,52,20,79,10,63,10,65,3199,652,3218,679,3208,663,3208,665
TRT000346-TEMP000004,ocean,#042a64,921,TRT000346,3,0,42,32,26,14,26,15,3201,600,3240,632,3224,614,3224,615
TRT000346-TEMP000005,ocean,#054189,298,TRT000346,14,61,33,79,25,70,26,71,3212,661,3231,679,3223,670,3224,671
TRT000347-TEMP000001,ocean,#3140a6,437,TRT000347,35,19,65,40,51,27,51,27,3050,640,3080,661,3066,648,3066,648
TRT000347-TEMP000002,ocean,#143c8e,487,TRT000347,23,29,56,60,41,42,41,42,3038,650,3071,681,3056,663,3056,663
TRT000347-TEMP000003,ocean,#183583,897,TRT000347,0,0,37,39,21,21,21,21,3015,621,3052,660,3036,642,3036,642
TRT000347-TEMP000004,ocean,#214e6c,528,TRT000347,31,0,69,18,50,10,51,10,3046,621,3084,639,3065,631,3066,631
TRT000348-TEMP000001,ocean,#1c449f,593,TRT000348,0,36,32,67,17,50,18,50,2973,622,3005,653,2990,636,2991,636
TRT000348-TEMP000002,ocean,#1a10ad,691,TRT000348,30,21,63,50,47,35,46,34,3003,607,3036,636,3020,621,3019,620
TRT000348-TEMP000003,ocean,#371391,497,TRT000348,27,0,57,23,43,13,42,12,3000,586,3030,609,3016,599,3015,598
TRT000348-TEMP000004,ocean,#14258d,558,TRT000348,22,44,53,73,37,59,37,59,2995,630,3026,659,3010,645,3010,645
TRT000348-TEMP000005,ocean,#274e6e,534,TRT000348,7,9,35,37,22,23,21,23,2980,595,3008,623,2995,609,2994,609
TRT000349-TEMP000001,ocean,#312b7e,762,TRT000349,42,41,71,80,54,59,54,58,3002,523,3031,562,3014,541,3014,540
TRT000349-TEMP000002,ocean,#1a1c76,758,TRT000349,56,47,91,87,73,68,73,69,3016,529,3051,569,3033,550,3033,551
TRT000349-TEMP000003,ocean,#1b00b0,543,TRT000349,9,48,43,75,29,60,29,60,2969,530,3003,557,2989,542,2989,542
TRT000349-TEMP000004,ocean,#171e67,553,TRT000349,0,26,24,57,14,40,14,39,2960,508,2984,539,2974,522,2974,521
TRT000349-TEMP000005,ocean,#120564,474,TRT000349,0,0,26,27,11,15,10,15,2960,482,2986,509,2971,497,2970,497
TRT000349-TEMP000006,ocean,#2f4068,481,TRT000349,24,23,51,51,35,38,35,38,2984,505,3011,533,2995,520,2995,520
TRT000350-TEMP000001,ocean,#394e8c,406,TRT000350,0,0,33,18,15,9,15,9,3007,457,3040,475,3022,466,3022,466
TRT000350-TEMP000002,ocean,#352276,373,TRT000350,2,15,28,37,18,24,17,24,3009,472,3035,494,3025,481,3024,481
TRT000350-TEMP000003,ocean,#383399,566,TRT000350,24,34,56,59,41,45,38,44,3031,491,3063,516,3048,502,3045,501
TRT000350-TEMP000004,ocean,#2835af,422,TRT000350,28,10,58,36,39,26,39,26,3035,467,3065,493,3046,483,3046,483
TRT000350-TEMP000005,ocean,#060b91,997,TRT000350,52,35,96,72,71,53,69,53,3059,492,3103,529,3078,510,3076,510
TRT000351-TEMP000001,ocean,#2a426e,223,TRT000351,11,11,30,31,21,21,19,26,3084,518,3103,538,3094,528,3092,533
TRT000351-TEMP000002,ocean,#21468d,375,TRT000351,20,23,47,50,35,34,36,33,3093,530,3120,557,3108,541,3109,540
TRT000351-TEMP000003,ocean,#2d249e,418,TRT000351,21,0,49,22,35,13,36,12,3094,507,3122,529,3108,520,3109,519
TRT000351-TEMP000004,ocean,#22077d,1200,TRT000351,0,32,35,86,20,59,21,61,3073,539,3108,593,3093,566,3094,568
TRT000352-TEMP000001,ocean,#2639a9,632,TRT000352,10,50,40,79,27,66,24,65,3034,595,3064,624,3051,611,3048,610
TRT000352-TEMP000002,ocean,#0a0575,331,TRT000352,8,10,33,33,19,24,20,24,3032,555,3057,578,3043,569,3044,569
TRT000352-TEMP000003,ocean,#21107f,220,TRT000352,0,43,20,66,10,54,8,52,3024,588,3044,611,3034,599,3032,597
TRT000352-TEMP000004,ocean,#133284,858,TRT000352,41,47,78,84,58,65,57,65,3065,592,3102,629,3082,610,3081,610
TRT000352-TEMP000005,ocean,#123564,802,TRT000352,29,29,71,60,47,44,47,45,3053,574,3095,605,3071,589,3071,590
TRT000352-TEMP000006,ocean,#201e92,457,TRT000352,19,0,45,31,33,14,32,14,3043,545,3069,576,3057,559,3056,559
TRT000353-TEMP000001,ocean,#3a2689,545,TRT000353,26,4,52,34,36,20,36,20,2978,546,3004,576,2988,562,2988,562
TRT000353-TEMP000002,ocean,#1c2370,367,TRT000353,50,17,80,38,64,28,65,28,3002,559,3032,580,3016,570,3017,570
TRT000353-TEMP000003,ocean,#191284,576,TRT000353,32,27,66,56,45,42,46,41,2984,569,3018,598,2997,584,2998,583
TRT000353-TEMP000004,ocean,#1902af,600,TRT000353,0,31,32,55,17,41,18,42,2952,573,2984,597,2969,583,2970,584
TRT000353-TEMP000005,ocean,#313680,491,TRT000353,0,0,25,34,16,20,15,20,2952,542,2977,576,2968,562,2967,562
TRT000354-TEMP000001,ocean,#09278b,536,TRT000354,0,24,23,58,10,41,10,40,3304,646,3327,680,3314,663,3314,662
TRT000354-TEMP000002,ocean,#19218c,592,TRT000354,15,10,44,42,30,28,30,30,3319,632,3348,664,3334,650,3334,652
TRT000354-TEMP000003,ocean,#1a0599,553,TRT000354,11,43,46,64,29,54,28,55,3315,665,3350,686,3333,676,3332,677
TRT000354-TEMP000004,ocean,#383b69,534,TRT000354,36,28,62,61,49,42,50,41,3340,650,3366,683,3353,664,3354,663
TRT000354-TEMP000005,ocean,#0635a7,720,TRT000354,35,0,75,28,55,15,54,15,3339,622,3379,650,3359,637,3358,637
TRT000355-TEMP000001,ocean,#27319f,594,TRT000355,14,21,50,48,31,36,28,36,3246,663,3282,690,3263,678,3260,678
TRT000355-TEMP000002,ocean,#0f4d8d,827,TRT000355,47,2,74,42,61,23,61,22,3279,644,3306,684,3293,665,3293,664
TRT000355-TEMP000003,ocean,#061f80,539,TRT000355,0,0,30,22,14,9,14,9,3232,642,3262,664,3246,651,3246,651
TRT000355-TEMP000004,ocean,#200c6d,684,TRT000355,26,1,56,33,40,14,40,17,3258,643,3288,675,3272,656,3272,659
TRT000355-TEMP000005,ocean,#2c3a9e,396,TRT000355,0,15,20,41,9,28,7,28,3232,657,3252,683,3241,670,3239,670
TRT000356-TEMP000001,ocean,#153470,613,TRT000356,0,1,31,29,13,15,14,15,3298,597,3329,625,3311,611,3312,611
TRT000356-TEMP000002,ocean,#1020b3,504,TRT000356,32,1,60,33,48,18,49,16,3330,597,3358,629,3346,614,3347,612
TRT000356-TEMP000003,ocean,#062f67,587,TRT000356,58,0,84,33,69,16,69,17,3356,596,3382,629,3367,612,3367,613
TRT000356-TEMP000004,ocean,#240db0,365,TRT000356,15,20,41,49,26,34,26,34,3313,616,3339,645,3324,630,3324,630
TRT000356-TEMP000005,ocean,#1618a8,464,TRT000356,0,26,21,55,9,41,8,41,3298,622,3319,651,3307,637,3306,637
TRT000357-TEMP000001,ocean,#160e9f,497,TRT000357,20,29,42,53,31,42,30,43,3252,618,3274,642,3263,631,3262,632
TRT000357-TEMP000002,ocean,#3944b1,455,TRT000357,42,35,65,54,54,44,54,45,3274,624,3297,643,3286,633,3286,634
TRT000357-TEMP000003,ocean,#011c9e,527,TRT000357,38,7,66,34,54,24,54,25,3270,596,3298,623,3286,613,3286,614
TRT000357-TEMP000004,ocean,#1c3a82,393,TRT000357,0,26,21,53,12,42,11,42,3232,615,3253,642,3244,631,3243,631
TRT000357-TEMP000005,ocean,#1c06a6,682,TRT000357,9,0,40,32,23,18,24,19,3241,589,3272,621,3255,607,3256,608
TRT000358-TEMP000001,ocean,#0a2fa5,504,TRT000358,26,9,49,34,37,21,37,22,2756,598,2779,623,2767,610,2767,611
TRT000358-TEMP000002,ocean,#261866,560,TRT000358,45,0,69,35,57,19,57,19,2775,589,2799,624,2787,608,2787,608
TRT000358-TEMP000003,ocean,#1c2b81,494,TRT000358,0,9,27,33,15,21,15,21,2730,598,2757,622,2745,610,2745,610
TRT000359-TEMP000001,ocean,#010486,533,TRT000359,32,22,58,51,44,38,46,37,2822,575,2848,604,2834,591,2836,590
TRT000359-TEMP000002,ocean,#3049a2,296,TRT000359,59,28,80,47,70,38,71,39,2849,581,2870,600,2860,591,2861,592
TRT000359-TEMP000003,ocean,#0147a8,304,TRT000359,48,14,73,38,58,26,61,27,2838,567,2863,591,2848,579,2851,580
TRT000359-TEMP000004,ocean,#04016d,817,TRT000359,0,24,34,61,18,43,19,43,2790,577,2824,614,2808,596,2809,596
TRT000359-TEMP000005,ocean,#0c049a,592,TRT000359,16,0,49,31,32,17,33,16,2806,553,2839,584,2822,570,2823,569
TRT000360-TEMP000001,ocean,#280c84,550,TRT000360,48,41,83,63,65,53,65,54,2916,574,2951,596,2933,586,2933,587
TRT000360-TEMP000002,ocean,#3b28a1,390,TRT000360,66,18,88,52,77,37,77,37,2934,551,2956,585,2945,570,2945,570
TRT000360-TEMP000003,ocean,#27486f,798,TRT000360,22,28,52,66,37,46,36,44,2890,561,2920,599,2905,579,2904,577
TRT000360-TEMP000004,ocean,#0e268f,532,TRT000360,48,12,77,42,62,28,62,29,2916,545,2945,575,2930,561,2930,562
TRT000360-TEMP000005,ocean,#37346d,739,TRT000360,0,30,31,66,14,48,14,49,2868,563,2899,599,2882,581,2882,582
TRT000360-TEMP000006,ocean,#0e0aa7,668,TRT000360,8,0,36,33,24,18,24,16,2876,533,2904,566,2892,551,2892,549
TRT000360-TEMP000007,ocean,#073e92,488,TRT000360,36,4,63,32,46,18,48,17,2904,537,2931,565,2914,551,2916,550
TRT000361-TEMP000001,ocean,#081f6c,441,TRT000361,43,40,71,66,58,52,58,51,2856,535,2884,561,2871,547,2871,546
TRT000361-TEMP000002,ocean,#0e4778,527,TRT000361,24,25,54,55,41,39,42,38,2837,520,2867,550,2854,534,2855,533
TRT000361-TEMP000003,ocean,#0d4876,393,TRT000361,53,21,75,45,64,33,65,33,2866,516,2888,540,2877,528,2878,528
TRT000361-TEMP000004,ocean,#261e9a,630,TRT000361,28,56,62,86,46,70,47,70,2841,551,2875,581,2859,565,2860,565
TRT000361-TEMP000005,ocean,#190796,789,TRT000361,0,35,39,71,21,54,22,54,2813,530,2852,566,2834,549,2835,549
TRT000361-TEMP000006,ocean,#003993,316,TRT000361,50,0,68,26,58,13,58,13,2863,495,2881,521,2871,508,2871,508
TRT000362-TEMP000001,ocean,#271597,489,TRT000362,0,14,30,38,15,24,15,23,2873,492,2903,516,2888,502,2888,501
TRT000362-TEMP000002,ocean,#0c1f9d,609,TRT000362,10,29,40,58,26,44,25,43,2883,507,2913,536,2899,522,2898,521
TRT000362-TEMP000003,ocean,#3a257a,531,TRT000362,33,40,60,66,48,53,49,54,2906,518,2933,544,2921,531,2922,532
TRT000362-TEMP000004,ocean,#2b0766,502,TRT000362,31,11,60,40,46,26,46,25,2904,489,2933,518,2919,504,2919,503
TRT000362-TEMP000005,ocean,#0734a0,473,TRT000362,61,39,86,73,71,55,72,54,2934,517,2959,551,2944,533,2945,532
TRT000362-TEMP000006,ocean,#00237a,635,TRT000362,59,0,92,31,76,14,76,15,2932,478,2965,509,2949,492,2949,493
TRT000362-TEMP000007,ocean,#03308a,490,TRT000362,49,19,78,48,63,35,62,35,2922,497,2951,526,2936,513,2935,513
TRT000363-TEMP000001,land,#97bb93,690,TRT000363,62,11,107,33,83,22,81,22,2820,503,2865,525,2841,514,2839,514
TRT000363-TEMP000002,land,#11b991,470,TRT000363,25,3,59,28,38,15,38,15,2783,495,2817,520,2796,507,2796,507
TRT000363-TEMP000003,land,#52b361,447,TRT000363,0,17,30,35,15,27,15,27,2758,509,2788,527,2773,519,2773,519
TRT000363-TEMP000004,land,#8def09,415,TRT000363,1,0,26,20,13,10,13,10,2759,492,2784,512,2771,502,2771,502
TRT000363-TEMP000005,land,#f29378,619,TRT000363,31,13,65,42,49,29,47,30,2789,505,2823,534,2807,521,2805,522
TRT000363-TEMP000006,land,#837331,380,TRT000363,0,33,32,50,14,40,14,41,2758,525,2790,542,2772,532,2772,533
TRT000364-TEMP000001,land,#9e31bf,392,TRT000364,0,3,26,29,13,17,13,18,2671,491,2697,517,2684,505,2684,506
TRT000364-TEMP000002,land,#c00321,459,TRT000364,31,18,60,57,45,32,45,32,2702,506,2731,545,2716,520,2716,520
TRT000364-TEMP000003,land,#6af4ca,508,TRT000364,17,0,42,29,30,12,29,12,2688,488,2713,517,2701,500,2700,500
TRT000364-TEMP000004,land,#2b07a9,707,TRT000364,62,4,88,42,78,22,77,22,2733,492,2759,530,2749,510,2748,510
TRT000364-TEMP000005,land,#aa6077,503,TRT000364,43,2,70,26,55,13,55,12,2714,490,2741,514,2726,501,2726,500
TRT000364-TEMP000006,land,#ec7e0e,617,TRT000364,37,27,86,58,62,44,62,44,2708,515,2757,546,2733,532,2733,532
TRT000365-TEMP000001,land,#41fc6e,464,TRT000365,0,14,25,43,13,31,12,33,2699,547,2724,576,2712,564,2711,566
TRT000365-TEMP000002,land,#0e251c,566,TRT000365,24,26,54,53,38,39,37,40,2723,559,2753,586,2737,572,2736,573
TRT000365-TEMP000003,land,#e06a50,429,TRT000365,0,42,28,67,14,52,15,53,2699,575,2727,600,2713,585,2714,586
TRT000365-TEMP000004,land,#dac89b,438,TRT000365,19,51,45,76,32,63,32,64,2718,584,2744,609,2731,596,2731,597
TRT000365-TEMP000005,land,#900d76,466,TRT000365,42,37,69,66,54,55,55,55,2741,570,2768,599,2753,588,2754,588
TRT000365-TEMP000006,land,#346c77,785,TRT000365,42,0,72,36,55,18,55,18,2741,533,2771,569,2754,551,2754,551
TRT000365-TEMP000007,land,#0f4377,525,TRT000365,10,4,41,31,29,18,28,18,2709,537,2740,564,2728,551,2727,551
TRT000365-TEMP000008,land,#8256a2,587,TRT000365,56,27,84,65,70,47,70,46,2755,560,2783,598,2769,580,2769,579
TRT000366-TEMP000001,land,#5366dc,704,TRT000366,0,11,32,40,16,26,17,24,2768,534,2800,563,2784,549,2785,547
TRT000366-TEMP000002,land,#728b08,570,TRT000366,29,5,56,40,41,19,43,18,2797,528,2824,563,2809,542,2811,541
TRT000366-TEMP000003,land,#828e82,210,TRT000366,52,0,85,14,65,4,67,4,2820,523,2853,537,2833,527,2835,527
TRT000366-TEMP000004,land,#d4ed3a,936,TRT000366,6,34,50,73,25,50,24,49,2774,557,2818,596,2793,573,2792,572
TRT000367-TEMP000001,land,#537f32,1488,TRT000367,0,0,103,38,54,22,54,22,3443,491,3546,529,3497,513,3497,513
TRT000368-TEMP000001,land,#9ce952,235,TRT000368,0,0,26,23,12,11,12,11,3105,492,3131,515,3117,503,3117,503
TRT000369-TEMP000001,land,#29054a,199,TRT000369,0,0,25,19,12,9,12,9,3130,497,3155,516,3142,506,3142,506
TRT000370-TEMP000001,land,#2b061a,1369,TRT000370,39,0,85,42,65,20,61,17,3955,497,4001,539,3981,517,3977,514
TRT000370-TEMP000002,land,#910b1c,1238,TRT000370,5,23,73,61,39,46,44,43,3921,520,3989,558,3955,543,3960,540
TRT000370-TEMP000003,land,#642089,1793,TRT000370,84,4,156,44,111,20,108,21,4000,501,4072,541,4027,517,4024,518
TRT000370-TEMP000004,land,#5816bb,745,TRT000370,0,6,40,33,23,19,19,24,3916,503,3956,530,3939,516,3935,521
TRT000371-TEMP000001,land,#2bb3ef,1863,TRT000371,0,27,62,82,30,56,29,57,4763,528,4825,583,4793,557,4792,558
TRT000371-TEMP000002,land,#68f516,1328,TRT000371,32,0,98,48,64,26,62,27,4795,501,4861,549,4827,527,4825,528
TRT000372-TEMP000001,lake,#0f27ad,430,TRT000372,0,0,61,22,28,11,28,11,1517,502,1578,524,1545,513,1545,513
TRT000373-TEMP000001,land,#3cf038,143,TRT000373,0,0,14,20,7,9,7,9,2951,504,2965,524,2958,513,2958,513
TRT000374-TEMP000001,land,#c1f365,1164,TRT000374,17,47,72,84,38,65,37,65,3659,551,3714,588,3680,569,3679,569
TRT000374-TEMP000002,land,#470fee,2098,TRT000374,65,0,105,79,83,37,82,38,3707,504,3747,583,3725,541,3724,542
TRT000374-TEMP000003,land,#245df5,949,TRT000374,0,7,35,57,21,35,20,35,3642,511,3677,561,3663,539,3662,539
TRT000374-TEMP000004,land,#4bd7d4,990,TRT000374,34,14,66,59,52,38,51,36,3676,518,3708,563,3694,542,3693,540
TRT000375-TEMP000001,land,#6319e7,854,TRT000375,87,51,127,96,102,71,103,71,3818,562,3858,607,3833,582,3834,582
TRT000375-TEMP000002,land,#cfbadf,1281,TRT000375,48,45,89,98,73,71,73,72,3779,556,3820,609,3804,582,3804,583
TRT000375-TEMP000003,land,#1ef8ba,1051,TRT000375,30,71,83,110,56,92,55,93,3761,582,3814,621,3787,603,3786,604
TRT000375-TEMP000004,land,#6ba9fd,1156,TRT000375,31,16,77,65,51,41,51,40,3762,527,3808,576,3782,552,3782,551
TRT000375-TEMP000005,land,#76f18b,1445,TRT000375,0,44,49,87,23,63,24,63,3731,555,3780,598,3754,574,3755,574
TRT000375-TEMP000006,land,#6c8817,1001,TRT000375,6,0,43,44,23,25,22,25,3737,511,3774,555,3754,536,3753,536
TRT000376-TEMP000001,land,#d3cf49,581,TRT000376,0,0,26,47,12,22,12,22,3118,507,3144,554,3130,529,3130,529
TRT000377-TEMP000001,land,#e59202,539,TRT000377,0,0,38,22,18,11,18,11,3137,511,3175,533,3155,522,3155,522
TRT000378-TEMP000001,ocean,#133c9e,330,TRT000378,0,0,32,25,14,13,14,13,3641,512,3673,537,3655,525,3655,525
TRT000379-TEMP000001,land,#f0733b,739,TRT000379,0,28,38,57,17,45,18,45,2668,542,2706,571,2685,559,2686,559
TRT000379-TEMP000002,land,#af58d3,573,TRT000379,10,9,49,37,29,24,29,22,2678,523,2717,551,2697,538,2697,536
TRT000379-TEMP000003,land,#bd1c98,533,TRT000379,9,54,37,79,22,67,22,67,2677,568,2705,593,2690,581,2690,581
TRT000379-TEMP000004,land,#9f74ab,436,TRT000379,9,0,49,20,25,9,24,8,2677,514,2717,534,2693,523,2692,522
TRT000380-TEMP000001,land,#93b928,429,TRT000380,0,0,46,24,20,11,20,11,3224,515,3270,539,3244,526,3244,526
TRT000381-TEMP000001,land,#8f5615,1679,TRT000381,0,0,75,53,40,23,40,23,3522,518,3597,571,3562,541,3562,541
TRT000382-TEMP000001,land,#b03a49,1827,TRT000382,46,0,97,49,74,26,75,28,3271,520,3322,569,3299,546,3300,548
TRT000382-TEMP000002,land,#28689d,828,TRT000382,74,41,99,87,88,62,89,65,3299,561,3324,607,3313,582,3314,585
TRT000382-TEMP000003,land,#f6dbbf,1033,TRT000382,44,43,75,87,60,66,61,67,3269,563,3300,607,3285,586,3286,587
TRT000382-TEMP000004,land,#d07d29,993,TRT000382,9,41,52,79,33,60,33,61,3234,561,3277,599,3258,580,3258,581
TRT000382-TEMP000005,land,#9e5624,1264,TRT000382,0,17,52,52,27,33,27,33,3225,537,3277,572,3252,553,3252,553
TRT000383-TEMP000001,land,#6233d3,1369,TRT000383,51,11,92,52,73,33,75,34,3373,526,3414,567,3395,548,3397,549
TRT000383-TEMP000002,land,#aa0023,1020,TRT000383,55,52,92,96,76,70,78,70,3377,567,3414,611,3398,585,3400,585
TRT000383-TEMP000003,land,#370b71,1562,TRT000383,0,0,61,43,34,18,36,19,3322,515,3383,558,3356,533,3358,534
TRT000383-TEMP000004,land,#18f9ed,1227,TRT000383,28,40,65,85,47,62,48,65,3350,555,3387,600,3369,577,3370,580
TRT000383-TEMP000005,land,#48c705,1184,TRT000383,1,7,37,59,14,39,14,41,3323,522,3359,574,3336,554,3336,556
TRT000383-TEMP000006,land,#5dd056,975,TRT000383,2,59,35,93,16,76,16,77,3324,574,3357,608,3338,591,3338,592
TRT000384-TEMP000001,land,#d8a278,1301,TRT000384,64,7,102,70,83,42,83,41,3478,530,3516,593,3497,565,3497,564
TRT000384-TEMP000002,land,#ef2c0e,1380,TRT000384,33,0,81,37,55,18,52,19,3447,523,3495,560,3469,541,3466,542
TRT000384-TEMP000003,land,#c3a048,1152,TRT000384,0,7,35,44,16,25,15,26,3414,530,3449,567,3430,548,3429,549
TRT000384-TEMP000004,land,#1c1c0e,1096,TRT000384,35,36,75,69,53,53,54,53,3449,559,3489,592,3467,576,3468,576
TRT000384-TEMP000005,land,#4faa34,1157,TRT000384,1,40,37,76,19,58,19,58,3415,563,3451,599,3433,581,3433,581
TRT000385-TEMP000001,land,#145cdf,1556,TRT000385,0,13,61,62,28,38,28,38,3131,533,3192,582,3159,558,3159,558
TRT000385-TEMP000002,land,#0c9912,567,TRT000385,20,3,66,25,47,14,48,13,3151,523,3197,545,3178,534,3179,533
TRT000385-TEMP000003,land,#93e4d7,278,TRT000385,65,0,101,14,83,8,84,8,3196,520,3232,534,3214,528,3215,528
TRT000386-TEMP000001,land,#ed7385,476,TRT000386,0,0,24,36,13,18,13,18,2944,527,2968,563,2957,545,2957,545
TRT000387-TEMP000001,land,#da67ef,537,TRT000387,0,0,46,36,22,15,22,15,3498,528,3544,564,3520,543,3520,543
TRT000388-TEMP000001,land,#43cfbe,1841,TRT000388,100,50,156,101,128,75,127,77,4966,579,5022,630,4994,604,4993,606
TRT000388-TEMP000002,land,#d12816,1477,TRT000388,58,61,111,119,84,93,84,93,4924,590,4977,648,4950,622,4950,622
TRT000388-TEMP000003,land,#92ac64,929,TRT000388,0,86,60,114,33,100,34,100,4866,615,4926,643,4899,629,4900,629
TRT000388-TEMP000004,land,#b31161,1567,TRT000388,130,0,173,64,153,30,152,32,4996,529,5039,593,5019,559,5018,561
TRT000389-TEMP000001,ocean,#313b9d,156,TRT000389,0,0,36,11,18,6,18,6,3239,530,3275,541,3257,536,3257,536
TRT000390-TEMP000001,land,#c5d2be,120,TRT000390,0,0,22,16,11,8,11,8,3900,531,3922,547,3911,539,3911,539
TRT000391-TEMP000001,land,#937e7e,1594,TRT000391,63,12,120,54,87,32,92,32,3934,556,3991,598,3958,576,3963,576
TRT000391-TEMP000002,land,#1d885f,1792,TRT000391,0,0,66,50,32,24,38,26,3871,544,3937,594,3903,568,3909,570
TRT000392-TEMP000001,land,#5ddf8b,93,TRT000392,0,0,19,10,10,5,10,5,3901,544,3920,554,3911,549,3911,549
TRT000393-TEMP000001,land,#a95fa9,1442,TRT000393,1,0,50,47,28,23,28,24,4794,570,4843,617,4821,593,4821,594
TRT000393-TEMP000002,land,#2a5d67,935,TRT000393,0,28,48,65,19,48,17,49,4793,598,4841,635,4812,618,4810,619
TRT000394-TEMP000001,land,#a77f92,1048,TRT000394,56,22,94,65,77,47,79,48,3873,593,3911,636,3894,618,3896,619
TRT000394-TEMP000002,land,#de7fad,1891,TRT000394,0,19,54,78,26,49,29,51,3817,590,3871,649,3843,620,3846,622
TRT000394-TEMP000003,land,#0d382d,980,TRT000394,79,0,125,36,104,21,105,20,3896,571,3942,607,3921,592,3922,591
TRT000394-TEMP000004,land,#4ba39d,1276,TRT000394,51,59,99,107,73,80,73,80,3868,630,3916,678,3890,651,3890,651
TRT000394-TEMP000005,land,#085999,1069,TRT000394,26,15,78,58,52,31,55,30,3843,586,3895,629,3869,602,3872,601
TRT000394-TEMP000006,land,#1dfda2,798,TRT000394,90,37,120,70,104,53,105,52,3907,608,3937,641,3921,624,3922,623
TRT000394-TEMP000007,land,#463ab7,1214,TRT000394,22,67,68,113,46,91,47,93,3839,638,3885,684,3863,662,3864,664
TRT000395-TEMP000001,land,#a0cdd3,988,TRT000395,4,69,46,102,29,87,24,86,3768,679,3810,712,3793,697,3788,696
TRT000395-TEMP000002,land,#79ae25,1850,TRT000395,44,56,95,102,69,79,66,80,3808,666,3859,712,3833,689,3830,690
TRT000395-TEMP000003,land,#7a3381,1107,TRT000395,4,36,52,73,30,57,30,55,3768,646,3816,683,3794,667,3794,665
TRT000395-TEMP000004,land,#faabab,770,TRT000395,0,15,29,63,12,37,11,37,3764,625,3793,673,3776,647,3775,647
TRT000395-TEMP000005,land,#f197fd,1172,TRT000395,38,12,84,60,60,40,59,38,3802,622,3848,670,3824,650,3823,648
TRT000395-TEMP000006,land,#a964cf,959,TRT000395,9,0,56,36,34,18,31,17,3773,610,3820,646,3798,628,3795,627
TRT000396-TEMP000001,land,#0e930c,57,TRT000396,0,0,15,26,8,13,8,13,1615,569,1630,595,1623,582,1623,582
TRT000397-TEMP000001,land,#659821,1307,TRT000397,59,0,100,46,76,25,75,25,3676,663,3717,709,3693,688,3692,688
TRT000397-TEMP000002,land,#b55525,1341,TRT000397,70,38,110,89,88,62,88,63,3687,701,3727,752,3705,725,3705,726
TRT000397-TEMP000003,land,#984879,976,TRT000397,38,36,74,71,56,54,56,55,3655,699,3691,734,3673,717,3673,718
TRT000397-TEMP000004,land,#a261ae,1099,TRT000397,23,0,60,44,44,23,43,24,3640,663,3677,707,3661,686,3660,687
TRT000397-TEMP000005,land,#e6c454,1199,TRT000397,0,35,39,83,21,59,21,59,3617,698,3656,746,3638,722,3638,722
TRT000397-TEMP000006,land,#4dfe45,968,TRT000397,26,67,77,95,52,81,51,82,3643,730,3694,758,3669,744,3668,745
TRT000398-TEMP000001,land,#9895db,1454,TRT000398,48,0,97,53,70,30,68,30,3757,707,3806,760,3779,737,3777,737
TRT000398-TEMP000002,land,#b9f4e5,1085,TRT000398,33,37,78,73,53,56,52,57,3742,744,3787,780,3762,763,3761,764
TRT000398-TEMP000003,land,#952f32,1312,TRT000398,9,0,56,41,33,19,31,21,3718,707,3765,748,3742,726,3740,728
TRT000398-TEMP000004,land,#40716a,1012,TRT000398,0,28,35,68,18,49,17,50,3709,735,3744,775,3727,756,3726,757
TRT000399-TEMP000001,land,#da61bb,857,TRT000399,39,0,77,50,61,27,61,26,3737,601,3775,651,3759,628,3759,627
TRT000399-TEMP000002,land,#811882,1355,TRT000399,13,33,68,76,42,55,42,56,3711,634,3766,677,3740,656,3740,657
TRT000399-TEMP000003,land,#7d9728,1362,TRT000399,37,64,85,109,60,89,59,89,3735,665,3783,710,3758,690,3757,690
TRT000399-TEMP000004,land,#cb6afd,1200,TRT000399,0,58,42,109,25,82,24,83,3698,659,3740,710,3723,683,3722,684
TRT000400-TEMP000001,land,#014557,1512,TRT000400,0,22,48,79,25,46,26,50,3636,596,3684,653,3661,620,3662,624
TRT000400-TEMP000002,land,#17e478,1224,TRT000400,21,0,78,38,51,17,49,18,3657,574,3714,612,3687,591,3685,592
TRT000400-TEMP000003,land,#7e74a9,1273,TRT000400,25,56,77,94,52,76,54,77,3661,630,3713,668,3688,650,3690,651
TRT000400-TEMP000004,land,#d4f430,1085,TRT000400,44,13,86,58,66,38,66,39,3680,587,3722,632,3702,612,3702,613
TRT000400-TEMP000005,land,#425a10,891,TRT000400,63,40,106,80,84,59,84,59,3699,614,3742,654,3720,633,3720,633
TRT000400-TEMP000006,land,#d63f68,1485,TRT000400,79,5,136,52,103,28,103,28,3715,579,3772,626,3739,602,3739,602
TRT000401-TEMP000001,land,#332bed,1478,TRT000401,62,23,116,65,89,47,88,48,3608,622,3662,664,3635,646,3634,647
TRT000401-TEMP000002,land,#509692,1443,TRT000401,44,0,99,44,72,21,70,21,3590,599,3645,643,3618,620,3616,620
TRT000401-TEMP000003,land,#66467e,1084,TRT000401,44,58,77,103,60,82,61,85,3590,657,3623,702,3606,681,3607,684
TRT000401-TEMP000004,land,#508e4c,1469,TRT000401,2,27,63,70,38,51,37,53,3548,626,3609,669,3584,650,3583,652
TRT000401-TEMP000005,land,#d6ebe2,1000,TRT000401,0,60,45,105,30,82,30,83,3546,659,3591,704,3576,681,3576,682
TRT000401-TEMP000006,land,#45955f,1032,TRT000401,74,59,120,100,93,77,92,79,3620,658,3666,699,3639,676,3638,678
TRT000401-TEMP000007,land,#6dac30,602,TRT000401,55,93,90,129,72,107,72,110,3601,692,3636,728,3618,706,3618,709
TRT000402-TEMP000001,land,#7341f8,891,TRT000402,0,0,34,39,16,19,15,19,3507,551,3541,590,3523,570,3522,570
TRT000402-TEMP000002,land,#0762f3,1211,TRT000402,33,1,75,47,53,24,52,24,3540,552,3582,598,3560,575,3559,575
TRT000402-TEMP000003,land,#d9cff8,1039,TRT000402,9,29,53,68,32,48,29,48,3516,580,3560,619,3539,599,3536,599
TRT000402-TEMP000004,land,#9510a5,1754,TRT000402,50,31,114,82,76,55,74,56,3557,582,3621,633,3583,606,3581,607
TRT000402-TEMP000005,land,#495d2f,1365,TRT000402,21,63,69,107,43,85,42,86,3528,614,3576,658,3550,636,3549,637
TRT000403-TEMP000001,land,#e1d794,374,TRT000403,0,0,34,27,17,12,17,12,3147,573,3181,600,3164,585,3164,585
TRT000404-TEMP000001,land,#9b0723,485,TRT000404,0,0,47,23,26,10,26,10,3011,575,3058,598,3037,585,3037,585
TRT000405-TEMP000001,land,#9f8de2,107,TRT000405,0,0,30,9,15,5,15,5,3953,587,3983,596,3968,592,3968,592
TRT000406-TEMP000001,land,#ea1d7b,1276,TRT000406,15,55,62,110,39,78,38,80,2949,644,2996,699,2973,667,2972,669
TRT000406-TEMP000002,land,#e7a63b,1456,TRT000406,11,0,55,49,33,23,35,28,2945,589,2989,638,2967,612,2969,617
TRT000406-TEMP000003,land,#be42b3,979,TRT000406,0,30,40,75,18,53,16,51,2934,619,2974,664,2952,642,2950,640
TRT000407-TEMP000001,land,#93d124,1355,TRT000407,0,6,60,51,33,24,36,26,3425,648,3485,693,3458,666,3461,668
TRT000407-TEMP000002,land,#a5a213,1365,TRT000407,60,35,114,75,91,55,93,55,3485,677,3539,717,3516,697,3518,697
TRT000407-TEMP000003,land,#35435f,1114,TRT000407,90,0,133,43,106,23,107,24,3515,642,3558,685,3531,665,3532,666
TRT000407-TEMP000004,land,#b39c76,1043,TRT000407,110,27,148,76,126,51,128,51,3535,669,3573,718,3551,693,3553,693
TRT000407-TEMP000005,land,#8b5f0f,1383,TRT000407,52,3,92,49,72,23,73,20,3477,645,3517,691,3497,665,3498,662
TRT000408-TEMP000001,land,#48bfe4,1579,TRT000408,42,0,96,50,70,19,72,21,3465,589,3519,639,3493,608,3495,610
TRT000408-TEMP000002,land,#30ccb4,1116,TRT000408,71,10,115,57,93,38,96,39,3494,599,3538,646,3516,627,3519,628
TRT000408-TEMP000003,land,#6babdc,1387,TRT000408,0,13,70,64,41,48,41,47,3423,602,3493,653,3464,637,3464,636
TRT000409-TEMP000001,land,#883cd1,1939,TRT000409,40,0,103,57,66,26,64,26,3416,590,3479,647,3442,616,3440,616
TRT000409-TEMP000002,land,#ef65d0,1602,TRT000409,0,6,50,55,26,30,25,33,3376,596,3426,645,3402,620,3401,623
TRT000409-TEMP000003,land,#172be8,944,TRT000409,0,47,52,77,21,61,19,63,3376,637,3428,667,3397,651,3395,653
TRT000410-TEMP000001,land,#9b85ce,1125,TRT000410,36,46,84,93,58,71,58,71,3947,637,3995,684,3969,662,3969,662
TRT000410-TEMP000002,land,#87e287,1474,TRT000410,20,4,65,48,46,24,46,24,3931,595,3976,639,3957,615,3957,615
TRT000410-TEMP000003,land,#c3c7e2,1156,TRT000410,0,33,49,76,27,55,27,55,3911,624,3960,667,3938,646,3938,646
TRT000410-TEMP000004,land,#17e354,1280,TRT000410,66,0,111,42,84,24,84,24,3977,591,4022,633,3995,615,3995,615
TRT000411-TEMP000001,land,#e3983e,1201,TRT000411,87,27,133,71,108,50,107,48,3859,711,3905,755,3880,734,3879,732
TRT000411-TEMP000002,land,#ce2100,1384,TRT000411,46,25,86,73,65,47,66,47,3818,709,3858,757,3837,731,3838,731
TRT000411-TEMP000003,land,#02a9d4,1005,TRT000411,0,24,50,63,29,40,29,39,3772,708,3822,747,3801,724,3801,723
TRT000411-TEMP000004,land,#377e20,1265,TRT000411,65,56,113,98,88,77,90,77,3837,740,3885,782,3860,761,3862,761
TRT000411-TEMP000005,land,#5a42d8,1443,TRT000411,9,57,65,95,39,79,40,79,3781,741,3837,779,3811,763,3812,763
TRT000411-TEMP000006,land,#6e3366,829,TRT000411,70,0,111,41,91,22,91,20,3842,684,3883,725,3863,706,3863,704
TRT000411-TEMP000007,land,#96bebc,1205,TRT000411,113,60,156,110,133,88,133,88,3885,744,3928,794,3905,772,3905,772
TRT000411-TEMP000008,land,#22f534,810,TRT000411,89,80,129,116,110,101,110,102,3861,764,3901,800,3882,785,3882,786
TRT000412-TEMP000001,land,#b6604f,1296,TRT000412,0,22,50,62,25,41,27,41,3867,675,3917,715,3892,694,3894,694
TRT000412-TEMP000002,land,#5f0969,974,TRT000412,22,50,63,91,42,71,42,72,3889,703,3930,744,3909,724,3909,725
TRT000412-TEMP000003,land,#c490ce,1180,TRT000412,49,38,93,84,69,60,69,60,3916,691,3960,737,3936,713,3936,713
TRT000412-TEMP000004,land,#0a065a,1158,TRT000412,68,15,116,59,90,36,89,36,3935,668,3983,712,3957,689,3956,689
TRT000412-TEMP000005,land,#099234,1263,TRT000412,33,0,77,43,54,21,54,20,3900,653,3944,696,3921,674,3921,673
TRT000413-TEMP000001,land,#b8c423,54,TRT000413,0,0,22,7,11,3,11,3,3197,619,3219,626,3208,622,3208,622
TRT000414-TEMP000001,land,#768b1a,1270,TRT000414,53,0,101,43,76,23,76,21,2713,611,2761,654,2736,634,2736,632
TRT000414-TEMP000002,land,#78662b,1580,TRT000414,58,41,109,91,82,65,82,63,2718,652,2769,702,2742,676,2742,674
TRT000414-TEMP000003,land,#fa7848,1323,TRT000414,20,24,70,68,47,48,48,46,2680,635,2730,679,2707,659,2708,657
TRT000414-TEMP000004,land,#908159,1626,TRT000414,90,9,138,62,113,37,113,36,2750,620,2798,673,2773,648,2773,647
TRT000414-TEMP000005,land,#f3dda2,1468,TRT000414,0,45,40,112,18,77,19,74,2660,656,2700,723,2678,688,2679,685
TRT000414-TEMP000006,land,#8b35bc,1357,TRT000414,13,68,75,119,45,89,44,90,2673,679,2735,730,2705,700,2704,701
TRT000415-TEMP000001,land,#515abd,1568,TRT000415,41,19,98,76,70,46,76,40,2592,728,2649,785,2621,755,2627,749
TRT000415-TEMP000002,land,#66137a,2282,TRT000415,0,53,67,129,32,96,35,92,2551,762,2618,838,2583,805,2586,801
TRT000415-TEMP000003,land,#7d40b4,1145,TRT000415,88,0,128,43,109,24,112,23,2639,709,2679,752,2660,733,2663,732
TRT000416-TEMP000001,land,#d00f41,119,TRT000416,0,0,24,11,12,6,12,6,3323,619,3347,630,3335,625,3335,625
TRT000417-TEMP000001,land,#ed287d,1665,TRT000417,84,25,133,76,107,51,107,51,2763,701,2812,752,2786,727,2786,727
TRT000417-TEMP000002,land,#a2ed88,1556,TRT000417,37,24,83,72,61,51,61,51,2716,700,2762,748,2740,727,2740,727
TRT000417-TEMP000003,land,#204b3e,1854,TRT000417,80,76,132,132,104,102,105,101,2759,752,2811,808,2783,778,2784,777
TRT000417-TEMP000004,land,#f4bc25,1431,TRT000417,112,38,153,96,134,68,135,68,2791,714,2832,772,2813,744,2814,744
TRT000417-TEMP000005,land,#352d43,1654,TRT000417,36,68,92,117,67,89,68,90,2715,744,2771,793,2746,765,2747,766
TRT000417-TEMP000006,land,#2497cd,1232,TRT000417,62,0,117,46,88,23,88,23,2741,676,2796,722,2767,699,2767,699
TRT000417-TEMP000007,land,#a7d67e,1823,TRT000417,0,35,47,89,24,61,25,61,2679,711,2726,765,2703,737,2704,737
TRT000418-TEMP000001,land,#5836a9,2358,TRT000418,83,3,139,58,112,27,110,27,2915,699,2971,754,2944,723,2942,723
TRT000418-TEMP000002,land,#5a07fb,1606,TRT000418,66,34,125,86,89,59,89,60,2898,730,2957,782,2921,755,2921,756
TRT000418-TEMP000003,land,#9e6d73,2144,TRT000418,27,0,83,48,58,22,56,24,2859,696,2915,744,2890,718,2888,720
TRT000418-TEMP000004,land,#354fdb,1556,TRT000418,0,10,43,68,21,41,19,41,2832,706,2875,764,2853,737,2851,737
TRT000418-TEMP000005,land,#df50a5,1588,TRT000418,25,47,76,97,53,70,52,71,2857,743,2908,793,2885,766,2884,767
TRT000419-TEMP000001,land,#605bc5,2830,TRT000419,69,42,122,123,97,86,96,82,2851,795,2904,876,2879,839,2878,835
TRT000419-TEMP000002,land,#908e90,1650,TRT000419,34,48,82,103,59,73,57,72,2816,801,2864,856,2841,826,2839,825
TRT000419-TEMP000003,land,#f98c25,1841,TRT000419,48,0,112,55,75,31,70,28,2830,753,2894,808,2857,784,2852,781
TRT000419-TEMP000004,land,#c5b758,1118,TRT000419,19,3,57,54,41,32,39,34,2801,756,2839,807,2823,785,2821,787
TRT000419-TEMP000005,land,#52b8c0,931,TRT000419,0,37,43,77,23,56,22,56,2782,790,2825,830,2805,809,2804,809
TRT000420-TEMP000001,land,#8783ff,1745,TRT000420,48,36,107,84,73,58,73,58,2943,786,3002,834,2968,808,2968,808
TRT000420-TEMP000002,land,#817284,1648,TRT000420,4,68,56,118,24,88,24,88,2899,818,2951,868,2919,838,2919,838
TRT000420-TEMP000003,land,#985d5f,1703,TRT000420,0,25,50,70,25,51,25,50,2895,775,2945,820,2920,801,2920,800
TRT000420-TEMP000004,land,#f433bd,1298,TRT000420,31,0,79,48,57,25,58,25,2926,750,2974,798,2952,775,2953,775
TRT000421-TEMP000001,land,#6bebfc,2109,TRT000421,0,3,49,58,25,30,26,32,2861,596,2910,651,2886,623,2887,625
TRT000421-TEMP000002,land,#a4d695,1775,TRT000421,8,57,56,105,31,82,32,83,2869,650,2917,698,2892,675,2893,676
TRT000421-TEMP000003,land,#5a48d8,1268,TRT000421,55,71,103,113,81,93,82,94,2916,664,2964,706,2942,686,2943,687
TRT000421-TEMP000004,land,#eb9c7f,1636,TRT000421,40,0,87,43,65,21,65,21,2901,593,2948,636,2926,614,2926,614
TRT000421-TEMP000005,land,#67f616,1357,TRT000421,38,43,85,89,61,63,63,65,2899,636,2946,682,2922,656,2924,658
TRT000422-TEMP000001,land,#aa4f8f,1638,TRT000422,32,80,96,133,64,106,63,106,2801,678,2865,731,2833,704,2832,704
TRT000422-TEMP000002,land,#d81074,1953,TRT000422,0,53,63,103,36,77,39,75,2769,651,2832,701,2805,675,2808,673
TRT000422-TEMP000003,land,#c36966,1828,TRT000422,62,45,104,102,84,71,86,71,2831,643,2873,700,2853,669,2855,669
TRT000422-TEMP000004,land,#56ccf5,1856,TRT000422,51,0,99,50,77,25,76,24,2820,598,2868,648,2846,623,2845,622
TRT000422-TEMP000005,land,#b0bfce,1499,TRT000422,15,10,62,55,39,36,37,35,2784,608,2831,653,2808,634,2806,633
TRT000423-TEMP000001,land,#f5ddf3,135,TRT000423,0,0,21,24,10,11,10,11,3367,631,3388,655,3377,642,3377,642
TRT000424-TEMP000001,land,#53298f,290,TRT000424,0,0,36,27,18,12,18,12,4888,633,4924,660,4906,645,4906,645
TRT000425-TEMP000001,ocean,#174c9e,85,TRT000425,0,0,26,13,14,6,14,6,4867,639,4893,652,4881,645,4881,645
TRT000426-TEMP000001,ocean,#1a2d99,576,TRT000426,0,0,35,43,18,20,18,20,4847,642,4882,685,4865,662,4865,662
TRT000427-TEMP000001,land,#7c0ef2,1746,TRT000427,0,0,66,64,28,32,28,32,3363,652,3429,716,3391,684,3391,684
TRT000428-TEMP000001,land,#142cb9,60,TRT000428,0,0,14,12,7,7,7,7,3363,652,3377,664,3370,659,3370,659
TRT000429-TEMP000001,land,#81ba8e,1237,TRT000429,48,43,88,87,70,64,71,65,4006,901,4046,945,4028,922,4029,923
TRT000429-TEMP000002,land,#cafcb3,1265,TRT000429,16,59,63,102,39,80,40,81,3974,917,4021,960,3997,938,3998,939
TRT000429-TEMP000003,land,#0c45f1,1146,TRT000429,40,0,81,47,61,25,61,25,3998,858,4039,905,4019,883,4019,883
TRT000429-TEMP000004,land,#0a70c7,1235,TRT000429,12,8,57,58,36,33,38,36,3970,866,4015,916,3994,891,3996,894
TRT000429-TEMP000005,land,#62042b,1104,TRT000429,0,19,36,75,17,48,17,50,3958,877,3994,933,3975,906,3975,908
TRT000430-TEMP000001,land,#5c27d0,1358,TRT000430,24,0,87,39,54,20,52,20,4062,849,4125,888,4092,869,4090,869
TRT000430-TEMP000002,land,#ac2ebb,1294,TRT000430,0,18,38,62,18,41,15,44,4038,867,4076,911,4056,890,4053,893
TRT000430-TEMP000003,land,#6bbbba,1501,TRT000430,37,24,97,70,63,45,60,47,4075,873,4135,919,4101,894,4098,896
TRT000430-TEMP000004,land,#487594,1057,TRT000430,6,56,48,95,24,74,23,76,4044,905,4086,944,4062,923,4061,925
TRT000431-TEMP000001,land,#bd5e72,1168,TRT000431,40,32,80,72,61,50,62,49,4139,823,4179,863,4160,841,4161,840
TRT000431-TEMP000002,land,#7eef34,625,TRT000431,73,0,106,23,89,10,91,9,4172,791,4205,814,4188,801,4190,800
TRT000431-TEMP000003,land,#2418ef,1195,TRT000431,35,0,76,34,57,16,59,16,4134,791,4175,825,4156,807,4158,807
TRT000431-TEMP000004,land,#adff95,1371,TRT000431,4,44,55,91,31,65,33,66,4103,835,4154,882,4130,856,4132,857
TRT000431-TEMP000005,land,#5bd4c0,1793,TRT000431,0,0,42,53,20,25,21,26,4099,791,4141,844,4119,816,4120,817
TRT000431-TEMP000006,land,#9e1243,751,TRT000431,73,18,111,45,93,31,94,31,4172,809,4210,836,4192,822,4193,822
TRT000432-TEMP000001,land,#a91471,1320,TRT000432,32,0,88,37,53,14,51,13,4041,797,4097,834,4062,811,4060,810
TRT000432-TEMP000002,land,#fe2a55,1123,TRT000432,0,30,38,73,16,48,17,47,4009,827,4047,870,4025,845,4026,844
TRT000432-TEMP000003,land,#7e73f9,1614,TRT000432,46,0,93,62,74,36,72,36,4055,797,4102,859,4083,833,4081,833
TRT000432-TEMP000004,land,#0d512d,977,TRT000432,0,1,33,33,16,17,14,17,4009,798,4042,830,4025,814,4023,814
TRT000432-TEMP000005,land,#e34063,1116,TRT000432,17,36,66,79,40,60,38,62,4026,833,4075,876,4049,857,4047,859
TRT000433-TEMP000001,land,#cf1568,1242,TRT000433,43,44,81,86,62,62,60,64,4029,980,4067,1022,4048,998,4046,1000
TRT000433-TEMP000002,land,#21c480,1725,TRT000433,41,0,87,45,64,24,63,24,4027,936,4073,981,4050,960,4049,960
TRT000433-TEMP000003,land,#e89d26,1020,TRT000433,8,36,48,77,30,56,29,55,3994,972,4034,1013,4016,992,4015,991
TRT000433-TEMP000004,land,#9c9ee5,1005,TRT000433,24,71,65,110,42,90,42,91,4010,1007,4051,1046,4028,1026,4028,1027
TRT000433-TEMP000005,land,#81bf66,1078,TRT000433,0,8,43,48,22,29,21,29,3986,944,4029,984,4008,965,4007,965
TRT000434-TEMP000001,land,#2746d9,1022,TRT000434,88,27,120,70,105,47,104,48,3976,827,4008,870,3993,847,3992,848
TRT000434-TEMP000002,land,#8b4bba,1133,TRT000434,65,28,96,84,79,55,78,53,3953,828,3984,884,3967,855,3966,853
TRT000434-TEMP000003,land,#da77b5,1271,TRT000434,31,6,74,48,51,24,49,25,3919,806,3962,848,3939,824,3937,825
TRT000434-TEMP000004,land,#c84b55,763,TRT000434,0,6,37,45,23,21,22,21,3888,806,3925,845,3911,821,3910,821
TRT000434-TEMP000005,land,#2101d7,1467,TRT000434,71,0,120,33,97,15,97,15,3959,800,4008,833,3985,815,3985,815
TRT000435-TEMP000001,land,#a9acb9,1285,TRT000435,40,0,74,53,55,27,55,29,4005,618,4039,671,4020,645,4020,647
TRT000435-TEMP000002,land,#e0e3cd,1258,TRT000435,0,53,39,99,25,78,25,77,3965,671,4004,717,3990,696,3990,695
TRT000435-TEMP000003,land,#e9722c,1272,TRT000435,40,53,70,98,54,75,54,77,4005,671,4035,716,4019,693,4019,695
TRT000435-TEMP000004,land,#dfab26,1016,TRT000435,7,11,39,52,25,30,25,29,3972,629,4004,670,3990,648,3990,647
TRT000435-TEMP000005,land,#374ab1,1032,TRT000435,69,56,116,92,86,77,86,76,4034,674,4081,710,4051,695,4051,694
TRT000435-TEMP000006,land,#b0d4ee,940,TRT000435,59,10,96,57,76,37,77,36,4024,628,4061,675,4041,655,4042,654
TRT000436-TEMP000001,land,#839a32,1166,TRT000436,29,45,75,94,54,67,53,65,3916,751,3962,800,3941,773,3940,771
TRT000436-TEMP000002,land,#3ab39a,1604,TRT000436,56,56,105,99,83,78,80,80,3943,762,3992,805,3970,784,3967,786
TRT000436-TEMP000003,land,#ec985d,963,TRT000436,17,25,62,63,39,43,38,43,3904,731,3949,769,3926,749,3925,749
TRT000436-TEMP000004,land,#427c10,1885,TRT000436,58,0,103,56,82,31,83,32,3945,706,3990,762,3969,737,3970,738
TRT000436-TEMP000005,land,#e4e94c,637,TRT000436,0,83,55,99,28,93,25,94,3887,789,3942,805,3915,799,3912,800
TRT000437-TEMP000001,land,#b9a274,1453,TRT000437,55,20,91,67,72,46,71,46,4125,743,4161,790,4142,769,4141,769
TRT000437-TEMP000002,land,#9e7b32,1266,TRT000437,21,20,56,72,42,46,40,47,4091,743,4126,795,4112,769,4110,770
TRT000437-TEMP000003,land,#d3da1a,891,TRT000437,2,42,37,73,16,59,15,61,4072,765,4107,796,4086,782,4085,784
TRT000437-TEMP000004,land,#e77866,1138,TRT000437,0,0,41,41,16,23,15,23,4070,723,4111,764,4086,746,4085,746
TRT000437-TEMP000005,land,#7150cc,1238,TRT000437,89,33,137,67,110,52,110,52,4159,756,4207,790,4180,775,4180,775
TRT000438-TEMP000001,land,#94d8be,1210,TRT000438,4,39,51,77,29,58,29,59,3990,739,4037,777,4015,758,4015,759
TRT000438-TEMP000002,land,#a98a18,1105,TRT000438,49,31,85,76,70,54,71,53,4035,731,4071,776,4056,754,4057,753
TRT000438-TEMP000003,land,#b3cfac,1057,TRT000438,0,14,39,52,19,31,18,31,3986,714,4025,752,4005,731,4004,731
TRT000438-TEMP000004,land,#576d52,1408,TRT000438,37,0,96,45,61,23,58,24,4023,700,4082,745,4047,723,4044,724
TRT000438-TEMP000005,land,#c6e222,1270,TRT000438,40,64,85,99,61,83,59,84,4026,764,4071,799,4047,783,4045,784
TRT000438-TEMP000006,land,#3a66f1,939,TRT000438,6,66,39,99,21,85,20,86,3992,766,4025,799,4007,785,4006,786
TRT000439-TEMP000001,land,#7e74cb,61,TRT000439,0,0,9,18,4,9,4,9,3363,664,3372,682,3367,673,3367,673
TRT000440-TEMP000001,land,#8a8474,1354,TRT000440,0,21,37,89,19,55,18,54,2962,676,2999,744,2981,710,2980,709
TRT000440-TEMP000002,land,#f1852e,1700,TRT000440,19,0,76,45,49,22,51,23,2981,655,3038,700,3011,677,3013,678
TRT000440-TEMP000003,land,#7fabf0,1401,TRT000440,20,43,67,92,44,67,44,65,2982,698,3029,747,3006,722,3006,720
TRT000440-TEMP000004,land,#cbddec,2753,TRT000440,2,89,69,152,36,117,36,116,2964,744,3031,807,2998,772,2998,771
TRT000440-TEMP000005,land,#c8ede4,1467,TRT000440,63,7,104,62,83,36,85,35,3025,662,3066,717,3045,691,3047,690
TRT000440-TEMP000006,land,#2fae20,1409,TRT000440,46,56,90,115,68,83,69,82,3008,711,3052,770,3030,738,3031,737
TRT000441-TEMP000001,land,#88787c,2210,TRT000441,36,0,97,56,66,26,67,27,3053,684,3114,740,3083,710,3084,711
TRT000441-TEMP000002,land,#da3178,1355,TRT000441,54,57,104,106,79,84,78,83,3071,741,3121,790,3096,768,3095,767
TRT000441-TEMP000003,land,#12cc5b,1747,TRT000441,18,35,68,92,42,66,42,66,3035,719,3085,776,3059,750,3059,750
TRT000441-TEMP000004,land,#e9eff4,1326,TRT000441,71,30,118,87,96,60,98,62,3088,714,3135,771,3113,744,3115,746
TRT000441-TEMP000005,land,#59cc6e,1618,TRT000441,0,82,45,134,25,109,25,110,3017,766,3062,818,3042,793,3042,794
TRT000441-TEMP000006,land,#3d4c9e,1320,TRT000441,46,89,94,134,65,111,66,111,3063,773,3111,818,3082,795,3083,795
TRT000442-TEMP000001,land,#2c500e,1604,TRT000442,13,54,60,100,38,76,37,77,3120,712,3167,758,3145,734,3144,735
TRT000442-TEMP000002,land,#4c7f9d,1734,TRT000442,32,0,74,58,53,26,54,31,3139,658,3181,716,3160,684,3161,689
TRT000442-TEMP000003,land,#b76d0c,1872,TRT000442,56,58,100,103,79,81,78,82,3163,716,3207,761,3186,739,3185,740
TRT000442-TEMP000004,land,#0250e1,1204,TRT000442,0,6,44,63,25,40,25,38,3107,664,3151,721,3132,698,3132,696
TRT000442-TEMP000005,land,#ed3a90,1392,TRT000442,63,11,102,60,84,37,84,36,3170,669,3209,718,3191,695,3191,694
TRT000444-TEMP000001,land,#0a0d29,227,TRT000444,0,0,17,41,8,20,8,20,3353,668,3370,709,3361,688,3361,688
TRT000443-TEMP000001,land,#fa5c5e,2173,TRT000443,70,43,115,109,97,71,95,65,3162,800,3207,866,3189,828,3187,822
TRT000443-TEMP000002,land,#09e755,1489,TRT000443,76,4,115,43,97,23,98,21,3168,761,3207,800,3189,780,3190,778
TRT000443-TEMP000003,land,#7714c5,1728,TRT000443,29,0,78,47,57,21,58,18,3121,757,3170,804,3149,778,3150,775
TRT000443-TEMP000004,land,#8ab468,1793,TRT000443,0,19,58,77,29,51,29,48,3092,776,3150,834,3121,808,3121,805
TRT000443-TEMP000005,land,#ef2bfa,1673,TRT000443,33,46,92,107,64,75,63,76,3125,803,3184,864,3156,832,3155,833
TRT000445-TEMP000001,land,#eac5c1,868,TRT000445,45,74,89,108,66,91,66,93,1185,856,1229,890,1206,873,1206,875
TRT000445-TEMP000002,land,#0d4076,1518,TRT000445,57,38,107,85,82,60,79,63,1197,820,1247,867,1222,842,1219,845
TRT000445-TEMP000003,land,#67c2f7,1476,TRT000445,0,6,49,53,30,28,30,30,1140,788,1189,835,1170,810,1170,812
TRT000445-TEMP000004,land,#7fd896,1217,TRT000445,22,49,62,93,42,70,41,73,1162,831,1202,875,1182,852,1181,855
TRT000445-TEMP000005,land,#20314d,1460,TRT000445,44,0,91,51,64,26,65,27,1184,782,1231,833,1204,808,1205,809
TRT000446-TEMP000001,land,#7d8eb3,1167,TRT000446,62,24,108,66,85,48,86,47,1274,855,1320,897,1297,879,1298,878
TRT000446-TEMP000002,land,#4e7f87,1537,TRT000446,0,40,65,82,39,60,41,59,1212,871,1277,913,1251,891,1253,890
TRT000446-TEMP000003,land,#b3e8ea,1122,TRT000446,2,9,54,56,31,34,32,32,1214,840,1266,887,1243,865,1244,863
TRT000446-TEMP000004,land,#95670f,1206,TRT000446,42,0,86,42,64,19,65,18,1254,831,1298,873,1276,850,1277,849
TRT000446-TEMP000005,land,#1a3b94,1243,TRT000446,54,58,101,96,79,77,79,77,1266,889,1313,927,1291,908,1291,908
TRT000447-TEMP000001,land,#7514ff,952,TRT000447,42,0,86,32,64,17,64,16,1351,877,1395,909,1373,894,1373,893
TRT000447-TEMP000002,land,#642375,1385,TRT000447,0,4,45,49,22,27,23,27,1309,881,1354,926,1331,904,1332,904
TRT000447-TEMP000003,land,#4ff1cb,1068,TRT000447,38,27,91,67,61,42,61,42,1347,904,1400,944,1370,919,1370,919
TRT000448-TEMP000001,land,#09c2be,1015,TRT000448,23,74,60,119,45,97,46,98,1227,794,1264,839,1249,817,1250,818
TRT000448-TEMP000002,land,#ab3e80,1306,TRT000448,45,39,90,79,66,60,67,61,1249,759,1294,799,1270,780,1271,781
TRT000448-TEMP000003,land,#9f8407,1398,TRT000448,0,44,47,92,24,66,25,68,1204,764,1251,812,1228,786,1229,788
TRT000448-TEMP000004,land,#778df3,752,TRT000448,56,78,82,114,69,94,70,96,1260,798,1286,834,1273,814,1274,816
TRT000448-TEMP000005,land,#a23e91,1435,TRT000448,11,0,59,55,36,33,37,34,1215,720,1263,775,1240,753,1241,754
TRT000449-TEMP000001,land,#013e63,1199,TRT000449,4,51,36,89,20,71,20,75,1119,727,1151,765,1135,747,1135,751
TRT000449-TEMP000002,land,#6bdd34,1577,TRT000449,11,0,53,53,30,26,29,29,1126,676,1168,729,1145,702,1144,705
TRT000449-TEMP000003,land,#9da8a5,1179,TRT000449,36,16,81,63,59,44,59,44,1151,692,1196,739,1174,720,1174,720
TRT000449-TEMP000004,land,#52b700,882,TRT000449,36,89,75,117,52,103,51,104,1151,765,1190,793,1167,779,1166,780
TRT000449-TEMP000005,land,#33fce2,1184,TRT000449,66,61,104,108,83,84,83,85,1181,737,1219,784,1198,760,1198,761
TRT000449-TEMP000006,land,#0b17cb,850,TRT000449,0,90,35,121,21,103,20,104,1115,766,1150,797,1136,779,1135,780
TRT000449-TEMP000007,land,#fa9352,1394,TRT000449,79,30,124,75,101,51,101,51,1194,706,1239,751,1216,727,1216,727
TRT000449-TEMP000008,land,#334cce,1001,TRT000449,37,56,73,89,52,74,53,75,1152,732,1188,765,1167,750,1168,751
TRT000450-TEMP000001,land,#b0c130,1427,TRT000450,12,0,69,40,42,16,40,16,1399,835,1456,875,1429,851,1427,851
TRT000450-TEMP000002,land,#a450f5,1337,TRT000450,0,21,56,59,25,43,27,44,1387,856,1443,894,1412,878,1414,879
TRT000451-TEMP000001,land,#79c001,940,TRT000451,17,26,66,81,42,52,36,44,999,688,1048,743,1024,714,1018,706
TRT000451-TEMP000002,land,#4c707b,957,TRT000451,0,0,48,32,24,13,24,11,982,662,1030,694,1006,675,1006,673
TRT000451-TEMP000003,land,#f00743,632,TRT000451,47,7,93,39,69,21,69,20,1029,669,1075,701,1051,683,1051,682
TRT000451-TEMP000004,land,#c43c55,1362,TRT000451,69,21,111,70,92,43,87,43,1051,683,1093,732,1074,705,1069,705
TRT000451-TEMP000005,land,#8e07d0,1766,TRT000451,91,49,144,113,121,76,119,72,1073,711,1126,775,1103,738,1101,734
TRT000451-TEMP000006,land,#d52b69,1516,TRT000451,41,69,120,152,81,107,78,103,1023,731,1102,814,1063,769,1060,765
TRT000451-TEMP000007,land,#e28cd6,1370,TRT000451,108,14,153,59,130,35,132,34,1090,676,1135,721,1112,697,1114,696
TRT000452-TEMP000001,land,#86fdaf,1850,TRT000452,0,0,65,46,33,23,32,22,4070,698,4135,744,4103,721,4102,720
TRT000452-TEMP000002,land,#f906b8,1479,TRT000452,58,24,126,62,93,45,91,45,4128,722,4196,760,4163,743,4161,743
TRT000453-TEMP000001,land,#915227,1060,TRT000453,3,0,43,42,20,17,19,17,3280,680,3320,722,3297,697,3296,697
TRT000453-TEMP000002,land,#f3e1b7,1078,TRT000453,11,10,60,57,37,37,36,34,3288,690,3337,737,3314,717,3313,714
TRT000453-TEMP000003,land,#ffa79b,1418,TRT000453,44,4,85,57,67,27,66,23,3321,684,3362,737,3344,707,3343,703
TRT000453-TEMP000004,land,#a19eb3,1634,TRT000453,39,54,95,126,64,89,66,83,3316,734,3372,806,3341,769,3343,763
TRT000453-TEMP000005,land,#983aad,1559,TRT000453,0,43,53,92,25,64,26,66,3277,723,3330,772,3302,744,3303,746
TRT000454-TEMP000001,land,#68a8d3,1155,TRT000454,23,48,65,82,46,68,44,69,3231,794,3273,828,3254,814,3252,815
TRT000454-TEMP000002,land,#136dad,1567,TRT000454,63,41,112,82,85,65,84,63,3271,787,3320,828,3293,811,3292,809
TRT000454-TEMP000003,land,#29b320,1169,TRT000454,0,33,29,82,12,60,11,60,3208,779,3237,828,3220,806,3219,806
TRT000454-TEMP000004,land,#7105d0,1167,TRT000454,10,13,59,54,36,36,36,37,3218,759,3267,800,3244,782,3244,783
TRT000454-TEMP000005,land,#ac378d,1961,TRT000454,111,41,183,85,141,67,139,66,3319,787,3391,831,3349,813,3347,812
TRT000454-TEMP000006,land,#45f4a5,1159,TRT000454,82,16,131,61,104,40,103,37,3290,762,3339,807,3312,786,3311,783
TRT000454-TEMP000007,land,#bcf489,1372,TRT000454,44,0,90,48,67,23,67,23,3252,746,3298,794,3275,769,3275,769
TRT000455-TEMP000001,land,#8c819c,1441,TRT000455,5,48,40,102,19,74,18,74,3208,727,3243,781,3222,753,3221,753
TRT000455-TEMP000002,land,#4aa360,1871,TRT000455,0,0,45,50,22,23,24,24,3203,679,3248,729,3225,702,3227,703
TRT000455-TEMP000003,land,#edf9e9,1298,TRT000455,43,5,82,51,62,27,63,28,3246,684,3285,730,3265,706,3266,707
TRT000455-TEMP000004,land,#897f21,1317,TRT000455,28,40,73,83,50,60,50,61,3231,719,3276,762,3253,739,3253,740
TRT000456-TEMP000001,land,#5c7be8,253,TRT000456,0,0,27,24,15,12,15,12,3546,702,3573,726,3561,714,3561,714
TRT000457-TEMP000001,land,#d0385a,1817,TRT000457,15,0,65,61,38,33,43,41,3508,812,3558,873,3531,845,3536,853
TRT000457-TEMP000002,land,#165db2,1997,TRT000457,35,0,96,61,69,27,68,27,3528,812,3589,873,3562,839,3561,839
TRT000457-TEMP000003,land,#7f651e,1597,TRT000457,34,54,99,95,62,72,56,77,3527,866,3592,907,3555,884,3549,889
TRT000457-TEMP000004,land,#5b7462,1193,TRT000457,0,42,39,89,21,70,19,68,3493,854,3532,901,3514,882,3512,880
TRT000458-TEMP000001,land,#38d47a,2212,TRT000458,60,38,113,94,85,64,84,64,3633,814,3686,870,3658,840,3657,840
TRT000458-TEMP000002,land,#588f33,1064,TRT000458,5,59,51,104,26,84,26,86,3578,835,3624,880,3599,860,3599,862
TRT000458-TEMP000003,land,#a71294,2208,TRT000458,0,0,64,58,30,34,31,34,3573,776,3637,834,3603,810,3604,810
TRT000458-TEMP000004,land,#d27334,1534,TRT000458,20,45,70,100,49,72,44,71,3593,821,3643,876,3622,848,3617,847
TRT000459-TEMP000001,land,#591e8e,1949,TRT000459,6,0,58,57,32,30,31,32,3493,707,3545,764,3519,737,3518,739
TRT000459-TEMP000002,land,#b4f0ac,1754,TRT000459,26,55,75,105,52,84,51,84,3513,762,3562,812,3539,791,3538,791
TRT000459-TEMP000003,land,#ac6749,1956,TRT000459,51,10,111,64,75,39,75,40,3538,717,3598,771,3562,746,3562,747
TRT000459-TEMP000004,land,#ffc18b,1677,TRT000459,70,48,118,105,91,75,91,78,3557,755,3605,812,3578,782,3578,785
TRT000459-TEMP000005,land,#2e9ec0,1372,TRT000459,0,45,42,97,19,68,18,70,3487,752,3529,804,3506,775,3505,777
TRT000460-TEMP000001,land,#3045dd,1226,TRT000460,81,3,123,48,98,25,98,24,3438,672,3480,717,3455,694,3455,693
TRT000460-TEMP000002,land,#a6a10b,1401,TRT000460,39,0,83,47,63,24,64,22,3396,669,3440,716,3420,693,3421,691
TRT000460-TEMP000003,land,#2c4a71,1482,TRT000460,100,23,145,72,124,49,124,48,3457,692,3502,741,3481,718,3481,717
TRT000460-TEMP000004,land,#0aecb7,1738,TRT000460,56,39,104,85,79,62,79,61,3413,708,3461,754,3436,731,3436,730
TRT000460-TEMP000005,land,#88284e,2218,TRT000460,0,36,57,102,33,65,34,65,3357,705,3414,771,3390,734,3391,734
TRT000460-TEMP000006,land,#4a911b,1800,TRT000460,89,66,139,119,113,90,115,88,3446,735,3496,788,3470,759,3472,757
TRT000460-TEMP000007,land,#006927,2275,TRT000460,35,82,101,132,68,106,70,106,3392,751,3458,801,3425,775,3427,775
TRT000461-TEMP000001,land,#724a76,1613,TRT000461,8,41,60,85,33,59,32,58,3427,822,3479,866,3452,840,3451,839
TRT000461-TEMP000002,land,#6b39a8,2085,TRT000461,37,64,90,134,64,93,64,93,3456,845,3509,915,3483,874,3483,874
TRT000461-TEMP000003,land,#a9ae95,2294,TRT000461,49,0,100,66,73,37,72,37,3468,781,3519,847,3492,818,3491,818
TRT000461-TEMP000004,land,#533a72,1519,TRT000461,0,1,62,41,32,24,31,23,3419,782,3481,822,3451,805,3450,804
TRT000462-TEMP000001,ocean,#092e9f,450,TRT000462,14,0,44,29,30,15,29,14,3441,881,3471,910,3457,896,3456,895
TRT000462-TEMP000002,ocean,#282698,524,TRT000462,31,14,59,42,45,30,45,28,3458,895,3486,923,3472,911,3472,909
TRT000462-TEMP000003,ocean,#092c82,580,TRT000462,7,28,38,59,23,44,23,42,3434,909,3465,940,3450,925,3450,923
TRT000462-TEMP000004,ocean,#060f88,682,TRT000462,27,41,60,71,44,55,44,54,3454,922,3487,952,3471,936,3471,935
TRT000462-TEMP000005,ocean,#1e2377,432,TRT000462,0,14,24,44,11,28,10,28,3427,895,3451,925,3438,909,3437,909
TRT000462-TEMP000006,ocean,#2022a7,477,TRT000462,41,60,70,95,57,77,57,77,3468,941,3497,976,3484,958,3484,958
TRT000463-TEMP000001,ocean,#082978,359,TRT000463,19,0,37,30,28,16,29,16,3411,810,3429,840,3420,826,3421,826
TRT000463-TEMP000002,ocean,#28259b,607,TRT000463,6,26,41,49,23,38,21,37,3398,836,3433,859,3415,848,3413,847
TRT000463-TEMP000003,ocean,#032287,687,TRT000463,23,62,65,94,42,76,41,75,3415,872,3457,904,3434,886,3433,885
TRT000463-TEMP000004,ocean,#082e9d,694,TRT000463,33,39,69,73,50,57,48,56,3425,849,3461,883,3442,867,3440,866
TRT000463-TEMP000005,ocean,#100190,351,TRT000463,0,9,21,32,11,21,12,19,3392,819,3413,842,3403,831,3404,829
TRT000463-TEMP000006,ocean,#2512b3,581,TRT000463,7,47,34,77,20,60,19,59,3399,857,3426,887,3412,870,3411,869
TRT000464-TEMP000001,ocean,#00169d,733,TRT000464,19,21,53,52,35,38,35,38,3346,733,3380,764,3362,750,3362,750
TRT000464-TEMP000002,ocean,#2042af,486,TRT000464,46,43,72,73,57,61,57,60,3373,755,3399,785,3384,773,3384,772
TRT000464-TEMP000003,ocean,#0f0593,444,TRT000464,26,50,51,80,40,63,40,63,3353,762,3378,792,3367,775,3367,775
TRT000464-TEMP000004,ocean,#0b389c,225,TRT000464,0,0,25,34,11,18,13,19,3327,712,3352,746,3338,730,3340,731
TRT000464-TEMP000005,ocean,#0b3090,730,TRT000464,43,74,74,109,57,88,58,87,3370,786,3401,821,3384,800,3385,799
TRT000464-TEMP000006,ocean,#234882,696,TRT000464,59,79,94,114,76,98,76,98,3386,791,3421,826,3403,810,3403,810
TRT000465-TEMP000001,land,#2f236a,1246,TRT000465,95,0,145,41,119,18,120,18,4289,714,4339,755,4313,732,4314,732
TRT000465-TEMP000002,land,#2ef822,1865,TRT000465,57,8,112,62,87,37,89,36,4251,722,4306,776,4281,751,4283,750
TRT000465-TEMP000003,land,#0b664e,1634,TRT000465,50,52,104,114,76,78,76,78,4244,766,4298,828,4270,792,4270,792
TRT000465-TEMP000004,land,#6b48f4,1270,TRT000465,0,20,64,65,34,47,36,46,4194,734,4258,779,4228,761,4230,760
TRT000466-TEMP000001,land,#0025cc,719,TRT000466,0,0,51,25,25,14,25,14,4206,730,4257,755,4231,744,4231,744
TRT000467-TEMP000001,land,#1cfd10,1230,TRT000467,66,59,114,102,89,85,91,86,4325,786,4373,829,4348,812,4350,813
TRT000467-TEMP000002,land,#a17fcb,708,TRT000467,76,102,107,130,92,116,93,118,4335,829,4366,857,4351,843,4352,845
TRT000467-TEMP000003,land,#e5a68f,1684,TRT000467,19,35,80,90,54,65,53,66,4278,762,4339,817,4313,792,4312,793
TRT000467-TEMP000004,land,#ba7021,1248,TRT000467,15,72,53,128,34,98,34,102,4274,799,4312,855,4293,825,4293,829
TRT000467-TEMP000005,land,#46213f,1863,TRT000467,45,0,103,60,79,31,79,31,4304,727,4362,787,4338,758,4338,758
TRT000467-TEMP000006,land,#ad942c,1239,TRT000467,42,87,80,131,62,112,64,111,4301,814,4339,858,4321,839,4323,838
TRT000467-TEMP000007,land,#ce8299,800,TRT000467,0,98,41,134,19,119,16,118,4259,825,4300,861,4278,846,4275,845
TRT000467-TEMP000008,land,#ac0d26,658,TRT000467,103,96,134,131,116,115,117,115,4362,823,4393,858,4375,842,4376,842
TRT000468-TEMP000001,land,#f2913d,1085,TRT000468,38,0,85,42,56,15,56,14,4319,856,4366,898,4337,871,4337,870
TRT000468-TEMP000002,land,#9192a1,1603,TRT000468,11,26,77,69,38,48,35,46,4292,882,4358,925,4319,904,4316,902
TRT000468-TEMP000003,land,#39efca,929,TRT000468,0,3,38,36,21,16,20,15,4281,859,4319,892,4302,872,4301,871
TRT000468-TEMP000004,land,#ac744a,1038,TRT000468,63,54,94,148,79,101,77,94,4344,910,4375,1004,4360,957,4358,950
TRT000469-TEMP000001,land,#062265,528,TRT000469,0,0,47,18,26,11,26,11,2632,748,2679,766,2658,759,2658,759
TRT000470-TEMP000001,land,#8d24a8,1730,TRT000470,99,60,143,110,121,85,122,83,2649,882,2693,932,2671,907,2672,905
TRT000470-TEMP000002,land,#b32313,2158,TRT000470,51,0,97,64,73,34,73,34,2601,822,2647,886,2623,856,2623,856
TRT000470-TEMP000003,land,#6678f4,1822,TRT000470,9,54,67,100,39,76,40,77,2559,876,2617,922,2589,898,2590,899
TRT000470-TEMP000004,land,#4c99d8,1732,TRT000470,89,15,140,65,112,41,113,40,2639,837,2690,887,2662,863,2663,862
TRT000470-TEMP000005,land,#2a34c5,1298,TRT000470,136,72,181,108,160,93,160,93,2686,894,2731,930,2710,915,2710,915
TRT000470-TEMP000006,land,#b18553,1779,TRT000470,0,16,51,62,29,37,29,38,2550,838,2601,884,2579,859,2579,860
TRT000470-TEMP000007,land,#ec5861,1460,TRT000470,130,32,175,76,153,56,154,57,2680,854,2725,898,2703,878,2704,879
TRT000470-TEMP000008,land,#8580bf,2069,TRT000470,57,60,107,120,81,89,83,90,2607,882,2657,942,2631,911,2633,912
TRT000471-TEMP000001,land,#ccd4d2,2520,TRT000471,61,0,126,66,85,37,84,39,2671,747,2736,813,2695,784,2694,786
TRT000471-TEMP000002,land,#011e03,1539,TRT000471,16,19,60,57,38,37,37,37,2626,766,2670,804,2648,784,2647,784
TRT000471-TEMP000003,land,#574a7e,1963,TRT000471,0,53,69,97,39,72,40,73,2610,800,2679,844,2649,819,2650,820
TRT000471-TEMP000004,land,#35e020,1958,TRT000471,60,64,112,119,89,89,90,91,2670,811,2722,866,2699,836,2700,838
TRT000472-TEMP000001,land,#1ecde2,1788,TRT000472,8,20,66,73,35,45,34,44,4203,779,4261,832,4230,804,4229,803
TRT000472-TEMP000002,land,#4b0402,804,TRT000472,0,0,38,41,16,20,15,18,4195,759,4233,800,4211,779,4210,777
TRT000473-TEMP000001,ocean,#15456d,52,TRT000473,0,0,11,20,6,9,6,9,3600,762,3611,782,3606,771,3606,771
TRT000474-TEMP000001,land,#22590a,154,TRT000474,0,0,12,24,6,13,6,13,3611,764,3623,788,3617,777,3617,777
TRT000475-TEMP000001,land,#bb9a8a,1204,TRT000475,0,0,71,50,40,31,40,31,3627,768,3698,818,3667,799,3667,799
TRT000476-TEMP000001,land,#093d19,919,TRT000476,0,0,43,64,24,37,24,37,2584,775,2627,839,2608,812,2608,812
TRT000477-TEMP000001,ocean,#1639a6,609,TRT000477,0,0,28,48,14,23,14,23,4696,778,4724,826,4710,801,4710,801
TRT000478-TEMP000001,land,#ee3fec,1077,TRT000478,49,0,89,43,67,25,66,23,3680,783,3720,826,3698,808,3697,806
TRT000478-TEMP000002,land,#2e688f,1373,TRT000478,49,41,98,88,73,63,73,61,3680,824,3729,871,3704,846,3704,844
TRT000478-TEMP000003,land,#91cd17,1267,TRT000478,77,19,121,71,99,42,98,41,3708,802,3752,854,3730,825,3729,824
TRT000478-TEMP000004,land,#ebace1,1370,TRT000478,33,69,89,120,57,91,57,92,3664,852,3720,903,3688,874,3688,875
TRT000478-TEMP000005,land,#43a602,1451,TRT000478,0,82,48,128,24,106,23,106,3631,865,3679,911,3655,889,3654,889
TRT000479-TEMP000001,land,#3e86a2,1458,TRT000479,110,37,159,86,130,59,131,60,2735,926,2784,975,2755,948,2756,949
TRT000479-TEMP000002,land,#e46e56,1545,TRT000479,71,77,121,124,94,99,95,99,2696,966,2746,1013,2719,988,2720,988
TRT000479-TEMP000003,land,#378dcb,1751,TRT000479,60,42,109,80,85,60,88,60,2685,931,2734,969,2710,949,2713,949
TRT000479-TEMP000004,land,#f41550,2283,TRT000479,0,40,60,97,29,64,32,62,2625,929,2685,986,2654,953,2657,951
TRT000479-TEMP000005,land,#2f223b,1443,TRT000479,100,0,146,46,120,24,121,25,2725,889,2771,935,2745,913,2746,914
TRT000479-TEMP000006,land,#d52964,1326,TRT000479,28,66,77,124,60,91,57,93,2653,955,2702,1013,2685,980,2682,982
TRT000480-TEMP000001,land,#921029,1454,TRT000480,0,49,43,112,21,77,21,76,2758,881,2801,944,2779,909,2779,908
TRT000480-TEMP000002,land,#208e9e,1618,TRT000480,13,20,72,71,43,48,43,48,2771,852,2830,903,2801,880,2801,880
TRT000480-TEMP000003,land,#9c9053,2824,TRT000480,68,29,124,101,99,67,98,66,2826,861,2882,933,2857,899,2856,898
TRT000480-TEMP000004,land,#3d2fef,1748,TRT000480,26,65,88,114,57,90,55,91,2784,897,2846,946,2815,922,2813,923
TRT000480-TEMP000005,land,#3ddb27,1603,TRT000480,38,0,102,52,67,26,66,24,2796,832,2860,884,2825,858,2824,856
TRT000481-TEMP000001,land,#c24107,1701,TRT000481,0,0,56,39,24,21,23,20,2713,781,2769,820,2737,802,2736,801
TRT000481-TEMP000002,land,#5bebed,1417,TRT000481,5,40,45,83,24,58,23,58,2718,821,2758,864,2737,839,2736,839
TRT000481-TEMP000003,land,#d35ae5,2170,TRT000481,44,21,102,84,67,52,66,51,2757,802,2815,865,2780,833,2779,832
TRT000481-TEMP000004,land,#a506e8,1798,TRT000481,10,69,71,115,38,92,38,92,2723,850,2784,896,2751,873,2751,873
TRT000482-TEMP000001,land,#9f53d9,244,TRT000482,0,0,18,38,10,18,10,18,4248,803,4266,841,4258,821,4258,821
TRT000483-TEMP000001,land,#9610b8,1566,TRT000483,54,49,109,89,82,71,83,72,2984,854,3039,894,3012,876,3013,877
TRT000483-TEMP000002,land,#3bdce8,2365,TRT000483,46,0,121,48,83,24,82,25,2976,805,3051,853,3013,829,3012,830
TRT000483-TEMP000003,land,#88a352,1892,TRT000483,94,17,135,95,116,59,117,58,3024,822,3065,900,3046,864,3047,863
TRT000483-TEMP000004,land,#d05ff4,1860,TRT000483,23,17,69,86,46,57,44,55,2953,822,2999,891,2976,862,2974,860
TRT000483-TEMP000005,land,#3b6549,1019,TRT000483,0,18,43,70,22,44,19,45,2930,823,2973,875,2952,849,2949,850
TRT000484-TEMP000001,land,#691329,1834,TRT000484,3,0,55,46,27,25,27,25,2955,885,3007,931,2979,910,2979,910
TRT000484-TEMP000002,land,#34eed4,1955,TRT000484,0,44,62,87,27,65,24,66,2952,929,3014,972,2979,950,2976,951
TRT000484-TEMP000003,land,#4fd7d2,2519,TRT000484,45,9,106,79,71,36,70,38,2997,894,3058,964,3023,921,3022,923
TRT000485-TEMP000001,land,#597f0a,2003,TRT000485,91,9,137,71,118,47,116,48,2910,859,2956,921,2937,897,2935,898
TRT000485-TEMP000002,land,#95ea7a,1896,TRT000485,44,59,94,120,71,87,70,89,2863,909,2913,970,2890,937,2889,939
TRT000485-TEMP000003,land,#622d30,1872,TRT000485,92,72,137,120,114,94,115,95,2911,922,2956,970,2933,944,2934,945
TRT000485-TEMP000004,land,#b9a154,1870,TRT000485,63,0,115,65,87,35,86,35,2882,850,2934,915,2906,885,2905,885
TRT000485-TEMP000005,land,#3d4fe9,2038,TRT000485,0,83,59,137,31,107,30,107,2819,933,2878,987,2850,957,2849,957
TRT000486-TEMP000001,land,#4eac62,919,TRT000486,28,39,68,89,49,61,48,59,4444,847,4484,897,4465,869,4464,867
TRT000486-TEMP000002,land,#13efad,1284,TRT000486,41,0,87,45,59,24,58,24,4457,808,4503,853,4475,832,4474,832
TRT000486-TEMP000003,land,#59d0eb,992,TRT000486,0,6,41,40,24,23,24,23,4416,814,4457,848,4440,831,4440,831
TRT000486-TEMP000004,land,#85bd21,1091,TRT000486,58,86,110,147,88,123,83,113,4474,894,4526,955,4504,931,4499,921
TRT000486-TEMP000005,land,#1fdfe9,2495,TRT000486,36,147,113,230,79,185,80,180,4452,955,4529,1038,4495,993,4496,988
TRT000487-TEMP000001,land,#d3f495,1632,TRT000487,0,0,160,51,86,23,86,23,1494,811,1654,862,1580,834,1580,834
TRT000488-TEMP000001,land,#e3e93b,1452,TRT000488,90,58,140,102,117,81,116,82,3141,865,3191,909,3168,888,3167,889
TRT000488-TEMP000002,land,#1202ec,1779,TRT000488,43,65,92,111,67,88,66,88,3094,872,3143,918,3118,895,3117,895
TRT000488-TEMP000003,land,#bfa778,1296,TRT000488,78,35,133,79,99,58,102,58,3129,842,3184,886,3150,865,3153,865
TRT000488-TEMP000004,land,#6450fb,1760,TRT000488,37,16,86,67,60,45,61,44,3088,823,3137,874,3111,852,3112,851
TRT000488-TEMP000005,land,#a71838,1702,TRT000488,5,65,49,114,28,89,27,93,3056,872,3100,921,3079,896,3078,900
TRT000488-TEMP000006,land,#3c4467,2177,TRT000488,0,0,47,65,23,31,23,37,3051,807,3098,872,3074,838,3074,844
TRT000489-TEMP000001,land,#87fbd4,1894,TRT000489,8,95,78,144,42,120,44,120,3035,1007,3105,1056,3069,1032,3071,1032
TRT000489-TEMP000002,land,#eff3f0,1620,TRT000489,14,48,70,95,41,71,40,70,3041,960,3097,1007,3068,983,3067,982
TRT000489-TEMP000003,land,#32fed5,1682,TRT000489,47,64,96,134,72,100,72,97,3074,976,3123,1046,3099,1012,3099,1009
TRT000489-TEMP000004,land,#43a325,1710,TRT000489,0,0,48,56,24,29,24,28,3027,912,3075,968,3051,941,3051,940
TRT000489-TEMP000005,land,#af0758,1292,TRT000489,37,6,76,64,55,37,56,37,3064,918,3103,976,3082,949,3083,949
TRT000490-TEMP000001,land,#ba77c4,921,TRT000490,71,0,105,46,90,20,92,20,3157,895,3191,941,3176,915,3178,915
TRT000490-TEMP000002,land,#78e70b,1759,TRT000490,38,14,84,64,60,39,60,33,3124,909,3170,959,3146,934,3146,928
TRT000490-TEMP000003,land,#d36591,1689,TRT000490,12,56,59,122,35,82,36,82,3098,951,3145,1017,3121,977,3122,977
TRT000490-TEMP000004,land,#d5b926,2107,TRT000490,32,64,89,136,60,101,62,95,3118,959,3175,1031,3146,996,3148,990
TRT000490-TEMP000005,land,#ca6119,1370,TRT000490,0,20,43,66,23,41,21,40,3086,915,3129,961,3109,936,3107,935
TRT000491-TEMP000001,land,#ad4ced,1575,TRT000491,70,67,116,133,92,102,91,100,4455,889,4501,955,4477,924,4476,922
TRT000491-TEMP000002,land,#f1184d,1491,TRT000491,28,24,81,75,54,50,53,48,4413,846,4466,897,4439,872,4438,870
TRT000491-TEMP000003,land,#13f498,1764,TRT000491,0,0,45,77,24,34,23,35,4385,822,4430,899,4409,856,4408,857
TRT000492-TEMP000001,land,#5d7a3c,1328,TRT000492,54,35,95,83,72,61,77,62,4397,889,4438,937,4415,915,4420,916
TRT000492-TEMP000002,land,#0314cd,2173,TRT000492,0,0,59,48,30,27,32,28,4343,854,4402,902,4373,881,4375,882
TRT000492-TEMP000003,land,#f2714e,1490,TRT000492,10,49,55,89,34,68,32,69,4353,903,4398,943,4377,922,4375,923
TRT000492-TEMP000004,land,#95bcad,1400,TRT000492,45,75,87,129,66,99,64,97,4388,929,4430,983,4409,953,4407,951
TRT000492-TEMP000005,land,#18fcd2,794,TRT000492,71,31,114,65,96,47,96,45,4414,885,4457,919,4439,901,4439,899
TRT000492-TEMP000006,land,#5e54c1,1109,TRT000492,84,61,127,96,106,80,107,81,4427,915,4470,950,4449,934,4450,935
TRT000492-TEMP000007,land,#32490b,842,TRT000492,14,88,50,135,33,104,34,106,4357,942,4393,989,4376,958,4377,960
TRT000493-TEMP000001,ocean,#0a088f,140,TRT000493,0,0,17,19,7,9,7,9,373,857,390,876,380,866,380,866
TRT000494-TEMP000001,land,#f87bbe,545,TRT000494,0,0,35,28,16,13,16,13,4518,860,4553,888,4534,873,4534,873
TRT000495-TEMP000001,land,#63efe3,1225,TRT000495,17,0,62,30,40,13,38,12,3208,829,3253,859,3231,842,3229,841
TRT000495-TEMP000002,land,#f9cb6b,1220,TRT000495,7,23,59,65,35,41,35,41,3198,852,3250,894,3226,870,3226,870
TRT000495-TEMP000003,land,#94d6b6,1281,TRT000495,45,31,91,81,67,55,67,56,3236,860,3282,910,3258,884,3258,885
TRT000495-TEMP000004,land,#6c07bd,1595,TRT000495,16,63,72,108,46,87,44,87,3207,892,3263,937,3237,916,3235,916
TRT000495-TEMP000005,land,#de7291,1259,TRT000495,0,32,35,90,13,63,12,62,3191,861,3226,919,3204,892,3203,891
TRT000495-TEMP000006,land,#60b2b5,1609,TRT000495,68,47,109,102,91,75,91,75,3259,876,3300,931,3282,904,3282,904
TRT000495-TEMP000007,land,#31ee59,1898,TRT000495,60,0,106,46,85,21,84,21,3251,829,3297,875,3276,850,3275,850
TRT000496-TEMP000001,land,#e715a0,1227,TRT000496,2,24,45,65,20,46,19,47,3298,852,3341,893,3316,874,3315,875
TRT000496-TEMP000002,land,#ba8c67,1643,TRT000496,0,0,55,40,29,17,30,17,3296,828,3351,868,3325,845,3326,845
TRT000496-TEMP000003,land,#7ccc31,1461,TRT000496,35,38,75,93,55,64,55,66,3331,866,3371,921,3351,892,3351,894
TRT000496-TEMP000004,land,#883f90,1065,TRT000496,5,63,46,92,23,78,23,79,3301,891,3342,920,3319,906,3319,907
TRT000496-TEMP000005,land,#b7939f,1986,TRT000496,52,0,102,50,76,22,76,24,3348,828,3398,878,3372,850,3372,852
TRT000496-TEMP000006,land,#659793,913,TRT000496,58,60,100,94,80,81,81,81,3354,888,3396,922,3376,909,3377,909
TRT000496-TEMP000007,land,#303c1c,1152,TRT000496,76,31,123,78,98,57,99,58,3372,859,3419,906,3394,885,3395,886
TRT000497-TEMP000001,land,#a6c946,1254,TRT000497,2,44,44,76,22,61,23,62,3243,964,3285,996,3263,981,3264,982
TRT000497-TEMP000002,land,#a69e88,1650,TRT000497,41,45,82,100,60,71,61,69,3282,965,3323,1020,3301,991,3302,989
TRT000497-TEMP000003,land,#3e2cee,1321,TRT000497,32,0,70,47,52,25,52,23,3273,920,3311,967,3293,945,3293,943
TRT000497-TEMP000004,land,#7f0cec,1152,TRT000497,0,77,51,107,22,90,23,91,3241,997,3292,1027,3263,1010,3264,1011
TRT000497-TEMP000005,land,#60b6ca,1150,TRT000497,2,8,39,48,20,30,20,30,3243,928,3280,968,3261,950,3261,950
TRT000498-TEMP000001,land,#247078,1042,TRT000498,11,33,51,77,30,49,29,51,3311,952,3351,996,3330,968,3329,970
TRT000498-TEMP000002,land,#1e585b,1216,TRT000498,34,45,80,101,52,70,52,70,3334,964,3380,1020,3352,989,3352,989
TRT000498-TEMP000003,land,#a299d2,1856,TRT000498,45,3,91,54,68,26,67,26,3345,922,3391,973,3368,945,3367,945
TRT000498-TEMP000004,land,#4eb6ff,1354,TRT000498,0,0,49,35,26,17,26,18,3300,919,3349,954,3326,936,3326,937
TRT000499-TEMP000001,land,#011f78,1289,TRT000499,0,14,38,76,19,47,18,48,3158,928,3196,990,3177,961,3176,962
TRT000499-TEMP000002,land,#b85520,1850,TRT000499,22,0,86,48,54,27,52,26,3180,914,3244,962,3212,941,3210,940
TRT000499-TEMP000003,land,#d4b3ee,1150,TRT000499,24,44,68,83,46,62,46,63,3182,958,3226,997,3204,976,3204,977
TRT000499-TEMP000004,land,#bc091e,1450,TRT000499,54,42,84,110,72,78,73,76,3212,956,3242,1024,3230,992,3231,990
TRT000499-TEMP000005,land,#c7b851,1228,TRT000499,11,74,60,123,35,96,35,96,3169,988,3218,1037,3193,1010,3193,1010
TRT000500-TEMP000001,land,#a77c57,297,TRT000500,0,0,43,28,27,15,27,15,1650,861,1693,889,1677,876,1677,876
TRT000501-TEMP000001,land,#ed214f,777,TRT000501,0,0,55,34,21,15,21,15,1690,862,1745,896,1711,877,1711,877
TRT000502-TEMP000001,land,#db2c19,993,TRT000502,127,1,162,56,144,31,145,31,3611,877,3646,932,3628,907,3629,907
TRT000502-TEMP000002,land,#b565e1,1091,TRT000502,98,0,144,36,120,17,121,18,3582,876,3628,912,3604,893,3605,894
TRT000502-TEMP000003,land,#f9706f,1127,TRT000502,91,34,139,74,113,52,114,52,3575,910,3623,950,3597,928,3598,928
TRT000502-TEMP000004,land,#1fe545,1189,TRT000502,59,8,106,53,85,32,86,31,3543,884,3590,929,3569,908,3570,907
TRT000502-TEMP000005,land,#2568cc,1552,TRT000502,47,42,96,87,70,66,71,66,3531,918,3580,963,3554,942,3555,942
TRT000502-TEMP000006,land,#2cd345,1697,TRT000502,2,24,61,63,32,41,34,42,3486,900,3545,939,3516,917,3518,918
TRT000502-TEMP000007,land,#4d4863,1624,TRT000502,0,50,49,99,25,76,25,75,3484,926,3533,975,3509,952,3509,951
TRT000503-TEMP000001,land,#fe439d,1517,TRT000503,0,0,41,78,21,36,21,36,4692,882,4733,960,4713,918,4713,918
TRT000504-TEMP000001,land,#637705,126,TRT000504,0,0,31,10,15,5,15,5,1590,884,1621,894,1605,889,1605,889
TRT000505-TEMP000001,land,#fdd6ce,110,TRT000505,0,0,23,8,11,4,11,4,1764,884,1787,892,1775,888,1775,888
TRT000506-TEMP000001,land,#9e13d2,321,TRT000506,0,0,19,40,8,19,8,19,1419,884,1438,924,1427,903,1427,903
TRT000507-TEMP000001,land,#5c585d,988,TRT000507,24,32,101,87,61,56,48,53,3411,924,3488,979,3448,948,3435,945
TRT000507-TEMP000002,land,#0816ce,1529,TRT000507,0,0,43,58,21,30,23,24,3387,892,3430,950,3408,922,3410,916
TRT000508-TEMP000001,land,#2af172,1114,TRT000508,11,0,60,42,36,20,34,21,1383,895,1432,937,1408,915,1406,916
TRT000508-TEMP000002,land,#f47430,1109,TRT000508,0,27,47,62,21,46,22,48,1372,922,1419,957,1393,941,1394,943
TRT000509-TEMP000001,land,#8a7555,2348,TRT000509,0,0,55,66,27,30,27,30,2545,913,2600,979,2572,943,2572,943
TRT000509-TEMP000002,land,#ebf80e,1878,TRT000509,37,8,92,67,64,43,63,42,2582,921,2637,980,2609,956,2608,955
TRT000510-TEMP000001,land,#edb8f0,1200,TRT000510,0,2,42,46,24,22,22,22,1418,925,1460,969,1442,945,1440,945
TRT000510-TEMP000002,land,#2466b4,1118,TRT000510,38,0,92,34,59,14,57,15,1456,923,1510,957,1477,937,1475,938
TRT000511-TEMP000001,land,#d05f0f,1529,TRT000511,42,0,99,46,71,21,71,22,2771,938,2828,984,2800,959,2800,960
TRT000511-TEMP000002,land,#ec60ee,1528,TRT000511,17,18,66,73,41,45,39,47,2746,956,2795,1011,2770,983,2768,985
TRT000511-TEMP000003,land,#281f81,1474,TRT000511,66,22,123,63,94,47,93,48,2795,960,2852,1001,2823,985,2822,986
TRT000511-TEMP000004,land,#67dd95,1042,TRT000511,0,43,43,84,20,67,17,67,2729,981,2772,1022,2749,1005,2746,1005
TRT000512-TEMP000001,land,#153988,1293,TRT000512,0,15,56,66,26,40,26,40,1446,954,1502,1005,1472,979,1472,979
TRT000512-TEMP000002,land,#2ef5f4,1325,TRT000512,29,0,66,65,49,26,49,27,1475,939,1512,1004,1495,965,1495,966
TRT000513-TEMP000001,land,#cbbb9d,1138,TRT000513,4,27,49,63,27,44,23,42,4423,973,4468,1009,4446,990,4442,988
TRT000513-TEMP000002,land,#409de5,1581,TRT000513,37,0,81,57,59,24,57,26,4456,946,4500,1003,4478,970,4476,972
TRT000513-TEMP000003,land,#6602b3,948,TRT000513,0,2,44,29,21,15,21,13,4419,948,4463,975,4440,961,4440,959
TRT000514-TEMP000001,land,#a1b13e,1305,TRT000514,0,57,67,88,36,75,37,74,3348,999,3415,1030,3384,1017,3385,1016
TRT000514-TEMP000002,land,#5297ab,997,TRT000514,5,30,55,68,32,51,32,50,3353,972,3403,1010,3380,993,3380,992
TRT000514-TEMP000003,land,#ef0594,1271,TRT000514,34,0,72,48,55,24,54,25,3382,942,3420,990,3403,966,3402,967
TRT000514-TEMP000004,land,#a65edc,1416,TRT000514,54,35,103,88,75,58,77,56,3402,977,3451,1030,3423,1000,3425,998
TRT000514-TEMP000005,land,#765615,1340,TRT000514,71,3,115,45,91,23,90,21,3419,945,3463,987,3439,965,3438,963
TRT000515-TEMP000001,land,#381fb6,1324,TRT000515,39,42,83,87,63,64,63,63,3372,1065,3416,1110,3396,1087,3396,1086
TRT000515-TEMP000002,land,#a7cd15,1150,TRT000515,78,24,119,67,99,50,99,50,3411,1047,3452,1090,3432,1073,3432,1073
TRT000515-TEMP000003,land,#90bcbb,995,TRT000515,16,23,59,65,39,42,37,41,3349,1046,3392,1088,3372,1065,3370,1064
TRT000515-TEMP000004,land,#48d87f,1127,TRT000515,72,65,119,96,96,79,97,80,3405,1088,3452,1119,3429,1102,3430,1103
TRT000515-TEMP000005,land,#f0b2dd,1345,TRT000515,49,6,97,44,72,23,72,23,3382,1029,3430,1067,3405,1046,3405,1046
TRT000515-TEMP000006,land,#436241,1046,TRT000515,0,0,51,34,27,17,28,16,3333,1023,3384,1057,3360,1040,3361,1039
TRT000516-TEMP000001,land,#89f3d2,1170,TRT000516,18,0,60,54,41,30,40,32,3436,963,3478,1017,3459,993,3458,995
TRT000516-TEMP000002,land,#4bb09a,1154,TRT000516,0,46,41,96,22,69,21,72,3418,1009,3459,1059,3440,1032,3439,1035
TRT000516-TEMP000003,land,#d5d0d9,989,TRT000516,22,71,67,115,42,91,44,91,3440,1034,3485,1078,3460,1054,3462,1054
TRT000516-TEMP000004,land,#fc1c46,1218,TRT000516,38,37,84,83,60,62,59,61,3456,1000,3502,1046,3478,1025,3477,1024
TRT000517-TEMP000001,land,#01c596,1124,TRT000517,0,45,53,80,19,64,20,64,3453,1076,3506,1111,3472,1095,3473,1095
TRT000517-TEMP000002,land,#6e9d16,1658,TRT000517,50,12,111,65,75,37,72,38,3503,1043,3564,1096,3528,1068,3525,1069
TRT000517-TEMP000003,land,#f6eb53,1098,TRT000517,4,18,50,61,31,41,28,40,3457,1049,3503,1092,3484,1072,3481,1071
TRT000517-TEMP000004,land,#9c9a97,970,TRT000517,32,0,82,36,54,17,54,16,3485,1031,3535,1067,3507,1048,3507,1047
TRT000518-TEMP000001,land,#57db14,287,TRT000518,0,0,37,20,20,11,20,11,1404,947,1441,967,1424,958,1424,958
TRT000519-TEMP000001,ocean,#181a9d,51,TRT000519,0,0,15,20,8,9,8,9,4741,955,4756,975,4749,964,4749,964
TRT000520-TEMP000001,ocean,#0908aa,119,TRT000520,0,0,16,19,9,8,9,8,4702,962,4718,981,4711,970,4711,970
TRT000521-TEMP000001,land,#11ea17,825,TRT000521,55,15,91,55,73,40,74,40,2913,1032,2949,1072,2931,1057,2932,1057
TRT000521-TEMP000002,land,#256ea1,1126,TRT000521,23,41,65,87,47,60,48,60,2881,1058,2923,1104,2905,1077,2906,1077
TRT000521-TEMP000003,land,#01d925,1082,TRT000521,30,4,74,41,50,22,52,22,2888,1021,2932,1058,2908,1039,2910,1039
TRT000521-TEMP000004,land,#52720d,1634,TRT000521,0,0,37,56,17,29,18,29,2858,1017,2895,1073,2875,1046,2876,1046
TRT000521-TEMP000005,land,#386810,1013,TRT000521,56,54,96,88,77,71,78,70,2914,1071,2954,1105,2935,1088,2936,1087
TRT000522-TEMP000001,land,#55a304,1329,TRT000522,0,11,37,64,17,40,17,39,2871,968,2908,1021,2888,997,2888,996
TRT000522-TEMP000002,land,#9ad481,1146,TRT000522,10,0,55,38,35,17,38,18,2881,957,2926,995,2906,974,2909,975
TRT000522-TEMP000003,land,#fd48a0,927,TRT000522,54,8,89,47,70,25,71,25,2925,965,2960,1004,2941,982,2942,982
TRT000522-TEMP000004,land,#cca1bc,1167,TRT000522,28,34,73,72,51,54,52,54,2899,991,2944,1029,2922,1011,2923,1011
TRT000523-TEMP000001,land,#16b40a,1230,TRT000523,46,40,92,82,70,60,71,62,2979,998,3025,1040,3003,1018,3004,1020
TRT000523-TEMP000002,land,#d6234c,1305,TRT000523,0,47,46,90,21,71,22,72,2933,1005,2979,1048,2954,1029,2955,1030
TRT000523-TEMP000003,land,#a93027,1430,TRT000523,13,12,62,64,37,39,39,41,2946,970,2995,1022,2970,997,2972,999
TRT000523-TEMP000004,land,#da6461,1196,TRT000523,73,0,111,53,92,27,92,29,3006,958,3044,1011,3025,985,3025,987
TRT000523-TEMP000005,land,#a3728d,1035,TRT000523,37,4,85,41,61,21,64,19,2970,962,3018,999,2994,979,2997,977
TRT000523-TEMP000006,land,#2f3b0f,796,TRT000523,8,87,45,122,26,101,27,103,2941,1045,2978,1080,2959,1059,2960,1061
TRT000523-TEMP000007,land,#806ed8,1042,TRT000523,38,69,75,114,55,90,56,91,2971,1027,3008,1072,2988,1048,2989,1049
TRT000524-TEMP000001,land,#7b9c09,1140,TRT000524,7,133,54,170,32,152,30,151,2957,1102,3004,1139,2982,1121,2980,1120
TRT000524-TEMP000002,land,#b319ad,1485,TRT000524,0,94,54,137,26,117,27,116,2950,1063,3004,1106,2976,1086,2977,1085
TRT000524-TEMP000003,land,#abdc23,1632,TRT000524,41,114,86,169,63,138,61,139,2991,1083,3036,1138,3013,1107,3011,1108
TRT000524-TEMP000004,land,#f682a5,1228,TRT000524,46,61,81,115,65,90,65,90,2996,1030,3031,1084,3015,1059,3015,1059
TRT000524-TEMP000005,land,#8b7b72,1316,TRT000524,73,65,109,124,90,93,89,94,3023,1034,3059,1093,3040,1062,3039,1063
TRT000524-TEMP000006,land,#dd73d1,1463,TRT000524,68,124,119,176,93,154,93,154,3018,1093,3069,1145,3043,1123,3043,1123
TRT000524-TEMP000007,land,#92e151,1091,TRT000524,67,0,108,67,88,40,89,41,3017,969,3058,1036,3038,1009,3039,1010
TRT000525-TEMP000001,land,#6a77ba,379,TRT000525,0,0,41,25,22,9,22,9,2560,975,2601,1000,2582,984,2582,984
TRT000526-TEMP000001,land,#bde4b5,1123,TRT000526,69,4,109,46,86,27,87,27,2651,979,2691,1021,2668,1002,2669,1002
TRT000526-TEMP000002,land,#7897cf,1202,TRT000526,37,4,72,50,55,25,55,25,2619,979,2654,1025,2637,1000,2637,1000
TRT000526-TEMP000003,land,#0325dd,1238,TRT000526,65,42,112,84,90,60,90,60,2647,1017,2694,1059,2672,1035,2672,1035
TRT000526-TEMP000004,land,#67b312,1358,TRT000526,0,0,40,55,24,27,23,27,2582,975,2622,1030,2606,1002,2605,1002
TRT000527-TEMP000001,land,#05773f,304,TRT000527,0,0,25,27,12,15,12,15,3470,974,3495,1001,3482,989,3482,989
TRT000528-TEMP000001,ocean,#0b4271,146,TRT000528,0,0,20,22,12,10,12,10,4762,977,4782,999,4774,987,4774,987
TRT000529-TEMP000001,land,#e44974,969,TRT000529,9,42,37,94,22,66,22,62,2837,1022,2865,1074,2850,1046,2850,1042
TRT000529-TEMP000002,land,#0e6008,1368,TRT000529,0,0,47,43,26,25,27,23,2828,980,2875,1023,2854,1005,2855,1003
TRT000530-TEMP000001,land,#c0e90a,1810,TRT000530,0,41,55,90,30,65,33,64,1579,1120,1634,1169,1609,1144,1612,1143
TRT000530-TEMP000002,land,#bc9711,1216,TRT000530,54,24,102,65,81,45,82,43,1633,1103,1681,1144,1660,1124,1661,1122
TRT000530-TEMP000003,land,#67760a,1249,TRT000530,24,0,57,43,41,21,40,20,1603,1079,1636,1122,1620,1100,1619,1099
TRT000530-TEMP000004,land,#a73e60,1198,TRT000530,45,50,88,97,64,74,67,74,1624,1129,1667,1176,1643,1153,1646,1153
TRT000530-TEMP000005,land,#095421,997,TRT000530,54,1,93,38,72,18,71,18,1633,1080,1672,1117,1651,1097,1650,1097
TRT000531-TEMP000001,land,#47e52b,1575,TRT000531,46,53,90,105,69,82,69,80,1642,1032,1686,1084,1665,1061,1665,1059
TRT000531-TEMP000002,land,#81f2a4,1330,TRT000531,28,21,79,63,54,42,53,42,1624,1000,1675,1042,1650,1021,1649,1021
TRT000531-TEMP000003,land,#804786,584,TRT000531,58,0,105,39,81,18,81,18,1654,979,1701,1018,1677,997,1677,997
TRT000531-TEMP000004,land,#e5a077,1174,TRT000531,16,50,54,102,37,73,36,74,1612,1029,1650,1081,1633,1052,1632,1053
TRT000531-TEMP000005,land,#fec4a7,793,TRT000531,0,64,41,100,18,86,18,88,1596,1043,1637,1079,1614,1065,1614,1067
TRT000532-TEMP000001,land,#1670b1,1509,TRT000532,29,42,84,81,58,62,58,63,1673,1172,1728,1211,1702,1192,1702,1193
TRT000532-TEMP000002,land,#46550e,1769,TRT000532,28,0,100,41,58,21,58,21,1672,1130,1744,1171,1702,1151,1702,1151
TRT000532-TEMP000003,land,#944461,1580,TRT000532,0,11,48,79,25,45,25,45,1644,1141,1692,1209,1669,1175,1669,1175
TRT000532-TEMP000004,land,#160d6c,416,TRT000532,64,67,84,109,75,87,75,90,1708,1197,1728,1239,1719,1217,1719,1220
TRT000533-TEMP000001,land,#5352d5,1258,TRT000533,53,42,93,83,72,62,72,61,1723,1105,1763,1146,1742,1125,1742,1124
TRT000533-TEMP000002,land,#7c44c0,1103,TRT000533,0,15,45,54,20,33,23,32,1670,1078,1715,1117,1690,1096,1693,1095
TRT000533-TEMP000003,land,#1189b0,1189,TRT000533,44,8,89,45,66,27,66,26,1714,1071,1759,1108,1736,1090,1736,1089
TRT000533-TEMP000004,land,#cb8258,1151,TRT000533,10,37,54,76,36,57,36,57,1680,1100,1724,1139,1706,1120,1706,1120
TRT000533-TEMP000005,land,#d029d7,805,TRT000533,8,0,52,26,31,11,29,10,1678,1063,1722,1089,1701,1074,1699,1073
TRT000534-TEMP000001,land,#0ceb40,1123,TRT000534,17,23,62,69,41,45,40,45,3211,1034,3256,1080,3235,1056,3234,1056
TRT000534-TEMP000002,land,#d7dc8e,1440,TRT000534,43,49,86,94,68,71,68,70,3237,1060,3280,1105,3262,1082,3262,1081
TRT000534-TEMP000003,land,#81e43c,1374,TRT000534,48,2,94,49,72,28,71,28,3242,1013,3288,1060,3266,1039,3265,1039
TRT000534-TEMP000004,land,#02d91f,1120,TRT000534,0,0,48,41,23,20,22,20,3194,1011,3242,1052,3217,1031,3216,1031
TRT000535-TEMP000001,land,#e07e3a,1323,TRT000535,6,39,39,92,21,68,21,70,3280,1022,3313,1075,3295,1051,3295,1053
TRT000535-TEMP000002,land,#f6bd2b,1592,TRT000535,0,90,49,134,27,111,26,112,3274,1073,3323,1117,3301,1094,3300,1095
TRT000535-TEMP000003,land,#de43bf,1174,TRT000535,34,55,80,98,52,77,52,75,3308,1038,3354,1081,3326,1060,3326,1058
TRT000535-TEMP000004,land,#083413,1641,TRT000535,47,82,102,131,69,107,68,108,3321,1065,3376,1114,3343,1090,3342,1091
TRT000535-TEMP000005,land,#e91f8a,796,TRT000535,42,23,75,61,61,45,62,44,3316,1006,3349,1044,3335,1028,3336,1027
TRT000535-TEMP000006,land,#4420e2,989,TRT000535,12,0,61,54,43,30,43,30,3286,983,3335,1037,3317,1013,3317,1013
TRT000536-TEMP000001,land,#aed444,1542,TRT000536,85,52,136,110,112,81,113,79,3543,1038,3594,1096,3570,1067,3571,1065
TRT000536-TEMP000002,land,#c7aa50,939,TRT000536,117,26,154,66,136,43,140,38,3575,1012,3612,1052,3594,1029,3598,1024
TRT000536-TEMP000003,land,#ec6e4b,720,TRT000536,125,0,160,28,143,16,139,16,3583,986,3618,1014,3601,1002,3597,1002
TRT000536-TEMP000004,land,#f2ddb7,1882,TRT000536,46,86,111,145,82,116,81,116,3504,1072,3569,1131,3540,1102,3539,1102
TRT000536-TEMP000005,land,#48ff14,1524,TRT000536,31,111,80,172,52,144,50,146,3489,1097,3538,1158,3510,1130,3508,1132
TRT000536-TEMP000006,land,#5a190d,1445,TRT000536,0,157,42,211,15,180,15,180,3458,1143,3500,1197,3473,1166,3473,1166
TRT000536-TEMP000007,land,#19d0f8,1348,TRT000536,0,110,45,160,22,138,22,138,3458,1096,3503,1146,3480,1124,3480,1124
TRT000537-TEMP000001,ocean,#31048c,136,TRT000537,0,0,17,18,8,9,8,9,4726,989,4743,1007,4734,998,4734,998
TRT000538-TEMP000001,land,#5f65b6,1020,TRT000538,0,0,59,90,22,51,22,51,4355,993,4414,1083,4377,1044,4377,1044
TRT000539-TEMP000001,land,#ebe339,1425,TRT000539,28,0,76,43,52,21,52,22,1697,990,1745,1033,1721,1011,1721,1012
TRT000539-TEMP000002,land,#6312e6,1372,TRT000539,17,41,67,86,45,61,47,62,1686,1031,1736,1076,1714,1051,1716,1052
TRT000539-TEMP000003,land,#d594d1,1226,TRT000539,60,13,100,56,82,38,82,39,1729,1003,1769,1046,1751,1028,1751,1029
TRT000539-TEMP000004,land,#eb23db,1056,TRT000539,0,4,38,68,17,36,17,36,1669,994,1707,1058,1686,1026,1686,1026
TRT000539-TEMP000005,land,#f6a164,1115,TRT000539,60,56,100,95,83,72,84,73,1729,1046,1769,1085,1752,1062,1753,1063
TRT000540-TEMP000001,land,#154259,1095,TRT000540,36,2,71,48,53,21,52,21,1790,1067,1825,1113,1807,1086,1806,1086
TRT000540-TEMP000002,land,#687223,1098,TRT000540,72,0,114,41,92,18,92,17,1826,1065,1868,1106,1846,1083,1846,1082
TRT000540-TEMP000003,land,#8d332c,755,TRT000540,53,15,95,52,73,36,72,36,1807,1080,1849,1117,1827,1101,1826,1101
TRT000540-TEMP000004,land,#d4d1e9,787,TRT000540,4,2,43,33,26,16,27,15,1758,1067,1797,1098,1780,1081,1781,1080
TRT000540-TEMP000005,land,#8988ec,1187,TRT000540,0,21,42,67,17,43,16,41,1754,1086,1796,1132,1771,1108,1770,1106
TRT000540-TEMP000006,land,#e57461,1861,TRT000540,7,46,69,96,36,72,36,71,1761,1111,1823,1161,1790,1137,1790,1136
TRT000541-TEMP000001,land,#85770f,1155,TRT000541,64,14,111,60,87,41,89,42,1831,1020,1878,1066,1854,1047,1856,1048
TRT000541-TEMP000002,land,#0598f6,1689,TRT000541,39,0,84,60,59,27,61,28,1806,1006,1851,1066,1826,1033,1828,1034
TRT000541-TEMP000003,land,#901da2,1394,TRT000541,3,25,54,62,26,46,27,44,1770,1031,1821,1068,1793,1052,1794,1050
TRT000541-TEMP000004,land,#e6c479,1059,TRT000541,0,1,45,36,18,17,18,16,1767,1007,1812,1042,1785,1023,1785,1022
TRT000542-TEMP000001,land,#451303,1319,TRT000542,39,10,82,54,59,33,60,32,3523,1004,3566,1048,3543,1027,3544,1026
TRT000542-TEMP000002,land,#b131e8,1070,TRT000542,66,2,98,53,84,23,85,23,3550,996,3582,1047,3568,1017,3569,1017
TRT000542-TEMP000003,land,#a37ce4,1010,TRT000542,0,0,44,43,23,23,23,23,3484,994,3528,1037,3507,1017,3507,1017
TRT000543-TEMP000001,land,#118fd7,750,TRT000543,0,0,47,43,25,18,25,18,1472,999,1519,1042,1497,1017,1497,1017
TRT000544-TEMP000001,land,#3a64fd,1361,TRT000544,16,52,68,99,41,74,40,74,2781,1051,2833,1098,2806,1073,2805,1073
TRT000544-TEMP000002,land,#bb7618,1188,TRT000544,0,39,34,97,16,66,15,63,2765,1038,2799,1096,2781,1065,2780,1062
TRT000544-TEMP000003,land,#73a8c7,1001,TRT000544,6,2,43,41,22,18,21,17,2771,1001,2808,1040,2787,1017,2786,1016
TRT000544-TEMP000004,land,#da40a5,1236,TRT000544,24,0,61,53,44,32,44,31,2789,999,2826,1052,2809,1031,2809,1030
TRT000545-TEMP000001,land,#0ccd37,871,TRT000545,0,0,28,77,16,40,16,40,2815,1000,2843,1077,2831,1040,2831,1040
TRT000546-TEMP000001,land,#6401e4,1055,TRT000546,31,33,72,75,50,53,51,52,3171,1035,3212,1077,3190,1055,3191,1054
TRT000546-TEMP000002,land,#37c679,1187,TRT000546,52,57,102,94,74,78,74,78,3192,1059,3242,1096,3214,1080,3214,1080
TRT000546-TEMP000003,land,#b35e08,857,TRT000546,6,0,46,35,29,17,30,16,3146,1002,3186,1037,3169,1019,3170,1018
TRT000546-TEMP000004,land,#6d548f,1077,TRT000546,0,19,37,63,17,42,17,39,3140,1021,3177,1065,3157,1044,3157,1041
TRT000546-TEMP000005,land,#a1c24d,1515,TRT000546,8,57,52,106,29,82,30,80,3148,1059,3192,1108,3169,1084,3170,1082
TRT000547-TEMP000001,land,#7b43f7,954,TRT000547,30,17,74,50,54,34,55,33,3072,1044,3116,1077,3096,1061,3097,1060
TRT000547-TEMP000002,land,#fe138f,1289,TRT000547,0,26,43,74,21,50,21,51,3042,1053,3085,1101,3063,1077,3063,1078
TRT000547-TEMP000003,land,#741a55,1232,TRT000547,69,0,105,45,87,24,88,25,3111,1027,3147,1072,3129,1051,3130,1052
TRT000547-TEMP000004,land,#18759a,1143,TRT000547,40,43,80,90,61,63,62,61,3082,1070,3122,1117,3103,1090,3104,1088
TRT000547-TEMP000005,land,#59b8de,892,TRT000547,81,41,113,79,97,59,98,61,3123,1068,3155,1106,3139,1086,3140,1088
TRT000547-TEMP000006,land,#757857,1178,TRT000547,6,62,58,108,31,81,32,81,3048,1089,3100,1135,3073,1108,3074,1108
TRT000548-TEMP000001,ocean,#2e1d97,152,TRT000548,0,0,17,30,9,15,9,15,4733,1001,4750,1031,4742,1016,4742,1016
TRT000549-TEMP000001,land,#fe7596,1583,TRT000549,47,10,94,57,72,32,71,33,2729,1017,2776,1064,2754,1039,2753,1040
TRT000549-TEMP000002,land,#ecc78c,1489,TRT000549,7,0,55,44,31,21,30,21,2689,1007,2737,1051,2713,1028,2712,1028
TRT000549-TEMP000003,land,#60a97e,1093,TRT000549,0,34,42,70,20,52,18,53,2682,1041,2724,1077,2702,1059,2700,1060
TRT000549-TEMP000004,land,#97bd64,1555,TRT000549,37,44,90,86,62,67,58,67,2719,1051,2772,1093,2744,1074,2740,1074
TRT000549-TEMP000005,land,#9d0747,721,TRT000549,12,64,48,98,29,80,27,82,2694,1071,2730,1105,2711,1087,2709,1089
TRT000550-TEMP000001,ocean,#2e44a9,170,TRT000550,0,0,16,23,8,13,8,13,1687,1008,1703,1031,1695,1021,1695,1021
TRT000551-TEMP000001,land,#7545a6,1160,TRT000551,0,0,42,47,22,22,22,22,2609,1017,2651,1064,2631,1039,2631,1039
TRT000552-TEMP000001,land,#f8e7b2,1235,TRT000552,0,0,45,63,24,32,24,32,4752,1022,4797,1085,4776,1054,4776,1054
TRT000553-TEMP000001,land,#d09fa7,1001,TRT000553,0,0,89,37,44,17,44,17,1517,1023,1606,1060,1561,1040,1561,1040
TRT000554-TEMP000001,land,#90103f,1098,TRT000554,0,0,32,58,14,32,14,32,4065,1022,4097,1080,4079,1054,4079,1054
TRT000555-TEMP000001,land,#f053f1,178,TRT000555,0,0,30,26,16,11,16,11,4725,1038,4755,1064,4741,1049,4741,1049
TRT000556-TEMP000001,land,#4237c7,1601,TRT000556,0,0,63,63,34,31,34,31,2636,1041,2699,1104,2670,1072,2670,1072
TRT000557-TEMP000001,land,#a3cc21,1578,TRT000557,22,64,72,111,44,87,44,87,1877,1107,1927,1154,1899,1130,1899,1130
TRT000557-TEMP000002,land,#df65b4,1617,TRT000557,4,24,66,67,39,45,36,44,1859,1067,1921,1110,1894,1088,1891,1087
TRT000557-TEMP000003,land,#6a996a,1031,TRT000557,0,0,49,41,24,20,26,17,1855,1043,1904,1084,1879,1063,1881,1060
TRT000558-TEMP000001,land,#e010f6,1472,TRT000558,89,0,150,43,116,25,116,25,4622,1065,4683,1108,4649,1090,4649,1090
TRT000558-TEMP000002,land,#17b9d6,1380,TRT000558,52,32,95,85,74,58,75,57,4585,1097,4628,1150,4607,1123,4608,1122
TRT000558-TEMP000003,land,#c70059,1126,TRT000558,0,59,65,94,36,78,37,78,4533,1124,4598,1159,4569,1143,4570,1143
TRT000559-TEMP000001,land,#70075b,1493,TRT000559,0,0,52,50,24,26,25,26,4384,1070,4436,1120,4408,1096,4409,1096
TRT000559-TEMP000002,land,#3ae535,1104,TRT000559,17,35,63,82,42,59,41,60,4401,1105,4447,1152,4426,1129,4425,1130
TRT000560-TEMP000001,land,#06344c,1395,TRT000560,0,0,50,54,22,22,22,22,1907,1080,1957,1134,1929,1102,1929,1102
TRT000560-TEMP000002,land,#d062b7,1502,TRT000560,18,0,63,64,44,35,44,35,1925,1080,1970,1144,1951,1115,1951,1115
TRT000561-TEMP000001,land,#59af4e,1399,TRT000561,0,0,45,55,20,28,20,28,1962,1084,2007,1139,1982,1112,1982,1112
TRT000562-TEMP000001,land,#600198,1099,TRT000562,36,26,80,73,58,48,59,49,4344,1111,4388,1158,4366,1133,4367,1134
TRT000562-TEMP000002,land,#32a372,1052,TRT000562,0,0,49,42,26,19,26,19,4308,1085,4357,1127,4334,1104,4334,1104
TRT000562-TEMP000003,land,#71a3f2,1146,TRT000562,92,65,142,112,114,90,113,88,4400,1150,4450,1197,4422,1175,4421,1173
TRT000562-TEMP000004,land,#1a0340,1395,TRT000562,58,53,103,105,82,77,81,77,4366,1138,4411,1190,4390,1162,4389,1162
TRT000562-TEMP000005,land,#def088,1563,TRT000562,80,99,137,149,108,120,105,118,4388,1184,4445,1234,4416,1205,4413,1203
TRT000562-TEMP000006,land,#0b9f92,2380,TRT000562,110,109,168,179,143,147,142,146,4418,1194,4476,1264,4451,1232,4450,1231
TRT000563-TEMP000001,land,#661fd2,1411,TRT000563,72,58,118,115,97,85,97,84,3420,1154,3466,1211,3445,1181,3445,1180
TRT000563-TEMP000002,land,#22d926,1300,TRT000563,30,9,75,56,52,33,53,33,3378,1105,3423,1152,3400,1129,3401,1129
TRT000563-TEMP000003,land,#ab7aeb,1298,TRT000563,76,11,121,58,97,33,98,32,3424,1107,3469,1154,3445,1129,3446,1128
TRT000563-TEMP000004,land,#95bea6,1050,TRT000563,0,0,46,42,23,17,23,17,3348,1096,3394,1138,3371,1113,3371,1113
TRT000563-TEMP000005,land,#0284c9,1225,TRT000563,45,38,95,83,71,59,70,59,3393,1134,3443,1179,3419,1155,3418,1155
TRT000564-TEMP000001,land,#b7d310,1568,TRT000564,48,75,105,127,78,100,78,100,3395,1193,3452,1245,3425,1218,3425,1218
TRT000564-TEMP000002,land,#dcee1a,1296,TRT000564,42,43,85,96,58,70,59,69,3389,1161,3432,1214,3405,1188,3406,1187
TRT000564-TEMP000003,land,#9c7eba,1133,TRT000564,3,55,46,95,26,71,27,72,3350,1173,3393,1213,3373,1189,3374,1190
TRT000564-TEMP000004,land,#caa1ba,1352,TRT000564,0,0,52,57,25,37,25,38,3347,1118,3399,1175,3372,1155,3372,1156
TRT000565-TEMP000001,land,#1950d9,1304,TRT000565,7,87,54,132,33,109,33,109,4594,1192,4641,1237,4620,1214,4620,1214
TRT000565-TEMP000002,land,#046ef2,1132,TRT000565,0,68,47,105,21,84,20,83,4587,1173,4634,1210,4608,1189,4607,1188
TRT000565-TEMP000003,land,#fd406a,1438,TRT000565,39,40,91,90,59,62,59,62,4626,1145,4678,1195,4646,1167,4646,1167
TRT000565-TEMP000004,land,#81085c,1079,TRT000565,0,32,41,70,22,55,21,55,4587,1137,4628,1175,4609,1160,4608,1160
TRT000565-TEMP000005,land,#f637b4,1535,TRT000565,29,0,77,44,53,23,53,24,4616,1105,4664,1149,4640,1128,4640,1129
TRT000566-TEMP000001,land,#ddbc72,1134,TRT000566,36,5,69,48,53,28,54,29,4557,1149,4590,1192,4574,1172,4575,1173
TRT000566-TEMP000002,land,#6776ce,1495,TRT000566,0,0,39,64,20,31,22,33,4521,1144,4560,1208,4541,1175,4543,1177
TRT000566-TEMP000003,land,#a35680,1427,TRT000566,20,47,78,83,49,65,51,66,4541,1191,4599,1227,4570,1209,4572,1210
TRT000567-TEMP000001,land,#38e94c,1324,TRT000567,43,8,84,63,65,39,66,39,3322,1116,3363,1171,3344,1147,3345,1147
TRT000567-TEMP000002,land,#ae48bc,1328,TRT000567,19,0,73,43,43,20,44,19,3298,1108,3352,1151,3322,1128,3323,1127
TRT000567-TEMP000003,land,#478214,1608,TRT000567,0,36,52,87,23,62,24,60,3279,1144,3331,1195,3302,1170,3303,1168
TRT000568-TEMP000001,land,#13d005,1156,TRT000568,42,11,78,55,58,32,60,31,3141,1104,3177,1148,3157,1125,3159,1124
TRT000568-TEMP000002,land,#ad3694,1893,TRT000568,0,0,44,63,25,31,26,32,3099,1093,3143,1156,3124,1124,3125,1125
TRT000568-TEMP000003,land,#25cded,771,TRT000568,68,32,102,69,87,47,87,47,3167,1125,3201,1162,3186,1140,3186,1140
TRT000568-TEMP000004,land,#648e6b,1217,TRT000568,38,49,96,88,70,67,71,67,3137,1142,3195,1181,3169,1160,3170,1160
TRT000568-TEMP000005,land,#faa4f4,805,TRT000568,70,1,104,32,89,18,90,17,3169,1094,3203,1125,3188,1111,3189,1110
TRT000569-TEMP000001,land,#af7ed4,1347,TRT000569,35,43,80,94,54,69,54,68,3111,1182,3156,1233,3130,1208,3130,1207
TRT000569-TEMP000002,land,#896d20,1016,TRT000569,22,0,71,43,46,22,45,21,3098,1139,3147,1182,3122,1161,3121,1160
TRT000569-TEMP000003,land,#1a4bb1,886,TRT000569,0,47,39,83,23,63,22,63,3076,1186,3115,1222,3099,1202,3098,1202
TRT000569-TEMP000004,land,#013ad7,765,TRT000569,15,14,51,53,31,37,30,36,3091,1153,3127,1192,3107,1176,3106,1175
TRT000569-TEMP000005,land,#0a1273,1437,TRT000569,58,23,117,70,84,46,83,45,3134,1162,3193,1209,3160,1185,3159,1184
TRT000570-TEMP000001,land,#4df64a,1503,TRT000570,0,27,50,73,26,51,28,54,3124,1215,3174,1261,3150,1239,3152,1242
TRT000570-TEMP000002,land,#31aaa8,1332,TRT000570,46,41,83,91,67,66,68,66,3170,1229,3207,1279,3191,1254,3192,1254
TRT000570-TEMP000003,land,#fb5bb5,1591,TRT000570,28,0,78,48,57,26,55,26,3152,1188,3202,1236,3181,1214,3179,1214
TRT000570-TEMP000004,land,#e09363,866,TRT000570,1,57,35,99,17,79,15,79,3125,1245,3159,1287,3141,1267,3139,1267
TRT000570-TEMP000005,land,#5b5515,1164,TRT000570,24,70,72,118,45,93,45,93,3148,1258,3196,1306,3169,1281,3169,1281
TRT000571-TEMP000001,land,#5c257a,1081,TRT000571,69,66,119,98,92,82,92,84,3078,1267,3128,1299,3101,1283,3101,1285
TRT000571-TEMP000002,land,#80c50d,1207,TRT000571,57,21,104,71,83,49,85,50,3066,1222,3113,1272,3092,1250,3094,1251
TRT000571-TEMP000003,land,#f015cb,884,TRT000571,95,24,119,80,108,55,109,56,3104,1225,3128,1281,3117,1256,3118,1257
TRT000571-TEMP000004,land,#d7580f,1367,TRT000571,46,0,98,57,70,28,68,31,3055,1201,3107,1258,3079,1229,3077,1232
TRT000571-TEMP000005,land,#b87ce9,1012,TRT000571,0,40,56,66,28,55,26,55,3009,1241,3065,1267,3037,1256,3035,1256
TRT000572-TEMP000001,land,#282c28,1269,TRT000572,47,13,84,62,69,39,71,41,3239,1103,3276,1152,3261,1129,3263,1131
TRT000572-TEMP000002,land,#a651a5,1214,TRT000572,27,44,67,98,46,70,47,69,3219,1134,3259,1188,3238,1160,3239,1159
TRT000572-TEMP000003,land,#55041b,1194,TRT000572,0,61,42,98,19,82,18,82,3192,1151,3234,1188,3211,1172,3210,1172
TRT000572-TEMP000004,land,#b65297,1124,TRT000572,82,11,113,68,94,41,95,40,3274,1101,3305,1158,3286,1131,3287,1130
TRT000572-TEMP000005,land,#d099e6,1170,TRT000572,50,62,94,98,74,81,73,83,3242,1152,3286,1188,3266,1171,3265,1173
TRT000572-TEMP000006,land,#424004,1174,TRT000572,4,15,46,62,22,42,22,41,3196,1105,3238,1152,3214,1132,3214,1131
TRT000572-TEMP000007,land,#951579,1315,TRT000572,10,0,66,39,38,17,40,18,3202,1090,3258,1129,3230,1107,3232,1108
TRT000573-TEMP000001,land,#138e93,1276,TRT000573,62,0,97,44,79,24,81,23,3220,1272,3255,1316,3237,1296,3239,1295
TRT000573-TEMP000002,land,#7ff86f,1427,TRT000573,17,0,62,47,45,24,44,24,3175,1272,3220,1319,3203,1296,3202,1296
TRT000573-TEMP000003,land,#38d45f,1154,TRT000573,74,40,106,88,90,62,91,61,3232,1312,3264,1360,3248,1334,3249,1333
TRT000573-TEMP000004,land,#d688aa,764,TRT000573,97,9,135,44,111,25,114,25,3255,1281,3293,1316,3269,1297,3272,1297
TRT000573-TEMP000005,land,#a639b5,1458,TRT000573,37,40,77,88,59,64,60,63,3195,1312,3235,1360,3217,1336,3218,1335
TRT000573-TEMP000006,land,#d4202c,1491,TRT000573,0,26,42,75,20,52,20,53,3158,1298,3200,1347,3178,1324,3178,1325
TRT000573-TEMP000007,land,#b8e621,561,TRT000573,85,77,124,110,106,94,106,95,3243,1349,3282,1382,3264,1366,3264,1367
TRT000574-TEMP000001,land,#5096ba,1273,TRT000574,0,0,45,43,23,17,24,16,3194,1188,3239,1231,3217,1205,3218,1204
TRT000574-TEMP000002,land,#598bd5,1273,TRT000574,45,1,84,47,65,20,66,20,3239,1189,3278,1235,3259,1208,3260,1208
TRT000574-TEMP000003,land,#c11788,1386,TRT000574,45,48,94,104,67,76,68,76,3239,1236,3288,1292,3261,1264,3262,1264
TRT000574-TEMP000004,land,#7ee9e0,1178,TRT000574,11,21,67,60,42,42,42,41,3205,1209,3261,1248,3236,1230,3236,1229
TRT000574-TEMP000005,land,#5cce7a,1253,TRT000574,9,44,50,90,29,68,30,68,3203,1232,3244,1278,3223,1256,3224,1256
TRT000575-TEMP000001,land,#7d7943,978,TRT000575,32,24,80,56,57,38,57,35,3022,1140,3070,1172,3047,1154,3047,1151
TRT000575-TEMP000002,land,#ffeecf,1134,TRT000575,78,0,117,39,97,19,97,19,3068,1116,3107,1155,3087,1135,3087,1135
TRT000575-TEMP000003,land,#036030,1106,TRT000575,68,37,106,81,88,55,88,57,3058,1153,3096,1197,3078,1171,3078,1173
TRT000575-TEMP000004,land,#5eede7,1352,TRT000575,44,54,86,108,66,79,64,74,3034,1170,3076,1224,3056,1195,3054,1190
TRT000575-TEMP000005,land,#5e72ab,2273,TRT000575,0,87,79,135,38,112,40,111,2990,1203,3069,1251,3028,1228,3030,1227
TRT000576-TEMP000001,land,#3625a0,1423,TRT000576,0,40,47,95,25,65,25,68,2955,1178,3002,1233,2980,1203,2980,1206
TRT000576-TEMP000002,land,#63d114,1650,TRT000576,7,0,66,49,38,25,38,27,2962,1138,3021,1187,2993,1163,2993,1165
TRT000576-TEMP000003,land,#3c51de,1137,TRT000576,53,0,87,62,71,33,72,37,3008,1138,3042,1200,3026,1171,3027,1175
TRT000576-TEMP000004,land,#20c62d,979,TRT000576,38,41,86,74,59,59,56,60,2993,1179,3041,1212,3014,1197,3011,1198
TRT000577-TEMP000001,land,#7c7dbe,352,TRT000577,0,0,29,18,16,9,16,9,2964,1140,2993,1158,2980,1149,2980,1149
TRT000578-TEMP000001,land,#bde015,458,TRT000578,0,0,83,26,41,14,41,14,4693,1147,4776,1173,4734,1161,4734,1161
TRT000579-TEMP000001,ocean,#1824a0,90,TRT000579,0,0,19,19,10,10,10,10,4812,1149,4831,1168,4822,1159,4822,1159
TRT000580-TEMP000001,land,#ae93ee,935,TRT000580,29,35,70,76,47,53,47,55,1579,1187,1620,1228,1597,1205,1597,1207
TRT000580-TEMP000002,land,#e31c8b,1017,TRT000580,50,15,87,56,69,33,70,33,1600,1167,1637,1208,1619,1185,1620,1185
TRT000580-TEMP000003,land,#02daa0,1426,TRT000580,5,0,54,42,30,22,33,21,1555,1152,1604,1194,1580,1174,1583,1173
TRT000580-TEMP000004,land,#270ad2,1549,TRT000580,0,35,38,99,19,65,19,62,1550,1187,1588,1251,1569,1217,1569,1214
TRT000581-TEMP000001,lake,#1d35a7,695,TRT000581,0,12,32,43,14,30,14,29,3312,1181,3344,1212,3326,1199,3326,1198
TRT000581-TEMP000002,lake,#161c8d,595,TRT000581,3,0,39,26,24,12,25,11,3315,1169,3351,1195,3336,1181,3337,1180
TRT000582-TEMP000001,land,#867b4c,1649,TRT000582,9,0,66,75,38,36,39,35,4685,1174,4742,1249,4714,1210,4715,1209
TRT000582-TEMP000002,land,#e04690,943,TRT000582,0,23,25,88,15,56,16,55,4676,1197,4701,1262,4691,1230,4692,1229
TRT000583-TEMP000001,land,#2eff74,566,TRT000583,0,0,42,33,20,16,20,16,2015,1170,2057,1203,2035,1186,2035,1186
TRT000584-TEMP000001,land,#15e4bb,920,TRT000584,69,0,96,56,83,28,83,26,1712,1345,1739,1401,1726,1373,1726,1371
TRT000584-TEMP000002,land,#6bbe6e,1409,TRT000584,32,32,88,71,59,51,58,50,1675,1377,1731,1416,1702,1396,1701,1395
TRT000584-TEMP000003,land,#56ec61,1566,TRT000584,44,62,93,115,69,88,71,88,1687,1407,1736,1460,1712,1433,1714,1433
TRT000584-TEMP000004,land,#42284d,728,TRT000584,39,0,79,35,62,20,61,20,1682,1345,1722,1380,1705,1365,1704,1365
TRT000584-TEMP000005,land,#420119,1464,TRT000584,0,39,53,93,29,68,30,70,1643,1384,1696,1438,1672,1413,1673,1415
TRT000585-TEMP000001,land,#18e26f,1528,TRT000585,0,23,50,72,26,49,26,49,1595,1315,1645,1364,1621,1341,1621,1341
TRT000585-TEMP000002,land,#5ce8ba,1329,TRT000585,45,42,92,84,68,64,69,63,1640,1334,1687,1376,1663,1356,1664,1355
TRT000585-TEMP000003,land,#d2a26c,1344,TRT000585,31,0,81,47,57,26,57,25,1626,1292,1676,1339,1652,1318,1652,1317
TRT000585-TEMP000004,land,#72765b,1080,TRT000585,16,66,53,116,37,87,37,88,1611,1358,1648,1408,1632,1379,1632,1380
TRT000585-TEMP000005,land,#fd4448,1160,TRT000585,75,29,116,77,96,50,95,49,1670,1321,1711,1369,1691,1342,1690,1341
TRT000585-TEMP000006,land,#896868,956,TRT000585,40,78,85,123,59,97,61,96,1635,1370,1680,1415,1654,1389,1656,1388
TRT000586-TEMP000001,land,#8ff564,1111,TRT000586,0,11,36,67,17,39,17,40,1543,1228,1579,1284,1560,1256,1560,1257
TRT000586-TEMP000002,land,#a7d571,1299,TRT000586,25,29,69,72,47,53,48,51,1568,1246,1612,1289,1590,1270,1591,1268
TRT000586-TEMP000003,land,#e6ec50,1016,TRT000586,61,64,105,104,79,83,78,83,1604,1281,1648,1321,1622,1300,1621,1300
TRT000586-TEMP000004,land,#641ea0,1133,TRT000586,39,0,85,44,61,24,62,23,1582,1217,1628,1261,1604,1241,1605,1240
TRT000586-TEMP000005,land,#be5ead,1187,TRT000586,68,33,113,80,89,58,89,58,1611,1250,1656,1297,1632,1275,1632,1275
TRT000586-TEMP000006,land,#746338,1194,TRT000586,27,70,69,119,51,91,50,89,1570,1287,1612,1336,1594,1308,1593,1306
TRT000587-TEMP000001,land,#57abc4,1084,TRT000587,20,38,64,78,41,56,39,55,1626,1213,1670,1253,1647,1231,1645,1230
TRT000587-TEMP000002,land,#cb2b0d,1411,TRT000587,62,33,112,72,86,51,87,50,1668,1208,1718,1247,1692,1226,1693,1225
TRT000587-TEMP000003,land,#7eca78,1350,TRT000587,26,58,76,116,52,83,54,80,1632,1233,1682,1291,1658,1258,1660,1255
TRT000587-TEMP000004,land,#fffb56,1044,TRT000587,24,0,66,43,44,24,44,23,1630,1175,1672,1218,1650,1199,1650,1198
TRT000587-TEMP000005,land,#ea9007,743,TRT000587,0,26,33,68,18,46,17,45,1606,1201,1639,1243,1624,1221,1623,1220
TRT000588-TEMP000001,land,#8ec5e4,834,TRT000588,0,0,50,31,28,15,28,15,4868,1179,4918,1210,4896,1194,4896,1194
TRT000589-TEMP000001,land,#81567e,1334,TRT000589,0,24,44,67,20,48,19,48,1906,1479,1950,1522,1926,1503,1925,1503
TRT000589-TEMP000002,land,#7e1c87,1390,TRT000589,35,53,83,102,57,74,57,74,1941,1508,1989,1557,1963,1529,1963,1529
TRT000589-TEMP000003,land,#ef76e2,1216,TRT000589,19,0,67,46,44,22,42,22,1925,1455,1973,1501,1950,1477,1948,1477
TRT000589-TEMP000004,land,#79accc,1364,TRT000589,45,15,95,66,70,44,68,43,1951,1470,2001,1521,1976,1499,1974,1498
TRT000590-TEMP000001,land,#4cdd01,1415,TRT000590,26,0,68,44,50,22,51,23,1987,1505,2029,1549,2011,1527,2012,1528
TRT000590-TEMP000002,land,#9843e6,1146,TRT000590,65,0,103,46,80,23,82,25,2026,1505,2064,1551,2041,1528,2043,1530
TRT000590-TEMP000003,land,#cf5232,1194,TRT000590,68,33,118,73,92,52,92,53,2029,1538,2079,1578,2053,1557,2053,1558
TRT000590-TEMP000004,land,#a508c4,1136,TRT000590,53,62,94,106,77,84,76,84,2014,1567,2055,1611,2038,1589,2037,1589
TRT000590-TEMP000005,land,#fc8736,1305,TRT000590,25,44,70,88,49,65,47,65,1986,1549,2031,1593,2010,1570,2008,1570
TRT000590-TEMP000006,land,#fa4508,1151,TRT000590,0,26,42,75,21,52,22,50,1961,1531,2003,1580,1982,1557,1983,1555
TRT000591-TEMP000001,land,#c5941b,957,TRT000591,97,21,139,63,116,41,118,41,2012,1597,2054,1639,2031,1617,2033,1617
TRT000591-TEMP000002,land,#6a2ca6,1213,TRT000591,68,43,116,86,92,63,94,64,1983,1619,2031,1662,2007,1639,2009,1640
TRT000591-TEMP000003,land,#c491ba,1567,TRT000591,0,43,66,91,34,67,38,69,1915,1619,1981,1667,1949,1643,1953,1645
TRT000591-TEMP000004,land,#bb073d,1163,TRT000591,48,69,90,125,69,94,71,96,1963,1645,2005,1701,1984,1670,1986,1672
TRT000591-TEMP000005,land,#267b4b,1271,TRT000591,58,0,105,47,80,25,83,26,1973,1576,2020,1623,1995,1601,1998,1602
TRT000591-TEMP000006,land,#b4e8ae,1328,TRT000591,26,20,78,68,56,44,57,44,1941,1596,1993,1644,1971,1620,1972,1620
TRT000592-TEMP000001,land,#60f791,1356,TRT000592,51,41,93,85,70,62,70,61,2016,1460,2058,1504,2035,1481,2035,1480
TRT000592-TEMP000002,land,#97b458,1516,TRT000592,51,0,104,48,75,26,77,26,2016,1419,2069,1467,2040,1445,2042,1445
TRT000592-TEMP000003,land,#ae8fad,1546,TRT000592,0,7,57,55,32,36,34,35,1965,1426,2022,1474,1997,1455,1999,1454
TRT000592-TEMP000004,land,#522778,1147,TRT000592,15,52,59,89,39,69,38,69,1980,1471,2024,1508,2004,1488,2003,1488
TRT000593-TEMP000001,land,#a63723,1572,TRT000593,20,52,67,103,46,79,44,76,2062,1502,2109,1553,2088,1529,2086,1526
TRT000593-TEMP000002,land,#3fc75e,1516,TRT000593,66,44,128,90,91,69,89,70,2108,1494,2170,1540,2133,1519,2131,1520
TRT000593-TEMP000003,land,#9cadfd,1291,TRT000593,11,0,56,47,34,24,32,25,2053,1450,2098,1497,2076,1474,2074,1475
TRT000593-TEMP000004,land,#913a4e,1301,TRT000593,41,13,87,64,62,41,63,40,2083,1463,2129,1514,2104,1491,2105,1490
TRT000593-TEMP000005,land,#37c410,1039,TRT000593,0,35,41,83,20,56,18,57,2042,1485,2083,1533,2062,1506,2060,1507
TRT000594-TEMP000001,land,#1a7aeb,1817,TRT000594,0,9,55,71,29,44,29,43,1857,1350,1912,1412,1886,1385,1886,1384
TRT000594-TEMP000002,land,#12b627,1852,TRT000594,49,55,82,145,65,92,66,84,1906,1396,1939,1486,1922,1433,1923,1425
TRT000594-TEMP000003,land,#5f2b42,2038,TRT000594,34,0,88,55,63,28,62,26,1891,1341,1945,1396,1920,1369,1919,1367
TRT000594-TEMP000004,land,#47fa73,1017,TRT000594,14,63,57,116,39,82,42,88,1871,1404,1914,1457,1896,1423,1899,1429
TRT000595-TEMP000001,land,#813ca0,2286,TRT000595,58,0,105,57,83,30,83,31,1986,1327,2033,1384,2011,1357,2011,1358
TRT000595-TEMP000002,land,#a8073c,1755,TRT000595,58,58,105,115,83,83,83,84,1986,1385,2033,1442,2011,1410,2011,1411
TRT000595-TEMP000003,land,#2eacfb,1451,TRT000595,37,51,75,107,54,76,53,75,1965,1378,2003,1434,1982,1403,1981,1402
TRT000595-TEMP000004,land,#4245de,1841,TRT000595,0,96,64,147,26,116,26,116,1928,1423,1992,1474,1954,1443,1954,1443
TRT000595-TEMP000005,land,#70b215,1122,TRT000595,10,50,40,97,24,76,23,77,1938,1377,1968,1424,1952,1403,1951,1404
TRT000595-TEMP000006,land,#f9fb4c,1642,TRT000595,15,8,62,58,41,36,40,36,1943,1335,1990,1385,1969,1363,1968,1363
TRT000596-TEMP000001,land,#205a62,1518,TRT000596,0,0,36,63,21,31,20,32,1874,1254,1910,1317,1895,1285,1894,1286
TRT000596-TEMP000002,land,#046234,1642,TRT000596,16,53,69,100,43,74,44,75,1890,1307,1943,1354,1917,1328,1918,1329
TRT000596-TEMP000003,land,#7f1031,1744,TRT000596,61,37,99,101,79,70,81,69,1935,1291,1973,1355,1953,1324,1955,1323
TRT000596-TEMP000004,land,#ba0076,1465,TRT000596,34,4,80,55,52,33,50,33,1908,1258,1954,1309,1926,1287,1924,1287
TRT000596-TEMP000005,land,#c9078b,944,TRT000596,92,42,132,87,108,65,110,66,1966,1296,2006,1341,1982,1319,1984,1320
TRT000597-TEMP000001,land,#91ca55,1852,TRT000597,0,48,69,104,35,78,37,81,1797,1329,1866,1385,1832,1359,1834,1362
TRT000597-TEMP000002,land,#64fe6d,1974,TRT000597,30,34,100,92,64,61,61,59,1827,1315,1897,1373,1861,1342,1858,1340
TRT000597-TEMP000003,land,#3db080,1467,TRT000597,44,0,101,60,74,31,75,31,1841,1281,1898,1341,1871,1312,1872,1312
TRT000598-TEMP000001,land,#ef21d1,1237,TRT000598,0,0,32,46,15,26,15,28,2165,1295,2197,1341,2180,1321,2180,1323
TRT000598-TEMP000002,land,#db1fbc,1201,TRT000598,29,44,66,94,45,63,44,64,2194,1339,2231,1389,2210,1358,2209,1359
TRT000598-TEMP000003,land,#7bd7e0,1163,TRT000598,25,1,61,44,43,23,43,24,2190,1296,2226,1339,2208,1318,2208,1319
TRT000598-TEMP000004,land,#98ec56,1104,TRT000598,55,10,98,53,73,29,73,29,2220,1305,2263,1348,2238,1324,2238,1324
TRT000598-TEMP000005,land,#a37a57,982,TRT000598,0,47,31,86,16,63,16,65,2165,1342,2196,1381,2181,1358,2181,1360
TRT000599-TEMP000001,land,#c93865,1070,TRT000599,6,0,54,40,24,23,23,21,2193,1224,2241,1264,2211,1247,2210,1245
TRT000599-TEMP000002,land,#78998d,1595,TRT000599,52,29,83,91,67,59,67,58,2239,1253,2270,1315,2254,1283,2254,1282
TRT000599-TEMP000003,land,#37eecb,935,TRT000599,0,33,30,74,13,54,13,51,2187,1257,2217,1298,2200,1278,2200,1275
TRT000599-TEMP000004,land,#41e771,1196,TRT000599,20,32,54,82,40,59,39,59,2207,1256,2241,1306,2227,1283,2226,1283
TRT000600-TEMP000001,land,#d5c13e,1122,TRT000600,41,33,78,69,59,50,58,49,2088,1308,2125,1344,2106,1325,2105,1324
TRT000600-TEMP000002,land,#07829b,1468,TRT000600,77,18,117,61,96,43,97,43,2124,1293,2164,1336,2143,1318,2144,1318
TRT000600-TEMP000003,land,#78264c,1313,TRT000600,35,61,81,106,64,81,64,80,2082,1336,2128,1381,2111,1356,2111,1355
TRT000600-TEMP000004,land,#d070e0,1244,TRT000600,30,0,86,34,57,19,57,19,2077,1275,2133,1309,2104,1294,2104,1294
TRT000600-TEMP000005,land,#55d225,1264,TRT000600,0,22,41,74,26,48,25,48,2047,1297,2088,1349,2073,1323,2072,1323
TRT000600-TEMP000006,land,#10bdfa,1226,TRT000600,82,61,117,102,98,79,98,80,2129,1336,2164,1377,2145,1354,2145,1355
TRT000601-TEMP000001,land,#fa5e6e,1464,TRT000601,47,46,90,92,68,67,69,69,2146,1262,2189,1308,2167,1283,2168,1285
TRT000601-TEMP000002,land,#809493,1137,TRT000601,0,41,51,81,29,60,30,61,2099,1257,2150,1297,2128,1276,2129,1277
TRT000601-TEMP000003,land,#0b437a,1752,TRT000601,51,0,100,48,76,23,75,25,2150,1216,2199,1264,2175,1239,2174,1241
TRT000601-TEMP000004,land,#9fa7c4,1101,TRT000601,18,7,62,54,44,34,41,35,2117,1223,2161,1270,2143,1250,2140,1251
TRT000602-TEMP000001,land,#f36cf7,1331,TRT000602,55,0,103,44,78,24,78,24,2157,1364,2205,1408,2180,1388,2180,1388
TRT000602-TEMP000002,land,#c1fcf7,931,TRT000602,39,28,84,67,62,47,62,48,2141,1392,2186,1431,2164,1411,2164,1412
TRT000602-TEMP000003,land,#43ab88,994,TRT000602,26,50,66,85,46,70,45,70,2128,1414,2168,1449,2148,1434,2147,1434
TRT000602-TEMP000004,land,#eeddf2,1297,TRT000602,13,3,57,50,36,27,35,27,2115,1367,2159,1414,2138,1391,2137,1391
TRT000602-TEMP000005,land,#000239,1309,TRT000602,66,42,104,88,87,67,87,67,2168,1406,2206,1452,2189,1431,2189,1431
TRT000602-TEMP000006,land,#687bc3,1029,TRT000602,0,38,35,83,18,62,17,62,2102,1402,2137,1447,2120,1426,2119,1426
TRT000604-TEMP000001,land,#ce1a92,968,TRT000604,75,5,109,47,90,23,91,22,2165,1450,2199,1492,2180,1468,2181,1467
TRT000604-TEMP000002,land,#ebf1a0,1383,TRT000604,39,33,94,74,67,51,68,50,2129,1478,2184,1519,2157,1496,2158,1495
TRT000604-TEMP000003,land,#d6a2a7,940,TRT000604,46,3,78,36,61,18,62,17,2136,1448,2168,1481,2151,1463,2152,1462
TRT000604-TEMP000004,land,#4f6eb0,1316,TRT000604,0,0,47,46,29,18,30,19,2090,1445,2137,1491,2119,1463,2120,1464
TRT000603-TEMP000001,land,#26de49,1315,TRT000603,49,31,84,85,66,59,66,58,2083,1358,2118,1412,2100,1386,2100,1385
TRT000603-TEMP000002,land,#24153a,1161,TRT000603,15,38,55,84,38,61,38,61,2049,1365,2089,1411,2072,1388,2072,1388
TRT000603-TEMP000003,land,#f0ba66,981,TRT000603,0,18,33,65,11,44,11,41,2034,1345,2067,1392,2045,1371,2045,1368
TRT000603-TEMP000004,land,#607f41,1324,TRT000603,0,65,40,116,18,87,18,87,2034,1392,2074,1443,2052,1414,2052,1414
TRT000603-TEMP000005,land,#9edcae,1153,TRT000603,0,0,54,39,26,21,27,20,2034,1327,2088,1366,2060,1348,2061,1347
TRT000603-TEMP000006,land,#f46843,1699,TRT000603,25,80,75,130,52,104,52,104,2059,1407,2109,1457,2086,1431,2086,1431
TRT000605-TEMP000001,land,#1309ca,1160,TRT000605,1,94,50,129,24,110,24,112,1901,1229,1950,1264,1924,1245,1924,1247
TRT000605-TEMP000002,land,#695f5e,1517,TRT000605,36,49,77,106,55,78,55,79,1936,1184,1977,1241,1955,1213,1955,1214
TRT000605-TEMP000003,land,#04dbbf,1285,TRT000605,0,56,36,102,16,80,17,82,1900,1191,1936,1237,1916,1215,1917,1217
TRT000605-TEMP000004,land,#e518cd,1649,TRT000605,0,28,62,68,31,47,30,47,1900,1163,1962,1203,1931,1182,1930,1182
TRT000605-TEMP000005,land,#fe326d,1296,TRT000605,0,0,53,39,25,21,25,20,1900,1135,1953,1174,1925,1156,1925,1155
TRT000606-TEMP000001,land,#fdd0e2,1702,TRT000606,41,0,102,40,71,16,71,15,1967,1220,2028,1260,1997,1236,1997,1235
TRT000606-TEMP000002,land,#952b4e,1693,TRT000606,0,11,57,69,30,40,31,39,1926,1231,1983,1289,1956,1260,1957,1259
TRT000606-TEMP000003,land,#812089,1597,TRT000606,67,18,117,67,94,46,92,45,1993,1238,2043,1287,2020,1266,2018,1265
TRT000606-TEMP000004,land,#b9c44f,1279,TRT000606,62,65,104,113,85,86,87,87,1988,1285,2030,1333,2011,1306,2013,1307
TRT000606-TEMP000005,land,#85611a,1403,TRT000606,26,37,79,86,55,62,55,63,1952,1257,2005,1306,1981,1282,1981,1283
TRT000606-TEMP000006,land,#167659,1236,TRT000606,96,62,131,118,112,91,113,91,2022,1282,2057,1338,2038,1311,2039,1311
TRT000607-TEMP000001,land,#7f7356,1501,TRT000607,0,0,65,58,34,39,38,38,1944,1105,2009,1163,1978,1144,1982,1143
TRT000607-TEMP000002,land,#07c341,1525,TRT000607,50,0,90,74,69,46,70,49,1994,1105,2034,1179,2013,1151,2014,1154
TRT000607-TEMP000003,land,#284dcd,1474,TRT000607,34,72,90,114,62,98,63,97,1978,1177,2034,1219,2006,1203,2007,1202
TRT000607-TEMP000004,land,#1d0d64,1452,TRT000607,9,53,58,112,34,76,34,77,1953,1158,2002,1217,1978,1181,1978,1182
TRT000608-TEMP000001,land,#964d57,1717,TRT000608,43,0,93,50,66,25,68,26,2066,1184,2116,1234,2089,1209,2091,1210
TRT000608-TEMP000002,land,#d7623b,1684,TRT000608,7,42,60,87,35,64,37,64,2030,1226,2083,1271,2058,1248,2060,1248
TRT000608-TEMP000003,land,#7a4a98,907,TRT000608,86,18,131,60,106,39,109,39,2109,1202,2154,1244,2129,1223,2132,1223
TRT000608-TEMP000004,land,#35a8f0,1546,TRT000608,0,0,47,56,26,31,26,30,2023,1184,2070,1240,2049,1215,2049,1214
TRT000608-TEMP000005,land,#c398c4,1389,TRT000608,60,41,104,91,79,64,83,63,2083,1225,2127,1275,2102,1248,2106,1247
TRT000608-TEMP000006,land,#d4aef8,1624,TRT000608,19,77,73,130,44,99,45,98,2042,1261,2096,1314,2067,1283,2068,1282
TRT000609-TEMP000001,land,#96420b,357,TRT000609,0,0,31,26,16,14,16,14,3268,1191,3299,1217,3284,1205,3284,1205
TRT000610-TEMP000001,land,#7cc6f8,1345,TRT000610,35,53,75,104,56,78,55,81,3315,1242,3355,1293,3336,1267,3335,1270
TRT000610-TEMP000002,land,#4aabeb,1615,TRT000610,12,12,75,64,40,43,42,43,3292,1201,3355,1253,3320,1232,3322,1232
TRT000610-TEMP000003,land,#a8d709,1306,TRT000610,0,43,38,93,18,69,18,71,3280,1232,3318,1282,3298,1258,3298,1260
TRT000610-TEMP000004,land,#999feb,1180,TRT000610,14,0,78,48,54,22,54,22,3294,1189,3358,1237,3334,1211,3334,1211
TRT000610-TEMP000005,land,#3638ea,921,TRT000610,15,86,54,123,33,104,32,107,3295,1275,3334,1312,3313,1293,3312,1296
TRT000611-TEMP000001,land,#841c53,995,TRT000611,18,15,62,56,38,36,36,34,3372,1210,3416,1251,3392,1231,3390,1229
TRT000611-TEMP000002,land,#f79f87,1341,TRT000611,0,42,36,86,17,65,16,63,3354,1237,3390,1281,3371,1260,3370,1258
TRT000611-TEMP000003,land,#1a1fb6,828,TRT000611,2,0,30,43,13,23,12,22,3356,1195,3384,1238,3367,1218,3366,1217
TRT000611-TEMP000004,land,#bdf292,1611,TRT000611,32,43,80,94,56,69,54,68,3386,1238,3434,1289,3410,1264,3408,1263
TRT000612-TEMP000001,land,#a0d97d,1192,TRT000612,48,45,98,78,76,64,79,64,3360,1323,3410,1356,3388,1342,3391,1342
TRT000612-TEMP000002,land,#1778a1,1107,TRT000612,0,18,56,70,33,38,36,42,3312,1296,3368,1348,3345,1316,3348,1320
TRT000612-TEMP000003,land,#ac4fca,1046,TRT000612,52,11,90,55,70,35,70,36,3364,1289,3402,1333,3382,1313,3382,1314
TRT000612-TEMP000004,land,#184f09,1286,TRT000612,78,5,121,46,100,23,101,25,3390,1283,3433,1324,3412,1301,3413,1303
TRT000612-TEMP000005,land,#54d9f4,995,TRT000612,95,35,136,73,113,55,114,56,3407,1313,3448,1351,3425,1333,3426,1334
TRT000612-TEMP000006,land,#8f1670,1078,TRT000612,22,0,77,32,50,14,50,14,3334,1278,3389,1310,3362,1292,3362,1292
TRT000613-TEMP000001,land,#0fb6f5,1009,TRT000613,29,75,77,115,56,94,56,96,1687,1306,1735,1346,1714,1325,1714,1327
TRT000613-TEMP000002,land,#8a83c8,1607,TRT000613,0,45,47,98,25,67,25,68,1658,1276,1705,1329,1683,1298,1683,1299
TRT000613-TEMP000003,land,#9ce6b4,1436,TRT000613,48,45,97,89,70,65,69,68,1706,1276,1755,1320,1728,1296,1727,1299
TRT000613-TEMP000004,land,#9a59af,1620,TRT000613,12,8,58,54,38,32,36,32,1670,1239,1716,1285,1696,1263,1694,1263
TRT000613-TEMP000005,land,#f0e48a,2011,TRT000613,57,0,108,55,81,29,80,30,1715,1231,1766,1286,1739,1260,1738,1261
TRT000614-TEMP000001,land,#01aa39,1433,TRT000614,93,13,134,70,112,39,113,37,1859,1225,1900,1282,1878,1251,1879,1249
TRT000614-TEMP000002,land,#50983b,1703,TRT000614,56,8,101,68,80,39,81,41,1822,1220,1867,1280,1846,1251,1847,1253
TRT000614-TEMP000003,land,#471b93,1772,TRT000614,41,56,104,103,70,78,70,79,1807,1268,1870,1315,1836,1290,1836,1291
TRT000614-TEMP000004,land,#838e32,1608,TRT000614,15,0,75,47,48,22,46,23,1781,1212,1841,1259,1814,1234,1812,1235
TRT000614-TEMP000005,land,#008531,1659,TRT000614,0,28,57,79,28,52,29,54,1766,1240,1823,1291,1794,1264,1795,1266
TRT000615-TEMP000001,land,#0d0877,1290,TRT000615,0,31,49,68,26,50,25,51,1719,1172,1768,1209,1745,1191,1744,1192
TRT000615-TEMP000002,land,#4056ba,1927,TRT000615,47,11,92,74,71,44,71,44,1766,1152,1811,1215,1790,1185,1790,1185
TRT000615-TEMP000003,land,#547e3c,1457,TRT000615,0,0,57,38,29,20,29,20,1719,1141,1776,1179,1748,1161,1748,1161
TRT000615-TEMP000004,land,#58310e,1552,TRT000615,38,58,87,112,56,82,54,82,1757,1199,1806,1253,1775,1223,1773,1223
TRT000615-TEMP000005,land,#5cd7b7,985,TRT000615,4,67,39,106,22,83,21,84,1723,1208,1758,1247,1741,1224,1740,1225
TRT000616-TEMP000001,land,#46af2f,1881,TRT000616,36,0,81,65,59,35,59,36,1840,1092,1885,1157,1863,1127,1863,1128
TRT000616-TEMP000002,land,#6059a6,1546,TRT000616,32,61,65,120,48,89,48,90,1836,1153,1869,1212,1852,1181,1852,1182
TRT000616-TEMP000003,land,#15a98c,1582,TRT000616,1,66,34,124,19,93,18,91,1805,1158,1838,1216,1823,1185,1822,1183
TRT000616-TEMP000004,land,#168d07,1623,TRT000616,0,17,46,68,24,44,24,43,1804,1109,1850,1160,1828,1136,1828,1135
TRT000616-TEMP000005,land,#b4ce4a,1579,TRT000616,32,104,96,147,71,124,69,125,1836,1196,1900,1239,1875,1216,1873,1217
TRT000616-TEMP000006,land,#33e454,1461,TRT000616,63,58,95,113,81,84,82,88,1867,1150,1899,1205,1885,1176,1886,1180
TRT000617-TEMP000001,land,#9b794b,2542,TRT000617,0,0,58,82,34,44,34,43,1727,1265,1785,1347,1761,1309,1761,1308
TRT000617-TEMP000002,land,#175dc1,906,TRT000617,49,47,97,92,73,67,70,66,1776,1312,1824,1357,1800,1332,1797,1331
TRT000617-TEMP000003,land,#2adf63,1293,TRT000617,58,11,111,64,79,42,81,44,1785,1276,1838,1329,1806,1307,1808,1309
TRT000618-TEMP000001,land,#0c6ec9,1156,TRT000618,63,34,115,75,91,50,92,51,4950,1231,5002,1272,4978,1247,4979,1248
TRT000618-TEMP000002,land,#d62e1a,1602,TRT000618,97,58,136,117,121,83,121,82,4984,1255,5023,1314,5008,1280,5008,1279
TRT000618-TEMP000003,land,#d255ac,1288,TRT000618,62,0,111,39,86,19,88,18,4949,1197,4998,1236,4973,1216,4975,1215
TRT000618-TEMP000004,land,#eb4b27,1278,TRT000618,101,11,136,57,121,35,121,34,4988,1208,5023,1254,5008,1232,5008,1231
TRT000618-TEMP000005,land,#890684,1299,TRT000618,0,10,66,49,36,30,40,30,4887,1207,4953,1246,4923,1227,4927,1227
TRT000619-TEMP000001,ocean,#2e1e8c,113,TRT000619,0,0,23,22,12,10,12,10,4463,1198,4486,1220,4475,1208,4475,1208
TRT000620-TEMP000001,land,#78498a,340,TRT000620,0,0,26,32,12,15,12,15,3272,1210,3298,1242,3284,1225,3284,1225
TRT000621-TEMP000001,land,#84f352,1975,TRT000621,44,27,109,84,73,59,74,61,5066,1242,5131,1299,5095,1274,5096,1276
TRT000621-TEMP000002,land,#4e5e1c,889,TRT000621,81,70,119,114,101,92,102,93,5103,1285,5141,1329,5123,1307,5124,1308
TRT000621-TEMP000003,land,#ff0a3a,1123,TRT000621,1,63,53,104,27,86,29,87,5023,1278,5075,1319,5049,1301,5051,1302
TRT000621-TEMP000004,land,#1c1429,2320,TRT000621,2,0,67,58,30,29,32,31,5024,1215,5089,1273,5052,1244,5054,1246
TRT000621-TEMP000005,land,#a3af31,518,TRT000621,107,99,151,125,128,112,130,113,5129,1314,5173,1340,5150,1327,5152,1328
TRT000621-TEMP000006,land,#58eed7,1192,TRT000621,0,40,43,89,17,63,15,67,5022,1255,5065,1304,5039,1278,5037,1282
TRT000622-TEMP000001,land,#945483,184,TRT000622,0,0,43,15,21,6,21,6,4821,1217,4864,1232,4842,1223,4842,1223
TRT000623-TEMP000001,ocean,#2a3a73,103,TRT000623,0,0,19,11,10,5,10,5,4789,1222,4808,1233,4799,1227,4799,1227
TRT000624-TEMP000001,lake,#203097,384,TRT000624,0,0,32,76,10,39,10,39,3272,1234,3304,1310,3282,1273,3282,1273
TRT000625-TEMP000001,ocean,#072a9a,451,TRT000625,0,0,63,31,36,20,36,20,5139,1240,5202,1271,5175,1260,5175,1260
TRT000626-TEMP000001,land,#6a4abd,56,TRT000626,0,0,14,20,6,9,6,9,3005,1243,3019,1263,3011,1252,3011,1252
TRT000627-TEMP000001,ocean,#33288f,93,TRT000627,0,0,18,20,9,11,9,11,5239,1260,5257,1280,5248,1271,5248,1271
TRT000628-TEMP000001,land,#3fa61f,1273,TRT000628,70,8,138,42,101,27,104,27,4539,1274,4607,1308,4570,1293,4573,1293
TRT000628-TEMP000002,land,#bb9254,1248,TRT000628,0,0,73,30,35,16,39,16,4469,1266,4542,1296,4504,1282,4508,1282
TRT000629-TEMP000001,ocean,#1218a7,52,TRT000629,0,0,19,9,10,4,10,4,4608,1300,4627,1309,4618,1304,4618,1304
TRT000630-TEMP000001,land,#bff210,158,TRT000630,0,0,19,16,10,9,10,9,4973,1288,4992,1304,4983,1297,4983,1297
TRT000631-TEMP000001,land,#8dbefa,1348,TRT000631,0,0,47,37,25,17,27,18,3009,1265,3056,1302,3034,1282,3036,1283
TRT000631-TEMP000002,land,#92a5f2,1242,TRT000631,11,37,52,86,31,56,29,56,3020,1302,3061,1351,3040,1321,3038,1321
TRT000631-TEMP000003,land,#8c4c78,1546,TRT000631,22,56,83,96,53,82,53,79,3031,1321,3092,1361,3062,1347,3062,1344
TRT000631-TEMP000004,land,#988a2a,1215,TRT000631,41,0,78,47,58,23,59,24,3050,1265,3087,1312,3067,1288,3068,1289
TRT000631-TEMP000005,land,#9d4377,1148,TRT000631,53,32,91,82,74,54,76,54,3062,1297,3100,1347,3083,1319,3085,1319
TRT000632-TEMP000001,land,#7893a0,1390,TRT000632,0,40,40,81,19,60,20,60,3092,1412,3132,1453,3111,1432,3112,1432
TRT000632-TEMP000002,land,#2fc93b,1301,TRT000632,0,0,36,40,19,20,19,20,3092,1372,3128,1412,3111,1392,3111,1392
TRT000632-TEMP000003,land,#650aaa,1025,TRT000632,31,34,68,70,50,48,51,50,3123,1406,3160,1442,3142,1420,3143,1422
TRT000632-TEMP000004,land,#8ed9ef,788,TRT000632,39,56,87,83,62,72,64,73,3131,1428,3179,1455,3154,1444,3156,1445
TRT000632-TEMP000005,land,#165dd5,1053,TRT000632,34,1,75,33,52,17,52,17,3126,1373,3167,1405,3144,1389,3144,1389
TRT000633-TEMP000001,land,#d5eff0,1145,TRT000633,38,48,77,92,54,75,57,77,3126,1330,3165,1374,3142,1357,3145,1359
TRT000633-TEMP000002,land,#b3e153,1311,TRT000633,56,41,104,94,82,71,78,66,3144,1323,3192,1376,3170,1353,3166,1348
TRT000633-TEMP000003,land,#5f19c3,1355,TRT000633,5,16,55,61,28,41,27,42,3093,1298,3143,1343,3116,1323,3115,1324
TRT000633-TEMP000004,land,#46126a,1388,TRT000633,24,0,71,46,51,21,49,19,3112,1282,3159,1328,3139,1303,3137,1301
TRT000633-TEMP000005,land,#8ae6cb,1134,TRT000633,0,54,38,90,20,74,19,74,3088,1336,3126,1372,3108,1356,3107,1356
TRT000635-TEMP000001,land,#5b1f96,132,TRT000635,0,0,38,9,18,5,18,5,4691,1303,4729,1312,4709,1308,4709,1308
TRT000634-TEMP000001,land,#cd5896,1121,TRT000634,27,0,69,34,49,15,49,15,3027,1361,3069,1395,3049,1376,3049,1376
TRT000634-TEMP000002,land,#5e5b8a,1342,TRT000634,52,42,94,84,75,65,75,64,3052,1403,3094,1445,3075,1426,3075,1425
TRT000634-TEMP000003,land,#ca5751,1191,TRT000634,29,34,68,84,49,55,48,53,3029,1395,3068,1445,3049,1416,3048,1414
TRT000634-TEMP000004,land,#68f477,967,TRT000634,6,9,43,51,23,33,23,33,3006,1370,3043,1412,3023,1394,3023,1394
TRT000634-TEMP000005,land,#45a027,1222,TRT000634,62,1,94,44,80,23,81,22,3062,1362,3094,1405,3080,1384,3081,1383
TRT000634-TEMP000006,land,#81baa4,1104,TRT000634,0,50,44,85,19,67,19,68,3000,1411,3044,1446,3019,1428,3019,1429
TRT000636-TEMP000001,land,#5f81fd,1425,TRT000636,30,52,76,100,53,76,53,74,3286,1355,3332,1403,3309,1379,3309,1377
TRT000636-TEMP000002,land,#8955df,1248,TRT000636,4,28,47,67,25,46,24,43,3260,1331,3303,1370,3281,1349,3280,1346
TRT000636-TEMP000003,land,#c47021,1034,TRT000636,37,6,82,45,55,25,55,25,3293,1309,3338,1348,3311,1328,3311,1328
TRT000636-TEMP000004,land,#207158,931,TRT000636,47,26,86,69,70,48,71,48,3303,1329,3342,1372,3326,1351,3327,1351
TRT000636-TEMP000005,land,#aadd37,839,TRT000636,5,0,44,27,25,14,24,13,3261,1303,3300,1330,3281,1317,3280,1316
TRT000636-TEMP000006,land,#867258,1323,TRT000636,0,65,46,116,22,92,22,91,3256,1368,3302,1419,3278,1395,3278,1394
TRT000638-TEMP000001,ocean,#2d3c8e,161,TRT000638,0,0,33,15,14,7,14,7,4774,1304,4807,1319,4788,1311,4788,1311
TRT000637-TEMP000001,land,#4c7f77,1663,TRT000637,0,31,51,68,22,51,23,51,3161,1377,3212,1414,3183,1397,3184,1397
TRT000637-TEMP000002,land,#3eb13b,1270,TRT000637,0,69,42,103,23,84,23,85,3161,1415,3203,1449,3184,1430,3184,1431
TRT000637-TEMP000003,land,#c94bb2,1630,TRT000637,43,58,82,109,61,85,62,84,3204,1404,3243,1455,3222,1431,3223,1430
TRT000637-TEMP000004,land,#059eec,1322,TRT000637,48,9,94,57,70,33,69,33,3209,1355,3255,1403,3231,1379,3230,1379
TRT000637-TEMP000005,land,#3d6d7c,795,TRT000637,78,61,113,101,93,79,95,79,3239,1407,3274,1447,3254,1425,3256,1425
TRT000637-TEMP000006,land,#d5a4f5,919,TRT000637,26,0,61,44,43,21,42,20,3187,1346,3222,1390,3204,1367,3203,1366
TRT000637-TEMP000007,land,#43cbd5,940,TRT000637,59,34,107,71,84,55,86,55,3220,1380,3268,1417,3245,1401,3247,1401
TRT000639-TEMP000001,land,#554b1e,85,TRT000639,0,0,22,10,12,5,12,5,4641,1305,4663,1315,4653,1310,4653,1310
TRT000640-TEMP000001,ocean,#2422aa,163,TRT000640,0,0,24,20,12,10,12,10,4750,1315,4774,1335,4762,1325,4762,1325
TRT000641-TEMP000001,ocean,#0a2d69,51,TRT000641,0,0,17,10,8,6,8,6,5316,1318,5333,1328,5324,1324,5324,1324
TRT000642-TEMP000001,ocean,#2d22a3,129,TRT000642,0,0,28,14,15,6,15,6,4679,1320,4707,1334,4694,1326,4694,1326
TRT000643-TEMP000001,lake,#214a82,357,TRT000643,0,0,20,74,9,38,9,38,3347,1322,3367,1396,3356,1360,3356,1360
TRT000644-TEMP000001,land,#42cb94,1484,TRT000644,0,0,48,113,23,62,23,62,3329,1323,3377,1436,3352,1385,3352,1385
TRT000645-TEMP000001,land,#f6ca14,1511,TRT000645,0,35,57,74,30,52,32,52,1816,1416,1873,1455,1846,1433,1848,1433
TRT000645-TEMP000002,land,#88e8c6,952,TRT000645,24,60,65,97,47,80,47,81,1840,1441,1881,1478,1863,1461,1863,1462
TRT000645-TEMP000003,land,#e684cd,1410,TRT000645,3,0,55,39,31,22,30,22,1819,1381,1871,1420,1847,1403,1846,1403
TRT000645-TEMP000004,land,#cfba96,702,TRT000645,64,70,98,101,82,85,82,87,1880,1451,1914,1482,1898,1466,1898,1468
TRT000645-TEMP000005,land,#84b98a,905,TRT000645,53,42,94,79,71,62,74,64,1869,1423,1910,1460,1887,1443,1890,1445
TRT000646-TEMP000001,land,#a24771,1344,TRT000646,34,21,78,70,58,50,59,51,1762,1347,1806,1396,1786,1376,1787,1377
TRT000646-TEMP000002,land,#86238c,1943,TRT000646,0,0,65,52,35,26,34,27,1728,1326,1793,1378,1763,1352,1762,1353
TRT000646-TEMP000003,land,#1d3560,1569,TRT000646,2,48,45,95,23,73,23,75,1730,1374,1773,1421,1751,1399,1751,1401
TRT000646-TEMP000004,land,#cd694b,1036,TRT000646,36,71,80,103,58,88,59,89,1764,1397,1808,1429,1786,1414,1787,1415
TRT000646-TEMP000005,land,#2214ff,853,TRT000646,65,58,99,100,82,77,83,75,1793,1384,1827,1426,1810,1403,1811,1401
TRT000646-TEMP000006,land,#638255,644,TRT000646,78,42,115,71,95,56,97,55,1806,1368,1843,1397,1823,1382,1825,1381
TRT000647-TEMP000001,land,#800ba0,943,TRT000647,34,56,68,95,50,75,51,76,1809,1481,1843,1520,1825,1500,1826,1501
TRT000647-TEMP000002,land,#e05897,1596,TRT000647,12,0,55,59,33,31,33,35,1787,1425,1830,1484,1808,1456,1808,1460
TRT000647-TEMP000003,land,#5b4445,921,TRT000647,43,22,84,65,61,46,62,46,1818,1447,1859,1490,1836,1471,1837,1471
TRT000647-TEMP000004,land,#771fd7,1154,TRT000647,0,56,39,102,22,78,23,80,1775,1481,1814,1527,1797,1503,1798,1505
TRT000648-TEMP000001,land,#853e64,1318,TRT000648,18,59,61,114,41,87,43,84,1744,1476,1787,1531,1767,1504,1769,1501
TRT000648-TEMP000002,land,#4578a5,1105,TRT000648,9,41,54,83,28,59,26,62,1735,1458,1780,1500,1754,1476,1752,1479
TRT000648-TEMP000003,land,#06b4ef,1522,TRT000648,31,6,75,58,52,31,50,30,1757,1423,1801,1475,1778,1448,1776,1447
TRT000648-TEMP000004,land,#038188,1155,TRT000648,0,0,38,43,19,22,17,22,1726,1417,1764,1460,1745,1439,1743,1439
TRT000649-TEMP000001,land,#c64428,1300,TRT000649,51,29,96,70,74,49,73,45,3410,1367,3455,1408,3433,1387,3432,1383
TRT000649-TEMP000002,land,#bfb128,1299,TRT000649,16,46,59,94,37,66,38,64,3375,1384,3418,1432,3396,1404,3397,1402
TRT000649-TEMP000003,land,#7e25a9,1489,TRT000649,38,63,93,108,64,84,64,83,3397,1401,3452,1446,3423,1422,3423,1421
TRT000649-TEMP000004,land,#6f08eb,937,TRT000649,18,12,60,45,41,29,38,28,3377,1350,3419,1383,3400,1367,3397,1366
TRT000649-TEMP000005,land,#03fab3,796,TRT000649,56,0,92,34,77,19,78,17,3415,1338,3451,1372,3436,1357,3437,1355
TRT000649-TEMP000006,land,#73f404,898,TRT000649,0,15,30,61,14,37,13,39,3359,1353,3389,1399,3373,1375,3372,1377
TRT000650-TEMP000001,land,#a0990a,1422,TRT000650,38,41,82,84,59,63,58,61,3328,1433,3372,1476,3349,1455,3348,1453
TRT000650-TEMP000002,land,#5b66db,1045,TRT000650,0,3,40,42,23,22,25,22,3290,1395,3330,1434,3313,1414,3315,1414
TRT000650-TEMP000003,land,#764959,1417,TRT000650,72,19,114,82,91,52,91,53,3362,1411,3404,1474,3381,1444,3381,1445
TRT000650-TEMP000004,land,#26581e,927,TRT000650,39,0,69,41,52,23,54,21,3329,1392,3359,1433,3342,1415,3344,1413
TRT000651-TEMP000001,land,#724cf4,1085,TRT000651,5,69,46,121,22,91,21,90,3311,1541,3352,1593,3328,1563,3327,1562
TRT000651-TEMP000002,land,#17c417,1375,TRT000651,26,42,66,90,49,65,47,65,3332,1514,3372,1562,3355,1537,3353,1537
TRT000651-TEMP000003,land,#0a1252,1270,TRT000651,20,0,64,43,41,20,42,20,3326,1472,3370,1515,3347,1492,3348,1492
TRT000651-TEMP000004,land,#bfc7fc,1096,TRT000651,0,24,41,69,20,50,20,48,3306,1496,3347,1541,3326,1522,3326,1520
TRT000652-TEMP000001,land,#36969b,1035,TRT000652,64,35,102,76,83,52,83,50,3568,1398,3606,1439,3587,1415,3587,1413
TRT000652-TEMP000002,land,#18be74,1558,TRT000652,40,72,86,117,65,93,64,92,3544,1435,3590,1480,3569,1456,3568,1455
TRT000652-TEMP000003,land,#d1a408,1010,TRT000652,29,35,73,77,54,60,54,58,3533,1398,3577,1440,3558,1423,3558,1421
TRT000652-TEMP000004,land,#75dfe2,776,TRT000652,60,0,97,37,81,23,81,21,3564,1363,3601,1400,3585,1386,3585,1384
TRT000652-TEMP000005,land,#0edacb,1422,TRT000652,0,58,46,104,24,81,24,81,3504,1421,3550,1467,3528,1444,3528,1444
TRT000653-TEMP000001,land,#128fc9,911,TRT000653,6,83,46,118,26,102,26,103,3500,1538,3540,1573,3520,1557,3520,1558
TRT000653-TEMP000002,land,#6b4c02,1002,TRT000653,0,47,31,93,14,70,13,73,3494,1502,3525,1548,3508,1525,3507,1528
TRT000653-TEMP000003,land,#bc0563,1113,TRT000653,22,44,71,83,43,63,42,64,3516,1499,3565,1538,3537,1518,3536,1519
TRT000653-TEMP000004,land,#57a36d,958,TRT000653,34,68,72,112,53,90,53,91,3528,1523,3566,1567,3547,1545,3547,1546
TRT000653-TEMP000005,land,#c83730,1337,TRT000653,45,15,86,67,65,39,65,39,3539,1470,3580,1522,3559,1494,3559,1494
TRT000653-TEMP000006,land,#d16b61,1384,TRT000653,9,0,52,50,30,26,29,28,3503,1455,3546,1505,3524,1481,3523,1483
TRT000654-TEMP000001,land,#e9aaa3,1384,TRT000654,39,16,83,60,62,40,63,39,3251,1434,3295,1478,3274,1458,3275,1457
TRT000654-TEMP000002,land,#a4771c,1705,TRT000654,70,56,120,105,92,80,91,80,3282,1474,3332,1523,3304,1498,3303,1498
TRT000654-TEMP000003,land,#10d429,1378,TRT000654,31,57,74,102,56,78,55,77,3243,1475,3286,1520,3268,1496,3267,1495
TRT000654-TEMP000004,land,#2e1200,1462,TRT000654,84,13,120,66,103,39,104,39,3296,1431,3332,1484,3315,1457,3316,1457
TRT000654-TEMP000005,land,#382183,1017,TRT000654,50,0,103,33,77,15,77,14,3262,1418,3315,1451,3289,1433,3289,1432
TRT000654-TEMP000006,land,#e618bf,1263,TRT000654,0,22,47,72,27,48,27,48,3212,1440,3259,1490,3239,1466,3239,1466
TRT000655-TEMP000001,ocean,#343e88,148,TRT000655,0,0,20,14,10,7,10,7,5592,1445,5612,1459,5602,1452,5602,1452
TRT000656-TEMP000001,land,#f39a70,1061,TRT000656,62,30,103,73,80,50,81,50,3062,1469,3103,1512,3080,1489,3081,1489
TRT000656-TEMP000002,land,#3b279d,1132,TRT000656,41,7,79,43,61,22,61,22,3041,1446,3079,1482,3061,1461,3061,1461
TRT000656-TEMP000003,land,#fa0b95,1180,TRT000656,19,29,61,73,41,51,42,51,3019,1468,3061,1512,3041,1490,3042,1490
TRT000656-TEMP000004,land,#85a1f8,1069,TRT000656,35,59,79,96,57,79,57,79,3035,1498,3079,1535,3057,1518,3057,1518
TRT000656-TEMP000005,land,#d6da2f,1260,TRT000656,0,0,42,44,22,19,22,19,3000,1439,3042,1483,3022,1458,3022,1458
TRT000656-TEMP000006,land,#0bc605,1092,TRT000656,80,7,124,44,98,23,98,22,3080,1446,3124,1483,3098,1462,3098,1461
TRT000657-TEMP000001,land,#ab1dd1,1065,TRT000657,0,0,36,37,16,16,16,16,3043,1536,3079,1573,3059,1552,3059,1552
TRT000657-TEMP000002,land,#c1d958,1299,TRT000657,6,31,50,79,26,52,27,50,3049,1567,3093,1615,3069,1588,3070,1586
TRT000657-TEMP000003,land,#854aaa,1151,TRT000657,50,26,85,80,72,50,73,51,3093,1562,3128,1616,3115,1586,3116,1587
TRT000657-TEMP000004,land,#ef97ff,1006,TRT000657,31,6,74,48,49,27,49,25,3074,1542,3117,1584,3092,1563,3092,1561
TRT000657-TEMP000005,land,#9e0bb7,1178,TRT000657,25,52,85,90,55,74,53,74,3068,1588,3128,1626,3098,1610,3096,1610
TRT000658-TEMP000001,land,#8ab577,1296,TRT000658,15,24,70,72,43,51,39,53,3082,1472,3137,1520,3110,1499,3106,1501
TRT000658-TEMP000002,land,#d537eb,1264,TRT000658,0,64,51,113,25,85,26,87,3067,1512,3118,1561,3092,1533,3093,1535
TRT000658-TEMP000003,land,#7a568f,1140,TRT000658,40,53,77,117,57,81,57,79,3107,1501,3144,1565,3124,1529,3124,1527
TRT000658-TEMP000004,land,#7f9a2d,1471,TRT000658,46,0,141,54,76,22,76,22,3113,1448,3208,1502,3143,1470,3143,1470
TRT000659-TEMP000001,land,#59aa18,1001,TRT000659,24,42,64,76,45,63,45,62,1663,1735,1703,1769,1684,1756,1684,1755
TRT000659-TEMP000002,land,#220622,948,TRT000659,25,77,67,109,45,90,45,91,1664,1770,1706,1802,1684,1783,1684,1784
TRT000659-TEMP000003,land,#848729,971,TRT000659,20,102,53,141,37,121,35,120,1659,1795,1692,1834,1676,1814,1674,1813
TRT000659-TEMP000004,land,#bcd28d,1099,TRT000659,21,141,62,195,43,172,44,164,1660,1834,1701,1888,1682,1865,1683,1857
TRT000659-TEMP000005,land,#5d31d1,809,TRT000659,40,19,74,53,58,36,59,34,1679,1712,1713,1746,1697,1729,1698,1727
TRT000659-TEMP000006,land,#0558e7,575,TRT000659,50,0,82,27,66,13,67,12,1689,1693,1721,1720,1705,1706,1706,1705
TRT000659-TEMP000007,land,#6b188f,2563,TRT000659,0,188,54,260,25,222,27,219,1639,1881,1693,1953,1664,1915,1666,1912
TRT000660-TEMP000001,land,#09f89b,837,TRT000660,0,165,31,204,16,185,16,183,1693,1614,1724,1653,1709,1634,1709,1632
TRT000660-TEMP000002,land,#30c21d,899,TRT000660,0,203,29,249,12,227,12,224,1693,1652,1722,1698,1705,1676,1705,1673
TRT000660-TEMP000003,land,#b9a88b,818,TRT000660,9,136,47,170,26,154,26,153,1702,1585,1740,1619,1719,1603,1719,1602
TRT000660-TEMP000004,land,#fd0236,1745,TRT000660,18,73,72,113,42,92,40,97,1711,1522,1765,1562,1735,1541,1733,1546
TRT000660-TEMP000005,land,#b18416,968,TRT000660,16,110,52,149,35,128,36,129,1709,1559,1745,1598,1728,1577,1729,1578
TRT000660-TEMP000006,land,#26c81b,1687,TRT000660,21,0,58,72,37,42,38,48,1714,1449,1751,1521,1730,1491,1731,1497
TRT000661-TEMP000001,land,#629d14,902,TRT000661,6,0,48,30,27,16,27,16,1841,1475,1883,1505,1862,1491,1862,1491
TRT000661-TEMP000002,land,#3ed555,907,TRT000661,0,27,48,55,25,40,25,42,1835,1502,1883,1530,1860,1515,1860,1517
TRT000661-TEMP000003,land,#848a23,1239,TRT000661,40,1,75,46,57,25,57,25,1875,1476,1910,1521,1892,1500,1892,1500
TRT000661-TEMP000004,land,#baae47,1608,TRT000661,41,44,86,90,64,65,62,65,1876,1519,1921,1565,1899,1540,1897,1540
TRT000661-TEMP000005,land,#cd62be,1842,TRT000661,63,86,126,129,95,109,95,108,1898,1561,1961,1604,1930,1584,1930,1583
TRT000661-TEMP000006,land,#a2cf41,1593,TRT000661,81,45,130,97,103,73,103,72,1916,1520,1965,1572,1938,1548,1938,1547
TRT000661-TEMP000007,land,#7f7f71,605,TRT000661,0,46,42,74,25,59,21,59,1835,1521,1877,1549,1860,1534,1856,1534
TRT000662-TEMP000001,land,#d6fda9,1166,TRT000662,22,39,68,87,45,63,45,61,3151,1499,3197,1547,3174,1523,3174,1521
TRT000662-TEMP000002,land,#2a9010,1053,TRT000662,16,0,45,54,27,30,26,31,3145,1460,3174,1514,3156,1490,3155,1491
TRT000662-TEMP000003,land,#ecc553,1385,TRT000662,0,54,41,101,17,78,18,79,3129,1514,3170,1561,3146,1538,3147,1539
TRT000662-TEMP000004,land,#d9f203,1262,TRT000662,0,91,48,133,26,112,26,112,3129,1551,3177,1593,3155,1572,3155,1572
TRT000662-TEMP000005,land,#993789,1480,TRT000662,41,70,90,117,66,96,66,96,3170,1530,3219,1577,3195,1556,3195,1556
TRT000663-TEMP000001,land,#1ed8c9,1217,TRT000663,41,0,81,45,59,25,59,26,3189,1451,3229,1496,3207,1476,3207,1477
TRT000663-TEMP000002,land,#df42f8,1129,TRT000663,0,5,46,51,28,23,28,22,3148,1456,3194,1502,3176,1474,3176,1473
TRT000663-TEMP000003,land,#362260,1171,TRT000663,30,43,73,87,54,60,54,62,3178,1494,3221,1538,3202,1511,3202,1513
TRT000663-TEMP000004,land,#5e92b7,1258,TRT000663,70,32,123,75,92,56,89,54,3218,1483,3271,1526,3240,1507,3237,1505
TRT000663-TEMP000005,land,#e4daba,1292,TRT000663,59,69,110,113,80,87,84,85,3207,1520,3258,1564,3228,1538,3232,1536
TRT000664-TEMP000001,ocean,#2f4681,177,TRT000664,0,0,43,32,20,16,20,16,5387,1491,5430,1523,5407,1507,5407,1507
TRT000665-TEMP000001,land,#fca99b,288,TRT000665,0,0,20,24,11,12,11,12,3298,1577,3318,1601,3309,1589,3309,1589
TRT000666-TEMP000001,land,#fab63d,546,TRT000666,0,0,36,31,18,14,18,14,3240,1622,3276,1653,3258,1636,3258,1636
TRT000667-TEMP000001,land,#11f5da,1048,TRT000667,78,26,124,56,100,43,100,43,3174,1654,3220,1684,3196,1671,3196,1671
TRT000667-TEMP000002,land,#25d3ee,1077,TRT000667,79,54,129,80,103,67,101,67,3175,1682,3225,1708,3199,1695,3197,1695
TRT000667-TEMP000003,land,#88207d,1068,TRT000667,30,17,79,51,58,37,57,36,3126,1645,3175,1679,3154,1665,3153,1664
TRT000667-TEMP000004,land,#aa5e6f,1520,TRT000667,0,38,41,89,24,64,24,64,3096,1666,3137,1717,3120,1692,3120,1692
TRT000667-TEMP000005,land,#5237f9,1193,TRT000667,42,49,80,84,60,66,58,64,3138,1677,3176,1712,3156,1694,3154,1692
TRT000667-TEMP000006,land,#d952e7,962,TRT000667,70,0,113,34,95,18,94,17,3166,1628,3209,1662,3191,1646,3190,1645
TRT000668-TEMP000001,land,#13fd27,1143,TRT000668,48,0,87,62,66,36,66,37,3122,1563,3161,1625,3140,1599,3140,1600
TRT000668-TEMP000002,land,#27bb1c,1301,TRT000668,20,61,68,111,44,88,44,89,3094,1624,3142,1674,3118,1651,3118,1652
TRT000668-TEMP000003,land,#d1fdf3,954,TRT000668,0,50,48,97,21,71,22,71,3074,1613,3122,1660,3095,1634,3096,1634
TRT000668-TEMP000004,land,#e4f533,1362,TRT000668,54,50,111,92,80,70,80,71,3128,1613,3185,1655,3154,1633,3154,1634
TRT000668-TEMP000005,land,#5d21ec,1809,TRT000668,86,6,132,72,107,42,107,42,3160,1569,3206,1635,3181,1605,3181,1605
TRT000669-TEMP000001,land,#ffa7af,1012,TRT000669,83,0,123,50,102,22,100,23,3290,1593,3330,1643,3309,1615,3307,1616
TRT000669-TEMP000002,land,#13df0e,1132,TRT000669,43,47,92,87,65,64,67,63,3250,1640,3299,1680,3272,1657,3274,1656
TRT000669-TEMP000003,land,#43d39c,1558,TRT000669,0,29,43,76,21,51,22,54,3207,1622,3250,1669,3228,1644,3229,1647
TRT000669-TEMP000004,land,#389230,679,TRT000669,52,18,91,49,74,33,69,31,3259,1611,3298,1642,3281,1626,3276,1624
TRT000669-TEMP000005,land,#e00a29,1219,TRT000669,10,69,57,108,32,87,31,90,3217,1662,3264,1701,3239,1680,3238,1683
TRT000670-TEMP000001,land,#219e65,1009,TRT000670,97,3,132,55,118,31,118,31,3281,1523,3316,1575,3302,1551,3302,1551
TRT000670-TEMP000002,land,#471771,1445,TRT000670,36,16,89,59,64,41,65,40,3220,1536,3273,1579,3248,1561,3249,1560
TRT000670-TEMP000003,land,#b8afee,1107,TRT000670,68,0,116,38,92,17,93,15,3252,1520,3300,1558,3276,1537,3277,1535
TRT000670-TEMP000004,land,#fa5581,1351,TRT000670,46,58,80,106,61,79,62,77,3230,1578,3264,1626,3245,1599,3246,1597
TRT000670-TEMP000005,land,#703f42,1159,TRT000670,79,38,131,83,102,57,103,58,3263,1558,3315,1603,3286,1577,3287,1578
TRT000670-TEMP000006,land,#6f8d71,1692,TRT000670,0,48,45,106,28,76,29,77,3184,1568,3229,1626,3212,1596,3213,1597
TRT000670-TEMP000007,land,#d1a33c,896,TRT000670,69,64,122,105,91,83,90,84,3253,1584,3306,1625,3275,1603,3274,1604
TRT000671-TEMP000001,land,#3bdae3,1586,TRT000671,41,20,83,75,60,48,60,48,1941,1665,1983,1720,1960,1693,1960,1693
TRT000671-TEMP000002,land,#058066,1230,TRT000671,0,38,46,74,24,55,24,56,1900,1683,1946,1719,1924,1700,1924,1701
TRT000671-TEMP000003,land,#34d648,1389,TRT000671,5,0,55,39,27,22,26,23,1905,1645,1955,1684,1927,1667,1926,1668
TRT000672-TEMP000001,ocean,#373e7e,110,TRT000672,0,0,23,24,12,12,12,12,2000,1648,2023,1672,2012,1660,2012,1660
TRT000673-TEMP000001,land,#992b0b,1904,TRT000673,59,46,114,99,89,74,90,73,4720,1482,4775,1535,4750,1510,4751,1509
TRT000673-TEMP000002,land,#51631c,1805,TRT000673,0,47,58,98,28,69,27,71,4661,1483,4719,1534,4689,1505,4688,1507
TRT000673-TEMP000003,land,#3a82d7,1756,TRT000673,14,72,70,121,44,99,46,98,4675,1508,4731,1557,4705,1535,4707,1534
TRT000673-TEMP000004,land,#a54df0,1429,TRT000673,55,93,103,142,79,114,78,116,4716,1529,4764,1578,4740,1550,4739,1552
TRT000673-TEMP000005,land,#5cc4d1,1715,TRT000673,46,0,102,65,73,38,73,37,4707,1436,4763,1501,4734,1474,4734,1473
TRT000673-TEMP000006,land,#a9bdb1,1648,TRT000673,23,120,74,171,49,141,48,141,4684,1556,4735,1607,4710,1577,4709,1577
TRT000674-TEMP000001,land,#a62244,1334,TRT000674,13,79,59,130,35,106,34,106,4617,1670,4663,1721,4639,1697,4638,1697
TRT000674-TEMP000002,land,#943003,1697,TRT000674,13,31,76,78,43,56,44,55,4617,1622,4680,1669,4647,1647,4648,1646
TRT000674-TEMP000003,land,#e80673,1355,TRT000674,35,57,85,108,62,81,60,83,4639,1648,4689,1699,4666,1672,4664,1674
TRT000674-TEMP000004,land,#c50dec,2213,TRT000674,56,0,117,60,83,25,83,26,4660,1591,4721,1651,4687,1616,4687,1617
TRT000674-TEMP000005,land,#504b5d,1483,TRT000674,0,7,55,53,29,28,28,28,4604,1598,4659,1644,4633,1619,4632,1619
TRT000675-TEMP000001,land,#e78012,1637,TRT000675,44,3,90,68,66,42,67,44,4636,1499,4682,1564,4658,1538,4659,1540
TRT000675-TEMP000002,land,#7c6245,1745,TRT000675,4,0,68,49,37,26,36,27,4596,1496,4660,1545,4629,1522,4628,1523
TRT000675-TEMP000003,land,#30b95c,1676,TRT000675,0,41,55,90,25,64,26,68,4592,1537,4647,1586,4617,1560,4618,1564
TRT000675-TEMP000004,land,#0ad752,1479,TRT000675,54,60,102,102,77,82,79,84,4646,1556,4694,1598,4669,1578,4671,1580
TRT000675-TEMP000005,land,#5740a9,1443,TRT000675,3,74,61,115,34,96,38,97,4595,1570,4653,1611,4626,1592,4630,1593
TRT000676-TEMP000001,land,#d4fff7,1639,TRT000676,55,32,99,92,78,63,79,61,4783,1543,4827,1603,4806,1574,4807,1572
TRT000676-TEMP000002,land,#8f097a,1862,TRT000676,27,74,97,127,63,99,61,99,4755,1585,4825,1638,4791,1610,4789,1610
TRT000676-TEMP000003,land,#b4238b,1495,TRT000676,32,0,86,54,55,29,55,27,4760,1511,4814,1565,4783,1540,4783,1538
TRT000676-TEMP000004,land,#abcc18,1134,TRT000676,87,31,127,86,105,55,107,56,4815,1542,4855,1597,4833,1566,4835,1567
TRT000676-TEMP000005,land,#56eb26,1946,TRT000676,0,40,56,100,31,71,32,68,4728,1551,4784,1611,4759,1582,4760,1579
TRT000677-TEMP000001,land,#30f31d,1729,TRT000677,78,29,125,81,102,58,103,58,4878,1590,4925,1642,4902,1619,4903,1619
TRT000677-TEMP000002,land,#b56178,1471,TRT000677,42,0,97,52,67,29,67,28,4842,1561,4897,1613,4867,1590,4867,1589
TRT000677-TEMP000003,land,#791b96,1779,TRT000677,40,50,86,107,63,78,62,74,4840,1611,4886,1668,4863,1639,4862,1635
TRT000677-TEMP000004,land,#9d08b4,1274,TRT000677,10,21,61,70,37,49,38,47,4810,1582,4861,1631,4837,1610,4838,1608
TRT000677-TEMP000005,land,#5f9b94,1850,TRT000677,69,79,125,131,103,100,100,100,4869,1640,4925,1692,4903,1661,4900,1661
TRT000677-TEMP000006,land,#4c537a,1901,TRT000677,0,62,52,117,23,89,24,89,4800,1623,4852,1678,4823,1650,4824,1650
TRT000678-TEMP000001,land,#f46cb2,1975,TRT000678,41,41,95,101,68,69,70,69,4684,1635,4738,1695,4711,1663,4713,1663
TRT000678-TEMP000002,land,#9785c6,1706,TRT000678,75,65,132,111,102,89,104,89,4718,1659,4775,1705,4745,1683,4747,1683
TRT000678-TEMP000003,land,#2be694,1532,TRT000678,120,38,164,90,144,66,145,66,4763,1632,4807,1684,4787,1660,4788,1660
TRT000678-TEMP000004,land,#80c839,1628,TRT000678,91,18,142,68,115,44,115,44,4734,1612,4785,1662,4758,1638,4758,1638
TRT000678-TEMP000005,land,#1c91f6,1598,TRT000678,0,74,75,128,39,105,41,104,4643,1668,4718,1722,4682,1699,4684,1698
TRT000678-TEMP000006,land,#d738dd,1497,TRT000678,55,0,109,51,84,28,84,27,4698,1594,4752,1645,4727,1622,4727,1621
TRT000679-TEMP000001,ocean,#2b4bae,128,TRT000679,0,0,21,22,12,10,12,10,5527,1720,5548,1742,5539,1730,5539,1730
TRT000680-TEMP000001,land,#f677d3,2113,TRT000680,0,0,32,114,19,58,19,58,5023,1342,5055,1456,5042,1400,5042,1400
TRT000681-TEMP000001,land,#344122,1576,TRT000681,19,57,74,113,49,82,47,83,4933,1477,4988,1533,4963,1502,4961,1503
TRT000681-TEMP000002,land,#6ba2a7,1747,TRT000681,41,0,121,54,72,30,74,32,4955,1420,5035,1474,4986,1450,4988,1452
TRT000681-TEMP000003,land,#d7a6d8,1535,TRT000681,56,37,122,88,86,59,83,63,4970,1457,5036,1508,5000,1479,4997,1483
TRT000681-TEMP000004,land,#f977c7,2046,TRT000681,0,4,55,72,31,43,30,44,4914,1424,4969,1492,4945,1463,4944,1464
TRT000682-TEMP000001,land,#7dc07b,1942,TRT000682,0,12,54,77,28,48,28,46,4835,1364,4889,1429,4863,1400,4863,1398
TRT000682-TEMP000002,land,#1e4a18,2048,TRT000682,18,61,69,124,47,90,48,90,4853,1413,4904,1476,4882,1442,4883,1442
TRT000682-TEMP000003,land,#d0000e,1838,TRT000682,36,0,85,63,63,31,65,32,4871,1352,4920,1415,4898,1383,4900,1384
TRT000682-TEMP000004,land,#75244f,1414,TRT000682,64,41,122,84,92,63,95,61,4899,1393,4957,1436,4927,1415,4930,1413
TRT000682-TEMP000005,land,#cfdc7a,1467,TRT000682,59,71,106,124,80,97,82,95,4894,1423,4941,1476,4915,1449,4917,1447
TRT000682-TEMP000006,land,#a827c6,1066,TRT000682,77,7,123,43,99,24,100,23,4912,1359,4958,1395,4934,1376,4935,1375
TRT000683-TEMP000001,land,#245857,2318,TRT000683,79,44,142,108,110,71,108,72,4907,1518,4970,1582,4938,1545,4936,1546
TRT000683-TEMP000002,land,#c446e5,1614,TRT000683,28,32,82,81,54,55,52,55,4856,1506,4910,1555,4882,1529,4880,1529
TRT000683-TEMP000003,land,#435b21,1625,TRT000683,73,1,126,57,95,34,95,32,4901,1475,4954,1531,4923,1508,4923,1506
TRT000683-TEMP000004,land,#d23d3b,2071,TRT000683,37,69,102,123,72,96,69,96,4865,1543,4930,1597,4900,1570,4897,1570
TRT000683-TEMP000005,land,#55ab7c,1281,TRT000683,0,39,46,94,25,68,23,68,4828,1513,4874,1568,4853,1542,4851,1542
TRT000683-TEMP000006,land,#817404,1434,TRT000683,32,0,85,41,60,20,59,21,4860,1474,4913,1515,4888,1494,4887,1495
TRT000684-TEMP000001,land,#0832c8,1603,TRT000684,53,63,100,113,77,87,78,91,4791,1452,4838,1502,4815,1476,4816,1480
TRT000684-TEMP000002,land,#e62755,2124,TRT000684,0,39,66,95,34,66,35,65,4738,1428,4804,1484,4772,1455,4773,1454
TRT000684-TEMP000003,land,#7d51a3,1284,TRT000684,75,19,121,70,98,49,99,47,4813,1408,4859,1459,4836,1438,4837,1436
TRT000684-TEMP000004,land,#e1c7c1,1531,TRT000684,28,87,76,145,53,113,53,114,4766,1476,4814,1534,4791,1502,4791,1503
TRT000684-TEMP000005,land,#f4f877,1518,TRT000684,54,0,96,63,72,32,72,33,4792,1389,4834,1452,4810,1421,4810,1422
TRT000684-TEMP000006,land,#b9658a,1659,TRT000684,93,58,142,112,117,84,115,81,4831,1447,4880,1501,4855,1473,4853,1470
TRT000684-TEMP000007,land,#793eaf,1735,TRT000684,65,103,122,157,92,128,94,127,4803,1492,4860,1546,4830,1517,4832,1516
TRT000684-TEMP000008,land,#eb4b6e,1099,TRT000684,20,0,64,48,45,28,44,28,4758,1389,4802,1437,4783,1417,4782,1417
TRT000685-TEMP000001,land,#9dce4a,1172,TRT000685,63,30,110,66,89,51,86,53,1783,1596,1830,1632,1809,1617,1806,1619
TRT000685-TEMP000002,land,#6c3a9a,885,TRT000685,64,65,103,91,85,78,87,78,1784,1631,1823,1657,1805,1644,1807,1644
TRT000685-TEMP000003,land,#7606b8,1396,TRT000685,17,0,58,47,39,25,39,25,1737,1566,1778,1613,1759,1591,1759,1591
TRT000685-TEMP000004,land,#7499e4,1371,TRT000685,26,46,68,88,48,67,46,68,1746,1612,1788,1654,1768,1633,1766,1634
TRT000685-TEMP000005,land,#9db1e6,1034,TRT000685,56,12,108,49,75,31,76,30,1776,1578,1828,1615,1795,1597,1796,1596
TRT000685-TEMP000006,land,#c886c3,1164,TRT000685,0,36,35,85,17,62,16,61,1720,1602,1755,1651,1737,1628,1736,1627
TRT000686-TEMP000001,land,#a92c58,772,TRT000686,60,71,103,103,81,88,83,88,1771,1718,1814,1750,1792,1735,1794,1735
TRT000686-TEMP000002,land,#1999a8,1351,TRT000686,32,43,76,91,56,68,56,69,1743,1690,1787,1738,1767,1715,1767,1716
TRT000686-TEMP000003,land,#bcc20c,1391,TRT000686,69,8,110,59,94,37,92,41,1780,1655,1821,1706,1805,1684,1803,1688
TRT000686-TEMP000004,land,#c1f13a,1477,TRT000686,45,5,99,47,66,23,69,22,1756,1652,1810,1694,1777,1670,1780,1669
TRT000686-TEMP000005,land,#52bac9,1480,TRT000686,5,31,52,79,28,53,29,52,1716,1678,1763,1726,1739,1700,1740,1699
TRT000686-TEMP000006,land,#4728b1,1379,TRT000686,0,0,45,39,22,19,21,18,1711,1647,1756,1686,1733,1666,1732,1665
TRT000686-TEMP000007,land,#4e3ef6,766,TRT000686,77,55,108,88,95,69,97,71,1788,1702,1819,1735,1806,1716,1808,1718
TRT000687-TEMP000001,land,#8b8fbc,1538,TRT000687,0,33,45,70,22,50,23,48,1824,1626,1869,1663,1846,1643,1847,1641
TRT000687-TEMP000002,land,#9ceb6b,1263,TRT000687,39,42,86,77,63,60,62,59,1863,1635,1910,1670,1887,1653,1886,1652
TRT000687-TEMP000003,land,#92c6a5,1041,TRT000687,3,0,47,32,24,19,23,17,1827,1593,1871,1625,1848,1612,1847,1610
TRT000687-TEMP000004,land,#414aa0,752,TRT000687,80,20,118,56,94,35,96,35,1904,1613,1942,1649,1918,1628,1920,1628
TRT000687-TEMP000005,land,#7a87c4,1064,TRT000687,42,12,82,46,62,30,66,30,1866,1605,1906,1639,1886,1623,1890,1623
TRT000688-TEMP000001,land,#f680c4,937,TRT000688,39,11,78,50,56,32,56,33,1875,1551,1914,1590,1892,1572,1892,1573
TRT000688-TEMP000002,land,#466cb7,1565,TRT000688,0,0,41,60,21,32,22,31,1836,1540,1877,1600,1857,1572,1858,1571
TRT000688-TEMP000003,land,#b705bb,973,TRT000688,80,34,139,75,113,59,112,59,1916,1574,1975,1615,1949,1599,1948,1599
TRT000688-TEMP000004,land,#71c70d,1040,TRT000688,19,42,80,75,50,58,48,58,1855,1582,1916,1615,1886,1598,1884,1598
TRT000689-TEMP000001,land,#c604dc,1384,TRT000689,0,35,48,70,20,54,20,53,1820,1691,1868,1726,1840,1710,1840,1709
TRT000689-TEMP000002,land,#c93900,1281,TRT000689,28,8,70,64,48,30,48,32,1848,1664,1890,1720,1868,1686,1868,1688
TRT000689-TEMP000003,land,#0c4e24,1337,TRT000689,49,12,93,67,70,43,72,42,1869,1668,1913,1723,1890,1699,1892,1698
TRT000689-TEMP000004,land,#aea8d0,998,TRT000689,2,0,39,36,17,19,16,18,1822,1656,1859,1692,1837,1675,1836,1674
TRT000690-TEMP000001,land,#8ee7f9,1059,TRT000690,72,10,109,57,92,34,92,34,1815,1525,1852,1572,1835,1549,1835,1549
TRT000690-TEMP000002,land,#7e98e2,1260,TRT000690,28,0,71,56,49,28,52,31,1771,1515,1814,1571,1792,1543,1795,1546
TRT000690-TEMP000003,land,#182937,1283,TRT000690,0,9,47,65,26,42,26,41,1743,1524,1790,1580,1769,1557,1769,1556
TRT000690-TEMP000004,land,#6263e0,1263,TRT000690,44,40,97,81,73,61,73,62,1787,1555,1840,1596,1816,1576,1816,1577
TRT000690-TEMP000005,land,#9786f4,743,TRT000690,45,3,94,32,72,14,70,13,1788,1518,1837,1547,1815,1529,1813,1528
TRT000691-TEMP000001,land,#6eceb4,1887,TRT000691,0,3,61,50,36,24,38,25,1800,1725,1861,1772,1836,1746,1838,1747
TRT000691-TEMP000002,land,#7154bb,1169,TRT000691,52,31,107,59,79,45,81,46,1852,1753,1907,1781,1879,1767,1881,1768
TRT000691-TEMP000003,land,#4813cd,1121,TRT000691,94,0,128,51,110,24,111,24,1894,1722,1928,1773,1910,1746,1911,1746
TRT000691-TEMP000004,land,#f38df2,1109,TRT000691,57,0,102,30,78,15,81,16,1857,1722,1902,1752,1878,1737,1881,1738
TRT000692-TEMP000001,land,#491689,1142,TRT000692,0,36,43,87,20,59,20,58,1665,1932,1708,1983,1685,1955,1685,1954
TRT000692-TEMP000002,land,#489567,1297,TRT000692,22,54,76,95,49,78,48,78,1687,1950,1741,1991,1714,1974,1713,1974
TRT000692-TEMP000003,land,#d7031d,1162,TRT000692,16,6,59,54,36,31,38,31,1681,1902,1724,1950,1701,1927,1703,1927
TRT000692-TEMP000004,land,#5ed9e3,1307,TRT000692,73,0,121,44,94,22,94,22,1738,1896,1786,1940,1759,1918,1759,1918
TRT000692-TEMP000005,land,#952247,1204,TRT000692,47,28,92,71,70,48,70,49,1712,1924,1757,1967,1735,1944,1735,1945
TRT000692-TEMP000006,land,#444fa6,1069,TRT000692,26,0,79,31,56,12,56,11,1691,1896,1744,1927,1721,1908,1721,1907
TRT000693-TEMP000001,land,#a9307e,801,TRT000693,25,61,56,114,41,81,41,80,1774,1818,1805,1871,1790,1838,1790,1837
TRT000693-TEMP000002,land,#b0a5d2,1259,TRT000693,58,15,123,60,82,39,82,39,1807,1772,1872,1817,1831,1796,1831,1796
TRT000693-TEMP000003,land,#a8bd3c,1088,TRT000693,42,0,100,36,68,17,69,16,1791,1757,1849,1793,1817,1774,1818,1773
TRT000693-TEMP000004,land,#cfe7d5,1495,TRT000693,3,19,60,63,35,45,36,44,1752,1776,1809,1820,1784,1802,1785,1801
TRT000693-TEMP000005,land,#4563d3,1113,TRT000693,0,57,40,121,23,88,23,87,1749,1814,1789,1878,1772,1845,1772,1844
TRT000694-TEMP000001,land,#48da14,1355,TRT000694,0,0,51,37,23,21,24,21,1687,1799,1738,1836,1710,1820,1711,1820
TRT000694-TEMP000002,land,#7938d2,1261,TRT000694,0,38,45,69,22,53,24,54,1687,1837,1732,1868,1709,1852,1711,1853
TRT000694-TEMP000003,land,#f5b6cc,954,TRT000694,5,70,45,96,26,84,24,84,1692,1869,1732,1895,1713,1883,1711,1883
TRT000694-TEMP000004,land,#a79d2b,1270,TRT000694,38,14,81,60,57,41,58,42,1725,1813,1768,1859,1744,1840,1745,1841
TRT000694-TEMP000005,land,#85511c,1444,TRT000694,43,56,91,96,64,76,63,77,1730,1855,1778,1895,1751,1875,1750,1876
TRT000695-TEMP000001,land,#d816c4,1378,TRT000695,0,30,43,87,21,59,21,56,1693,1747,1736,1804,1714,1776,1714,1773
TRT000695-TEMP000002,land,#1d3105,1316,TRT000695,17,58,77,99,48,79,46,79,1710,1775,1770,1816,1741,1796,1739,1796
TRT000695-TEMP000003,land,#f04d81,1367,TRT000695,41,19,83,76,63,50,63,49,1734,1736,1776,1793,1756,1767,1756,1766
TRT000695-TEMP000004,land,#6bedaf,1344,TRT000695,10,0,68,43,37,22,37,21,1703,1717,1761,1760,1730,1739,1730,1738
TRT000695-TEMP000005,land,#da5bea,1174,TRT000695,70,19,118,71,90,43,90,43,1763,1736,1811,1788,1783,1760,1783,1760
TRT000696-TEMP000001,land,#ae71a6,1180,TRT000696,77,57,117,99,99,75,100,74,5055,1545,5095,1587,5077,1563,5078,1562
TRT000696-TEMP000002,land,#b9c87a,1497,TRT000696,44,7,85,60,65,33,65,34,5022,1495,5063,1548,5043,1521,5043,1522
TRT000696-TEMP000003,land,#449585,1535,TRT000696,41,59,91,108,68,85,69,85,5019,1547,5069,1596,5046,1573,5047,1573
TRT000696-TEMP000004,land,#f44558,1331,TRT000696,10,38,63,84,38,58,38,58,4988,1526,5041,1572,5016,1546,5016,1546
TRT000696-TEMP000005,land,#012baa,1459,TRT000696,0,0,51,49,27,25,26,24,4978,1488,5029,1537,5005,1513,5004,1512
TRT000696-TEMP000006,land,#788f57,1212,TRT000696,78,20,119,58,99,42,99,41,5056,1508,5097,1546,5077,1530,5077,1529
TRT000697-TEMP000001,land,#5841d7,1168,TRT000697,31,51,69,94,48,72,48,73,5124,1537,5162,1580,5141,1558,5141,1559
TRT000697-TEMP000002,land,#77935c,1719,TRT000697,5,0,59,54,34,29,33,30,5098,1486,5152,1540,5127,1515,5126,1516
TRT000697-TEMP000003,land,#d29445,1355,TRT000697,0,43,30,100,14,72,13,72,5093,1529,5123,1586,5107,1558,5106,1558
TRT000697-TEMP000004,land,#f4cce0,1287,TRT000697,7,83,67,119,39,101,38,101,5100,1569,5160,1605,5132,1587,5131,1587
TRT000697-TEMP000005,land,#f8f06d,1108,TRT000697,43,21,89,69,66,49,66,48,5136,1507,5182,1555,5159,1535,5159,1534
TRT000697-TEMP000006,land,#87d80f,1625,TRT000697,64,58,119,108,88,84,87,84,5157,1544,5212,1594,5181,1570,5180,1570
TRT000698-TEMP000001,land,#144bba,1333,TRT000698,37,31,92,77,64,54,60,54,5048,1474,5103,1520,5075,1497,5071,1497
TRT000698-TEMP000002,land,#4f3d0b,2062,TRT000698,64,0,124,71,90,36,87,34,5075,1443,5135,1514,5101,1479,5098,1477
TRT000698-TEMP000003,land,#1e4dd2,1340,TRT000698,25,0,76,37,50,15,45,15,5036,1443,5087,1480,5061,1458,5056,1458
TRT000698-TEMP000004,land,#403ebd,960,TRT000698,0,18,44,57,25,40,23,39,5011,1461,5055,1500,5036,1483,5034,1482
TRT000699-TEMP000001,land,#f7b0a9,1662,TRT000699,23,3,66,62,46,32,45,34,5048,1584,5091,1643,5071,1613,5070,1615
TRT000699-TEMP000002,land,#9451d9,1913,TRT000699,54,46,105,97,84,69,82,69,5079,1627,5130,1678,5109,1650,5107,1650
TRT000699-TEMP000003,land,#602dd6,1437,TRT000699,4,57,53,103,29,77,28,78,5029,1638,5078,1684,5054,1658,5053,1659
TRT000699-TEMP000004,land,#22bfb5,1645,TRT000699,55,0,105,48,80,27,80,27,5080,1581,5130,1629,5105,1608,5105,1608
TRT000699-TEMP000005,land,#bd35c4,1237,TRT000699,34,68,88,112,58,93,58,95,5059,1649,5113,1693,5083,1674,5083,1676
TRT000699-TEMP000006,land,#c1f762,1084,TRT000699,0,16,37,67,18,44,17,44,5025,1597,5062,1648,5043,1625,5042,1625
TRT000700-TEMP000001,land,#71c9d2,2089,TRT000700,0,0,57,82,27,58,27,58,5043,1361,5100,1443,5070,1419,5070,1419
TRT000701-TEMP000001,land,#62d228,1252,TRT000701,0,44,50,85,31,65,30,65,5131,1620,5181,1661,5162,1641,5161,1641
TRT000701-TEMP000002,land,#cc6552,1047,TRT000701,0,66,35,111,16,89,15,90,5131,1642,5166,1687,5147,1665,5146,1666
TRT000701-TEMP000003,land,#12b4ba,1561,TRT000701,37,0,87,45,63,24,62,24,5168,1576,5218,1621,5194,1600,5193,1600
TRT000701-TEMP000004,land,#17c299,1473,TRT000701,49,38,90,88,69,61,69,60,5180,1614,5221,1664,5200,1637,5200,1636
TRT000701-TEMP000005,land,#b514e3,1508,TRT000701,30,77,79,128,52,100,52,101,5161,1653,5210,1704,5183,1676,5183,1677
TRT000701-TEMP000006,land,#7d4ee1,1270,TRT000701,0,16,43,61,20,38,19,38,5131,1592,5174,1637,5151,1614,5150,1614
TRT000702-TEMP000001,land,#5922b8,1682,TRT000702,50,19,101,83,76,49,77,47,5132,1690,5183,1754,5158,1720,5159,1718
TRT000702-TEMP000002,land,#e22031,1588,TRT000702,1,41,54,93,24,62,26,60,5083,1712,5136,1764,5106,1733,5108,1731
TRT000702-TEMP000003,land,#51acea,1926,TRT000702,5,62,82,110,42,87,44,86,5087,1733,5164,1781,5124,1758,5126,1757
TRT000702-TEMP000004,land,#b21703,1331,TRT000702,32,0,81,48,53,23,53,22,5114,1671,5163,1719,5135,1694,5135,1693
TRT000702-TEMP000005,land,#bb8d61,1102,TRT000702,0,9,37,50,18,30,18,29,5082,1680,5119,1721,5100,1701,5100,1700
TRT000703-TEMP000001,land,#fcd5d0,1590,TRT000703,31,0,91,39,61,21,62,22,5022,1678,5082,1717,5052,1699,5053,1700
TRT000703-TEMP000002,land,#8571b2,1449,TRT000703,0,19,46,74,26,48,26,49,4991,1697,5037,1752,5017,1726,5017,1727
TRT000703-TEMP000003,land,#84d952,1341,TRT000703,46,33,94,71,69,51,66,52,5037,1711,5085,1749,5060,1729,5057,1730
TRT000703-TEMP000004,land,#2ba75a,1198,TRT000703,61,57,98,103,79,81,79,81,5052,1735,5089,1781,5070,1759,5070,1759
TRT000703-TEMP000005,land,#c40620,1182,TRT000703,14,60,60,98,41,79,42,81,5005,1738,5051,1776,5032,1757,5033,1759
TRT000704-TEMP000001,land,#9ead26,1095,TRT000704,0,60,33,113,15,87,14,87,4917,1581,4950,1634,4932,1608,4931,1608
TRT000704-TEMP000002,land,#1d4805,1148,TRT000704,19,83,62,114,43,100,41,101,4936,1604,4979,1635,4960,1621,4958,1622
TRT000704-TEMP000003,land,#6ca873,1553,TRT000704,17,39,70,84,44,64,42,65,4934,1560,4987,1605,4961,1585,4959,1586
TRT000704-TEMP000004,land,#e1a67f,1540,TRT000704,62,76,115,116,84,99,83,99,4979,1597,5032,1637,5001,1620,5000,1620
TRT000704-TEMP000005,land,#9bcc02,1657,TRT000704,69,42,124,97,97,71,97,72,4986,1563,5041,1618,5014,1592,5014,1593
TRT000704-TEMP000006,land,#aafc80,1658,TRT000704,38,0,93,63,65,35,65,36,4955,1521,5010,1584,4982,1556,4982,1557
TRT000705-TEMP000001,land,#0606b7,1866,TRT000705,42,35,98,96,66,64,65,62,4967,1670,5023,1731,4991,1699,4990,1697
TRT000705-TEMP000002,land,#4fbc8e,1179,TRT000705,1,0,33,52,13,27,12,31,4926,1635,4958,1687,4938,1662,4937,1666
TRT000705-TEMP000003,land,#e9440c,1618,TRT000705,16,1,67,45,44,19,40,18,4941,1636,4992,1680,4969,1654,4965,1653
TRT000705-TEMP000004,land,#8e2acd,2079,TRT000705,62,2,115,58,88,28,88,28,4987,1637,5040,1693,5013,1663,5013,1663
TRT000705-TEMP000005,land,#cd2acc,1089,TRT000705,0,42,44,85,22,60,22,63,4925,1677,4969,1720,4947,1695,4947,1698
TRT000706-TEMP000001,land,#8d2918,1388,TRT000706,14,0,73,44,41,23,40,23,5551,1749,5610,1793,5578,1772,5577,1772
TRT000706-TEMP000002,land,#0c268d,1116,TRT000706,0,29,51,75,27,50,27,51,5537,1778,5588,1824,5564,1799,5564,1800
TRT000707-TEMP000001,land,#9f3305,1238,TRT000707,37,31,88,83,62,55,62,54,5463,1840,5514,1892,5488,1864,5488,1863
TRT000707-TEMP000002,land,#97041e,1544,TRT000707,0,52,57,94,30,76,30,76,5426,1861,5483,1903,5456,1885,5456,1885
TRT000707-TEMP000003,land,#e823f3,1296,TRT000707,71,0,118,50,93,24,94,24,5497,1809,5544,1859,5519,1833,5520,1833
TRT000708-TEMP000001,land,#2a5cb3,1385,TRT000708,0,0,57,46,30,21,30,21,5081,1810,5138,1856,5111,1831,5111,1831
TRT000709-TEMP000001,ocean,#0c48b2,106,TRT000709,0,0,14,25,7,14,7,14,1652,1827,1666,1852,1659,1841,1659,1841
TRT000710-TEMP000001,ocean,#0b1099,50,TRT000710,0,0,13,11,8,6,8,6,1806,1833,1819,1844,1814,1839,1814,1839
TRT000711-TEMP000001,land,#3e0103,268,TRT000711,0,0,38,41,17,20,17,20,1646,1952,1684,1993,1663,1972,1663,1972
TRT000712-TEMP000001,land,#70b7bd,446,TRT000712,0,0,59,43,26,19,26,19,1669,1981,1728,2024,1695,2000,1695,2000
TRT000713-TEMP000001,land,#fb1f5a,455,TRT000713,0,0,31,42,16,20,16,20,1712,1995,1743,2037,1728,2015,1728,2015
TRT000714-TEMP000001,land,#b4630d,61,TRT000714,0,0,11,26,4,13,4,13,1705,1999,1716,2025,1709,2012,1709,2012
TRT000715-TEMP000001,land,#5012f5,480,TRT000715,0,0,53,29,18,18,18,18,1741,2008,1794,2037,1759,2026,1759,2026
TRT000716-TEMP000001,ocean,#3a4a94,3573,TRT000716,0,76,102,128,41,108,42,107,5346,2059,5448,2111,5387,2091,5388,2090
TRT000716-TEMP000002,ocean,#0211a4,2293,TRT000716,44,44,100,125,73,76,73,71,5390,2027,5446,2108,5419,2059,5419,2054
TRT000716-TEMP000003,ocean,#11017d,2706,TRT000716,0,19,53,90,23,54,25,52,5346,2002,5399,2073,5369,2037,5371,2035
TRT000716-TEMP000004,ocean,#1b11b3,1764,TRT000716,30,0,89,49,61,26,63,23,5376,1983,5435,2032,5407,2009,5409,2006
TRT000717-TEMP000001,ocean,#360c8a,2419,TRT000717,110,14,171,60,143,35,143,36,5356,1907,5417,1953,5389,1928,5389,1929
TRT000717-TEMP000002,ocean,#09299f,2279,TRT000717,113,58,171,110,142,80,141,80,5359,1951,5417,2003,5388,1973,5387,1973
TRT000717-TEMP000003,ocean,#334b79,2154,TRT000717,66,20,123,76,96,53,95,54,5312,1913,5369,1969,5342,1946,5341,1947
TRT000717-TEMP000004,ocean,#224591,2873,TRT000717,0,30,70,100,40,65,41,66,5246,1923,5316,1993,5286,1958,5287,1959
TRT000717-TEMP000005,ocean,#041d95,2099,TRT000717,34,0,109,51,70,24,70,23,5280,1893,5355,1944,5316,1917,5316,1916
TRT000717-TEMP000006,ocean,#1c4e72,2185,TRT000717,54,75,124,122,92,97,93,98,5300,1968,5370,2015,5338,1990,5339,1991
TRT000718-TEMP000001,ocean,#100a9f,2579,TRT000718,49,77,107,128,80,105,78,105,5287,2060,5345,2111,5318,2088,5316,2088
TRT000718-TEMP000002,ocean,#2c2a65,2695,TRT000718,19,0,80,68,47,35,48,34,5257,1983,5318,2051,5285,2018,5286,2017
TRT000718-TEMP000003,ocean,#1f2aad,2877,TRT000718,0,61,59,128,32,97,31,96,5238,2044,5297,2111,5270,2080,5269,2079
TRT000718-TEMP000004,ocean,#1b0295,2380,TRT000718,56,20,107,84,86,55,87,56,5294,2003,5345,2067,5324,2038,5325,2039
TRT000719-TEMP000001,ocean,#104bb1,2050,TRT000719,63,58,111,116,87,83,89,84,5213,2010,5261,2068,5237,2035,5239,2036
TRT000719-TEMP000002,ocean,#292ba8,2233,TRT000719,44,109,101,159,72,136,71,136,5194,2061,5251,2111,5222,2088,5221,2088
TRT000719-TEMP000003,ocean,#3b0d7e,1631,TRT000719,15,75,75,125,49,101,50,99,5165,2027,5225,2077,5199,2053,5200,2051
TRT000719-TEMP000004,ocean,#284966,2408,TRT000719,0,96,46,159,20,132,20,132,5150,2048,5196,2111,5170,2084,5170,2084
TRT000719-TEMP000005,ocean,#130583,2045,TRT000719,0,39,64,98,33,72,34,71,5150,1991,5214,2050,5183,2024,5184,2023
TRT000719-TEMP000006,ocean,#1f0785,2727,TRT000719,54,0,123,59,91,34,92,34,5204,1952,5273,2011,5241,1986,5242,1986
TRT000720-TEMP000001,ocean,#264f98,612,TRT000720,70,0,101,35,86,22,86,19,5176,1688,5207,1723,5192,1710,5192,1707
TRT000720-TEMP000002,ocean,#391aa9,1462,TRT000720,60,33,117,72,88,51,88,48,5166,1721,5223,1760,5194,1739,5194,1736
TRT000720-TEMP000003,ocean,#000fa1,2013,TRT000720,50,57,115,105,80,82,81,80,5156,1745,5221,1793,5186,1770,5187,1768
TRT000720-TEMP000004,ocean,#321b9d,2435,TRT000720,0,77,64,139,33,104,34,104,5106,1765,5170,1827,5139,1792,5140,1792
TRT000720-TEMP000005,ocean,#0b3eb1,2329,TRT000720,43,105,110,161,77,131,77,130,5149,1793,5216,1849,5183,1819,5183,1818
TRT000720-TEMP000006,ocean,#00126e,2159,TRT000720,92,71,152,142,119,109,120,108,5198,1759,5258,1830,5225,1797,5226,1796
TRT000721-TEMP000001,ocean,#2e26ab,2081,TRT000721,62,45,123,100,93,73,92,73,5248,1852,5309,1907,5279,1880,5278,1880
TRT000721-TEMP000002,ocean,#091698,1647,TRT000721,50,0,94,60,69,31,70,31,5236,1807,5280,1867,5255,1838,5256,1838
TRT000721-TEMP000003,ocean,#32246c,1266,TRT000721,0,12,53,49,31,36,35,34,5186,1819,5239,1856,5217,1843,5221,1841
TRT000721-TEMP000004,ocean,#014b81,1636,TRT000721,51,79,107,137,75,105,75,106,5237,1886,5293,1944,5261,1912,5261,1913
TRT000721-TEMP000005,ocean,#27076d,1773,TRT000721,0,50,65,90,37,66,35,65,5186,1857,5251,1897,5223,1873,5221,1872
TRT000721-TEMP000006,ocean,#184ba6,1395,TRT000721,0,57,43,116,16,89,15,89,5186,1864,5229,1923,5202,1896,5201,1896
TRT000721-TEMP000007,ocean,#2629ab,1623,TRT000721,19,91,70,149,46,120,45,120,5205,1898,5256,1956,5232,1927,5231,1927
TRT000722-TEMP000001,ocean,#054788,1797,TRT000722,28,0,80,61,59,38,63,34,5099,1822,5151,1883,5130,1860,5134,1856
TRT000722-TEMP000002,ocean,#22379a,1343,TRT000722,70,48,114,90,96,66,95,64,5141,1870,5185,1912,5167,1888,5166,1886
TRT000722-TEMP000003,ocean,#1a1cae,2817,TRT000722,0,47,53,124,30,87,32,85,5071,1869,5124,1946,5101,1909,5103,1907
TRT000722-TEMP000004,ocean,#071170,1365,TRT000722,54,60,99,108,70,84,74,85,5125,1882,5170,1930,5141,1906,5145,1907
TRT000722-TEMP000005,ocean,#2f2b70,1151,TRT000722,78,7,114,49,95,31,97,32,5149,1829,5185,1871,5166,1853,5168,1854
TRT000723-TEMP000001,ocean,#1d0d99,2496,TRT000723,55,53,120,117,85,85,90,82,5141,1960,5206,2024,5171,1992,5176,1989
TRT000723-TEMP000002,ocean,#030283,1068,TRT000723,108,30,150,79,128,55,131,53,5194,1937,5236,1986,5214,1962,5217,1960
TRT000723-TEMP000003,ocean,#3a1a94,1302,TRT000723,85,7,130,61,107,36,109,35,5171,1914,5216,1968,5193,1943,5195,1942
TRT000723-TEMP000004,ocean,#062793,1239,TRT000723,57,0,105,52,83,22,82,22,5143,1907,5191,1959,5169,1929,5168,1929
TRT000723-TEMP000005,ocean,#0b3c6d,1719,TRT000723,20,18,84,71,54,43,56,45,5106,1925,5170,1978,5140,1950,5142,1952
TRT000723-TEMP000006,ocean,#372c80,1930,TRT000723,0,32,64,102,34,64,36,67,5086,1939,5150,2009,5120,1971,5122,1974
TRT000724-TEMP000001,ocean,#024e7f,1667,TRT000724,33,0,89,46,62,23,64,23,5062,1771,5118,1817,5091,1794,5093,1794
TRT000724-TEMP000002,ocean,#361090,1602,TRT000724,10,21,62,77,36,55,37,51,5039,1792,5091,1848,5065,1826,5066,1822
TRT000724-TEMP000003,ocean,#08407c,1533,TRT000724,26,67,75,127,51,91,51,93,5055,1838,5104,1898,5080,1862,5080,1864
TRT000724-TEMP000004,ocean,#3904aa,2047,TRT000724,0,78,51,150,25,111,24,109,5029,1849,5080,1921,5054,1882,5053,1880
TRT000725-TEMP000001,ocean,#153678,2920,TRT000725,44,0,96,62,72,29,70,28,5579,1975,5631,2037,5607,2004,5605,2003
TRT000725-TEMP000002,ocean,#2f4f93,2153,TRT000725,0,5,47,63,25,31,23,33,5535,1980,5582,2038,5560,2006,5558,2008
TRT000725-TEMP000003,ocean,#293784,2324,TRT000725,8,52,66,108,36,78,38,80,5543,2027,5601,2083,5571,2053,5573,2055
TRT000725-TEMP000004,ocean,#220580,2303,TRT000725,57,59,96,136,81,94,81,93,5592,2034,5631,2111,5616,2069,5616,2068
TRT000725-TEMP000005,ocean,#140dad,1983,TRT000725,13,99,84,136,45,120,46,121,5548,2074,5619,2111,5580,2095,5581,2096
TRT000726-TEMP000001,ocean,#0f0f7f,2845,TRT000726,27,81,89,144,60,113,62,116,5527,1916,5589,1979,5560,1948,5562,1951
TRT000726-TEMP000002,ocean,#2d238b,3582,TRT000726,0,4,63,91,35,45,35,49,5500,1839,5563,1926,5535,1880,5535,1884
TRT000726-TEMP000003,ocean,#0c4393,2155,TRT000726,54,30,122,87,81,59,83,58,5554,1865,5622,1922,5581,1894,5583,1893
TRT000726-TEMP000004,ocean,#364b7b,1453,TRT000726,86,103,131,141,110,124,113,125,5586,1938,5631,1976,5610,1959,5613,1960
TRT000726-TEMP000005,ocean,#1d32af,2076,TRT000726,75,53,131,110,109,85,107,89,5575,1888,5631,1945,5609,1920,5607,1924
TRT000726-TEMP000006,ocean,#14477e,2674,TRT000726,54,0,131,53,98,25,97,23,5554,1835,5631,1888,5598,1860,5597,1858
TRT000727-TEMP000001,ocean,#232f68,2179,TRT000727,60,43,119,89,87,64,87,61,5470,1910,5529,1956,5497,1931,5497,1928
TRT000727-TEMP000002,ocean,#074194,2051,TRT000727,91,70,139,134,114,105,115,103,5501,1937,5549,2001,5524,1972,5525,1970
TRT000727-TEMP000003,ocean,#1f28b0,2959,TRT000727,0,25,60,87,32,59,33,59,5410,1892,5470,1954,5442,1926,5443,1926
TRT000727-TEMP000004,ocean,#273eb3,2412,TRT000727,8,87,54,149,31,115,30,115,5418,1954,5464,2016,5441,1982,5440,1982
TRT000727-TEMP000005,ocean,#3405a0,2322,TRT000727,50,83,101,143,73,113,74,113,5460,1950,5511,2010,5483,1980,5484,1980
TRT000727-TEMP000006,ocean,#261a88,1081,TRT000727,58,0,108,45,85,30,86,27,5468,1867,5518,1912,5495,1897,5496,1894
TRT000728-TEMP000001,ocean,#3a2371,2247,TRT000728,0,11,56,60,27,36,25,37,5433,2010,5489,2059,5460,2035,5458,2036
TRT000728-TEMP000002,ocean,#3b0579,2155,TRT000728,4,57,57,112,27,82,27,81,5437,2056,5490,2111,5460,2081,5460,2080
TRT000728-TEMP000003,ocean,#243d70,2543,TRT000728,59,39,123,112,95,75,93,72,5492,2038,5556,2111,5528,2074,5526,2071
TRT000728-TEMP000004,ocean,#2c2c71,1779,TRT000728,36,58,100,112,65,94,64,96,5469,2057,5533,2111,5498,2093,5497,2095
TRT000728-TEMP000005,ocean,#1b19ae,2664,TRT000728,46,0,109,57,78,26,75,24,5479,1999,5542,2056,5511,2025,5508,2023
TRT000729-TEMP000001,ocean,#28199b,2644,TRT000729,43,0,111,62,75,32,76,33,4997,1881,5065,1943,5029,1913,5030,1914
TRT000729-TEMP000002,ocean,#100ea2,2819,TRT000729,0,13,62,94,32,49,33,51,4954,1894,5016,1975,4986,1930,4987,1932
TRT000729-TEMP000003,ocean,#1221a3,2292,TRT000729,88,37,147,104,115,74,117,72,5042,1918,5101,1985,5069,1955,5071,1953
TRT000729-TEMP000004,ocean,#162ba1,2518,TRT000729,30,61,104,110,67,88,73,90,4984,1942,5058,1991,5021,1969,5027,1971
TRT000730-TEMP000001,ocean,#031868,2743,TRT000730,0,16,66,75,37,46,36,46,4966,1992,5032,2051,5003,2022,5002,2022
TRT000730-TEMP000002,ocean,#10278f,2243,TRT000730,55,0,130,45,93,25,89,25,5021,1976,5096,2021,5059,2001,5055,2001
TRT000730-TEMP000003,ocean,#040581,2569,TRT000730,36,78,103,135,70,111,68,111,5002,2054,5069,2111,5036,2087,5034,2087
TRT000730-TEMP000004,ocean,#394586,2581,TRT000730,0,64,57,135,27,99,27,96,4966,2040,5023,2111,4993,2075,4993,2072
TRT000730-TEMP000005,ocean,#0b12b1,2159,TRT000730,57,44,114,99,87,67,90,64,5023,2020,5080,2075,5053,2043,5056,2040
TRT000731-TEMP000001,ocean,#2f0a6a,2363,TRT000731,32,18,85,105,61,61,61,62,4875,2018,4928,2105,4904,2061,4904,2062
TRT000731-TEMP000002,ocean,#110d8d,2006,TRT000731,68,20,131,70,100,48,100,48,4911,2020,4974,2070,4943,2048,4943,2048
TRT000731-TEMP000003,ocean,#1f0d6d,2638,TRT000731,0,60,63,111,26,88,26,88,4843,2060,4906,2111,4869,2088,4869,2088
TRT000731-TEMP000004,ocean,#13389b,2537,TRT000731,0,0,63,59,24,32,24,31,4843,2000,4906,2059,4867,2032,4867,2031
TRT000731-TEMP000005,ocean,#2f3a9a,2489,TRT000731,64,67,135,111,102,92,103,92,4907,2067,4978,2111,4945,2092,4946,2092
TRT000732-TEMP000001,ocean,#261d8c,2189,TRT000732,43,28,95,91,72,66,72,64,5099,2000,5151,2063,5128,2038,5128,2036
TRT000732-TEMP000002,ocean,#144d74,2244,TRT000732,20,0,73,78,45,41,43,43,5076,1972,5129,2050,5101,2013,5099,2015
TRT000732-TEMP000003,ocean,#0e12a9,2688,TRT000732,0,75,58,139,31,110,33,111,5056,2047,5114,2111,5087,2082,5089,2083
TRT000732-TEMP000004,ocean,#0f2287,1925,TRT000732,50,91,93,139,74,116,75,118,5106,2063,5149,2111,5130,2088,5131,2090
TRT000733-TEMP000001,ocean,#2d2699,2343,TRT000733,49,0,119,57,85,28,87,27,4900,1910,4970,1967,4936,1938,4938,1937
TRT000733-TEMP000002,ocean,#1c429e,2151,TRT000733,70,37,138,88,105,65,104,66,4921,1947,4989,1998,4956,1975,4955,1976
TRT000733-TEMP000003,ocean,#1f1480,1778,TRT000733,80,78,140,126,109,101,110,103,4931,1988,4991,2036,4960,2011,4961,2013
TRT000733-TEMP000004,ocean,#04066c,2299,TRT000733,11,58,86,116,56,89,57,90,4862,1968,4937,2026,4907,1999,4908,2000
TRT000733-TEMP000005,ocean,#3b1d9b,2946,TRT000733,0,20,69,94,31,55,33,55,4851,1930,4920,2004,4882,1965,4884,1965
TRT000734-TEMP000001,ocean,#2f098b,1443,TRT000734,102,79,144,125,121,105,123,107,5383,1860,5425,1906,5402,1886,5404,1888
TRT000734-TEMP000002,ocean,#123d64,1981,TRT000734,44,77,101,125,76,105,80,106,5325,1858,5382,1906,5357,1886,5361,1887
TRT000734-TEMP000003,ocean,#280b98,2972,TRT000734,0,39,72,114,37,75,40,75,5281,1820,5353,1895,5318,1856,5321,1856
TRT000734-TEMP000004,ocean,#1339b0,1805,TRT000734,71,39,131,96,100,70,103,71,5352,1820,5412,1877,5381,1851,5384,1852
TRT000734-TEMP000005,ocean,#07128f,2219,TRT000734,33,0,101,67,69,35,70,34,5314,1781,5382,1848,5350,1816,5351,1815
TRT000735-TEMP000001,ocean,#0704af,2402,TRT000735,36,58,99,123,66,86,65,89,5254,1785,5317,1850,5284,1813,5283,1816
TRT000735-TEMP000002,ocean,#1e2371,2662,TRT000735,53,0,112,62,78,27,77,31,5271,1727,5330,1789,5296,1754,5295,1758
TRT000735-TEMP000003,ocean,#2522ae,2100,TRT000735,79,19,139,88,108,55,108,57,5297,1746,5357,1815,5326,1782,5326,1784
TRT000735-TEMP000004,ocean,#06118f,2361,TRT000735,0,8,55,68,31,33,30,33,5218,1735,5273,1795,5249,1760,5248,1760
TRT000736-TEMP000001,ocean,#300f7b,2944,TRT000736,10,0,79,61,42,29,43,31,5329,1648,5398,1709,5361,1677,5362,1679
TRT000736-TEMP000002,ocean,#341daf,2276,TRT000736,66,21,128,88,98,53,99,54,5385,1669,5447,1736,5417,1701,5418,1702
TRT000736-TEMP000003,ocean,#230584,1644,TRT000736,13,80,70,131,43,106,42,107,5332,1728,5389,1779,5362,1754,5361,1755
TRT000736-TEMP000004,ocean,#3b1490,2164,TRT000736,50,57,120,113,79,85,78,85,5369,1705,5439,1761,5398,1733,5397,1733
TRT000736-TEMP000005,ocean,#3302b3,1991,TRT000736,0,40,52,99,23,69,22,71,5319,1688,5371,1747,5342,1717,5341,1719
TRT000737-TEMP000001,ocean,#181874,1683,TRT000737,16,65,69,121,47,89,45,89,5374,1800,5427,1856,5405,1824,5403,1824
TRT000737-TEMP000002,ocean,#24457d,2197,TRT000737,0,20,63,74,33,49,35,48,5358,1755,5421,1809,5391,1784,5393,1783
TRT000737-TEMP000003,ocean,#1e327a,2137,TRT000737,60,51,119,96,89,74,86,75,5418,1786,5477,1831,5447,1809,5444,1810
TRT000737-TEMP000004,ocean,#111b8e,2364,TRT000737,54,94,127,154,87,117,88,117,5412,1829,5485,1889,5445,1852,5446,1852
TRT000737-TEMP000005,ocean,#301d6f,2021,TRT000737,51,0,104,53,79,29,81,29,5409,1735,5462,1788,5437,1764,5439,1764
TRT000738-TEMP000001,ocean,#2f0e69,2189,TRT000738,7,11,72,62,41,38,39,38,5202,1642,5267,1693,5236,1669,5234,1669
TRT000738-TEMP000002,ocean,#2b0c9d,2079,TRT000738,42,44,85,103,65,76,63,75,5237,1675,5280,1734,5260,1707,5258,1706
TRT000738-TEMP000003,ocean,#0e2d97,1772,TRT000738,0,52,49,112,26,81,25,82,5195,1683,5244,1743,5221,1712,5220,1713
TRT000738-TEMP000004,ocean,#2405a6,2875,TRT000738,68,0,139,52,101,27,101,28,5263,1631,5334,1683,5296,1658,5296,1659
TRT000738-TEMP000005,ocean,#112bb0,2011,TRT000738,85,46,133,98,107,73,106,74,5280,1677,5328,1729,5302,1704,5301,1705
TRT000739-TEMP000001,ocean,#3a278f,2909,TRT000739,26,88,100,167,60,129,61,127,5460,1703,5534,1782,5494,1744,5495,1742
TRT000739-TEMP000002,ocean,#3511aa,2414,TRT000739,3,71,60,146,28,101,28,104,5437,1686,5494,1761,5462,1716,5462,1719
TRT000739-TEMP000003,ocean,#2d3882,1949,TRT000739,77,70,138,131,108,101,111,104,5511,1685,5572,1746,5542,1716,5545,1719
TRT000739-TEMP000004,ocean,#134c85,2941,TRT000739,55,0,111,94,80,54,81,57,5489,1615,5545,1709,5514,1669,5515,1672
TRT000739-TEMP000005,ocean,#253673,2605,TRT000739,0,9,67,80,39,51,39,51,5434,1624,5501,1695,5473,1666,5473,1666
TRT000740-TEMP000001,ocean,#012473,1824,TRT000740,57,38,114,103,83,76,83,73,5520,1775,5577,1840,5546,1813,5546,1810
TRT000740-TEMP000002,ocean,#3a307c,3393,TRT000740,0,18,66,109,34,60,34,59,5463,1755,5529,1846,5497,1797,5497,1796
TRT000740-TEMP000003,ocean,#270180,3477,TRT000740,111,23,168,107,146,70,146,70,5574,1760,5631,1844,5609,1807,5609,1807
TRT000740-TEMP000004,ocean,#10098d,1524,TRT000740,53,0,134,44,98,15,98,15,5516,1737,5597,1781,5561,1752,5561,1752
TRT000741-TEMP000001,ocean,#3b2a7d,2655,TRT000741,47,110,120,164,85,137,86,138,5558,1677,5631,1731,5596,1704,5597,1705
TRT000741-TEMP000002,ocean,#2137ae,1978,TRT000741,60,148,120,197,96,173,93,174,5571,1715,5631,1764,5607,1740,5604,1741
TRT000741-TEMP000003,ocean,#1e2b93,2674,TRT000741,20,63,80,132,53,96,55,95,5531,1630,5591,1699,5564,1663,5566,1662
TRT000741-TEMP000004,ocean,#044f99,2384,TRT000741,77,56,120,123,101,87,103,90,5588,1623,5631,1690,5612,1654,5614,1657
TRT000741-TEMP000005,ocean,#0826a7,2357,TRT000741,0,11,54,86,28,51,27,51,5511,1578,5565,1653,5539,1618,5538,1618
TRT000741-TEMP000006,ocean,#2312a2,2681,TRT000741,37,0,98,69,67,35,70,37,5548,1567,5609,1636,5578,1602,5581,1604
TRT000741-TEMP000007,ocean,#001679,1969,TRT000741,73,0,120,55,102,24,102,21,5584,1567,5631,1622,5613,1591,5613,1588
TRT000742-TEMP000001,ocean,#1d1283,2858,TRT000742,83,85,131,173,110,126,111,123,4808,1931,4856,2019,4835,1972,4836,1969
TRT000742-TEMP000002,ocean,#3746af,1967,TRT000742,38,78,89,130,61,106,61,107,4763,1924,4814,1976,4786,1952,4786,1953
TRT000742-TEMP000003,ocean,#090d98,2789,TRT000742,14,0,74,79,41,44,41,43,4739,1846,4799,1925,4766,1890,4766,1889
TRT000742-TEMP000004,ocean,#061d80,2378,TRT000742,22,127,106,169,66,149,67,150,4747,1973,4831,2015,4791,1995,4792,1996
TRT000742-TEMP000005,ocean,#083498,2692,TRT000742,0,73,43,160,21,114,21,110,4725,1919,4768,2006,4746,1960,4746,1956
TRT000742-TEMP000006,ocean,#294492,1984,TRT000742,47,39,114,99,80,73,80,71,4772,1885,4839,1945,4805,1919,4805,1917
TRT000743-TEMP000001,ocean,#2a0698,2363,TRT000743,108,0,158,64,132,31,132,29,4691,1970,4741,2034,4715,2001,4715,1999
TRT000743-TEMP000002,ocean,#230098,2278,TRT000743,53,39,127,89,88,61,94,61,4636,2009,4710,2059,4671,2031,4677,2031
TRT000743-TEMP000003,ocean,#2540af,1679,TRT000743,82,62,143,119,115,87,114,90,4665,2032,4726,2089,4698,2057,4697,2060
TRT000743-TEMP000004,ocean,#0e3695,2752,TRT000743,0,0,65,62,37,24,39,25,4583,1970,4648,2032,4620,1994,4622,1995
TRT000743-TEMP000005,ocean,#343873,1932,TRT000743,61,0,115,44,86,19,87,18,4644,1970,4698,2014,4669,1989,4670,1988
TRT000744-TEMP000001,ocean,#120f86,2497,TRT000744,60,25,124,86,93,56,95,55,4643,1867,4707,1928,4676,1898,4678,1897
TRT000744-TEMP000002,ocean,#250797,1950,TRT000744,103,52,155,111,133,79,131,80,4686,1894,4738,1953,4716,1921,4714,1922
TRT000744-TEMP000003,ocean,#0d0cac,2158,TRT000744,112,0,177,58,146,30,146,30,4695,1842,4760,1900,4729,1872,4729,1872
TRT000744-TEMP000004,ocean,#222693,2423,TRT000744,73,82,141,127,103,109,106,110,4656,1924,4724,1969,4686,1951,4689,1952
TRT000744-TEMP000005,ocean,#253b68,2639,TRT000744,0,46,75,94,38,76,40,77,4583,1888,4658,1936,4621,1918,4623,1919
TRT000744-TEMP000006,ocean,#2e0a7d,2425,TRT000744,0,95,73,127,36,111,40,112,4583,1937,4656,1969,4619,1953,4623,1954
TRT000745-TEMP000001,ocean,#1a0466,2868,TRT000745,0,0,52,90,19,51,19,56,4585,1988,4637,2078,4604,2039,4604,2044
TRT000745-TEMP000002,ocean,#1c25a9,1712,TRT000745,34,48,90,109,61,79,63,80,4619,2036,4675,2097,4646,2067,4648,2068
TRT000745-TEMP000003,ocean,#252297,2195,TRT000745,0,81,64,123,29,106,35,109,4585,2069,4649,2111,4614,2094,4620,2097
TRT000745-TEMP000004,ocean,#37287d,1548,TRT000745,65,82,114,123,91,107,94,107,4650,2070,4699,2111,4676,2095,4679,2095
TRT000746-TEMP000001,ocean,#040f76,3925,TRT000746,0,50,83,104,42,80,47,80,4700,2057,4783,2111,4742,2087,4747,2087
TRT000746-TEMP000002,ocean,#150388,2200,TRT000746,79,3,142,55,105,26,106,26,4779,2010,4842,2062,4805,2033,4806,2033
TRT000746-TEMP000003,ocean,#052567,2798,TRT000746,18,0,80,59,54,30,52,29,4718,2007,4780,2066,4754,2037,4752,2036
TRT000746-TEMP000004,ocean,#0e0b7f,1828,TRT000746,81,28,142,78,119,56,121,56,4781,2035,4842,2085,4819,2063,4821,2063
TRT000746-TEMP000005,ocean,#2103a1,2007,TRT000746,80,67,142,104,110,88,116,90,4780,2074,4842,2111,4810,2095,4816,2097
TRT000747-TEMP000001,ocean,#2d3d93,2386,TRT000747,75,89,141,157,99,119,104,118,5494,1403,5560,1471,5518,1433,5523,1432
TRT000747-TEMP000002,ocean,#233590,2220,TRT000747,98,47,156,113,126,83,127,81,5517,1361,5575,1427,5545,1397,5546,1395
TRT000747-TEMP000003,ocean,#2d2c8f,2605,TRT000747,29,39,102,101,70,71,73,70,5448,1353,5521,1415,5489,1385,5492,1384
TRT000747-TEMP000004,ocean,#0036ae,1936,TRT000747,68,0,128,63,99,35,99,33,5487,1314,5547,1377,5518,1349,5518,1347
TRT000747-TEMP000005,ocean,#233b68,3636,TRT000747,0,78,76,162,46,116,49,116,5419,1392,5495,1476,5465,1430,5468,1430
TRT000748-TEMP000001,ocean,#351679,3119,TRT000748,0,27,78,104,43,66,44,64,5482,1444,5560,1521,5525,1483,5526,1481
TRT000748-TEMP000002,ocean,#132aa5,2906,TRT000748,56,0,116,76,89,38,92,39,5538,1417,5598,1493,5571,1455,5574,1456
TRT000748-TEMP000003,ocean,#280b8e,2846,TRT000748,44,72,111,149,80,108,82,109,5526,1489,5593,1566,5562,1525,5564,1526
TRT000748-TEMP000004,ocean,#011e93,2066,TRT000748,91,108,149,149,125,130,127,131,5573,1525,5631,1566,5607,1547,5609,1548
TRT000748-TEMP000005,ocean,#040d71,2348,TRT000748,93,57,149,107,125,83,127,84,5575,1474,5631,1524,5607,1500,5609,1501
TRT000748-TEMP000006,ocean,#1f236f,1661,TRT000748,106,5,149,59,132,31,134,32,5588,1422,5631,1476,5614,1448,5616,1449
TRT000749-TEMP000001,ocean,#0413a4,2509,TRT000749,56,45,107,101,83,71,84,69,5580,1317,5631,1373,5607,1343,5608,1341
TRT000749-TEMP000002,ocean,#154c72,1936,TRT000749,64,0,107,45,86,22,86,21,5588,1272,5631,1317,5610,1294,5610,1293
TRT000749-TEMP000003,ocean,#3104a6,2588,TRT000749,0,33,58,107,32,65,31,62,5524,1305,5582,1379,5556,1337,5555,1334
TRT000749-TEMP000004,ocean,#18296b,1871,TRT000749,9,0,66,49,44,24,44,23,5533,1272,5590,1321,5568,1296,5568,1295
TRT000749-TEMP000005,ocean,#243f73,3634,TRT000749,32,90,107,153,75,122,73,120,5556,1362,5631,1425,5599,1394,5597,1392
TRT000750-TEMP000001,ocean,#193f69,1764,TRT000750,8,65,60,116,34,90,36,89,5212,1603,5264,1654,5238,1628,5240,1627
TRT000750-TEMP000002,ocean,#254864,1864,TRT000750,50,14,108,61,78,41,76,42,5254,1552,5312,1599,5282,1579,5280,1580
TRT000750-TEMP000003,ocean,#0f236e,1404,TRT000750,50,58,97,101,72,76,74,77,5254,1596,5301,1639,5276,1614,5278,1615
TRT000750-TEMP000004,ocean,#184086,1545,TRT000750,0,22,52,71,27,49,26,48,5204,1560,5256,1609,5231,1587,5230,1586
TRT000750-TEMP000005,ocean,#330780,1409,TRT000750,4,0,67,40,39,20,38,19,5208,1538,5271,1578,5243,1558,5242,1557
TRT000751-TEMP000001,ocean,#051f9d,1259,TRT000751,75,64,117,107,98,84,98,85,5208,1503,5250,1546,5231,1523,5231,1524
TRT000751-TEMP000002,ocean,#1d42a1,1618,TRT000751,21,49,76,100,50,73,50,75,5154,1488,5209,1539,5183,1512,5183,1514
TRT000751-TEMP000003,ocean,#231aaf,1882,TRT000751,62,21,119,70,95,48,93,49,5195,1460,5252,1509,5228,1487,5226,1488
TRT000751-TEMP000004,ocean,#030a90,1076,TRT000751,45,79,94,123,71,102,72,103,5178,1518,5227,1562,5204,1541,5205,1542
TRT000751-TEMP000005,ocean,#311482,1845,TRT000751,0,11,61,67,32,40,33,40,5133,1450,5194,1506,5165,1479,5166,1479
TRT000751-TEMP000006,ocean,#04268d,1647,TRT000751,41,0,100,47,68,20,70,19,5174,1439,5233,1486,5201,1459,5203,1458
TRT000752-TEMP000001,ocean,#1212b3,1663,TRT000752,68,35,113,90,88,65,88,66,5132,1368,5177,1423,5152,1398,5152,1399
TRT000752-TEMP000002,ocean,#224d68,1460,TRT000752,48,91,97,151,72,124,73,121,5112,1424,5161,1484,5136,1457,5137,1454
TRT000752-TEMP000003,ocean,#332e7f,1524,TRT000752,17,44,67,87,46,69,47,67,5081,1377,5131,1420,5110,1402,5111,1400
TRT000752-TEMP000004,ocean,#2d019c,1272,TRT000752,29,87,71,139,49,105,48,107,5093,1420,5135,1472,5113,1438,5112,1440
TRT000752-TEMP000005,ocean,#332c9e,1480,TRT000752,39,6,102,56,67,33,66,32,5103,1339,5166,1389,5131,1366,5130,1365
TRT000752-TEMP000006,ocean,#251a82,1239,TRT000752,75,75,120,122,100,98,102,99,5139,1408,5184,1455,5164,1431,5166,1432
TRT000752-TEMP000007,ocean,#092677,1578,TRT000752,0,0,47,66,27,38,26,39,5064,1333,5111,1399,5091,1371,5090,1372
TRT000753-TEMP000001,ocean,#0d4069,1907,TRT000753,14,52,75,100,42,75,41,76,5179,1395,5240,1443,5207,1418,5206,1419
TRT000753-TEMP000002,ocean,#080583,1417,TRT000753,28,7,71,58,52,33,50,30,5193,1350,5236,1401,5217,1376,5215,1373
TRT000753-TEMP000003,ocean,#1920a1,1365,TRT000753,0,18,40,69,19,40,19,42,5165,1361,5205,1412,5184,1383,5184,1385
TRT000753-TEMP000004,ocean,#2a44a0,1834,TRT000753,64,0,121,62,86,22,84,26,5229,1343,5286,1405,5251,1365,5249,1369
TRT000754-TEMP000001,ocean,#1b197c,1545,TRT000754,1,41,53,97,31,71,34,68,5218,1386,5270,1442,5248,1416,5251,1413
TRT000754-TEMP000002,ocean,#361492,1495,TRT000754,41,0,83,49,65,28,65,27,5258,1345,5300,1394,5282,1373,5282,1372
TRT000754-TEMP000003,ocean,#313c69,1428,TRT000754,52,47,82,103,69,72,70,69,5269,1392,5299,1448,5286,1417,5287,1414
TRT000754-TEMP000004,ocean,#0103a2,2309,TRT000754,0,85,82,130,44,106,43,105,5217,1430,5299,1475,5261,1451,5260,1450
TRT000755-TEMP000001,ocean,#334482,1457,TRT000755,38,33,88,77,61,56,59,56,5286,1494,5336,1538,5309,1517,5307,1517
TRT000755-TEMP000002,ocean,#394b7d,1640,TRT000755,0,33,39,90,18,61,18,61,5248,1494,5287,1551,5266,1522,5266,1522
TRT000755-TEMP000003,ocean,#114eac,1412,TRT000755,55,4,102,53,77,28,78,28,5303,1465,5350,1514,5325,1489,5326,1489
TRT000755-TEMP000004,ocean,#352099,1375,TRT000755,23,70,78,111,53,88,53,88,5271,1531,5326,1572,5301,1549,5301,1549
TRT000755-TEMP000005,ocean,#072d81,1673,TRT000755,5,0,58,45,33,23,34,22,5253,1461,5306,1506,5281,1484,5282,1483
TRT000756-TEMP000001,ocean,#080c89,1314,TRT000756,0,59,36,109,15,82,14,83,5299,1418,5335,1468,5314,1441,5313,1442
TRT000756-TEMP000002,ocean,#092c86,1718,TRT000756,24,33,76,86,51,63,49,64,5323,1392,5375,1445,5350,1422,5348,1423
TRT000756-TEMP000003,ocean,#1c0689,1194,TRT000756,18,82,65,122,43,101,42,102,5317,1441,5364,1481,5342,1460,5341,1461
TRT000756-TEMP000004,ocean,#240b6c,1687,TRT000756,1,0,48,59,19,35,18,35,5300,1359,5347,1418,5318,1394,5317,1394
TRT000757-TEMP000001,ocean,#160b92,2250,TRT000757,46,81,102,149,73,113,72,110,5076,1191,5132,1259,5103,1223,5102,1220
TRT000757-TEMP000002,ocean,#2b036f,1321,TRT000757,74,32,116,79,92,55,91,53,5104,1142,5146,1189,5122,1165,5121,1163
TRT000757-TEMP000003,ocean,#034890,1487,TRT000757,35,32,79,86,58,61,58,57,5065,1142,5109,1196,5088,1171,5088,1167
TRT000757-TEMP000004,ocean,#071894,986,TRT000757,53,0,96,42,76,24,76,22,5083,1110,5126,1152,5106,1134,5106,1132
TRT000757-TEMP000005,ocean,#313b7a,1657,TRT000757,0,71,56,123,32,98,31,97,5030,1181,5086,1233,5062,1208,5061,1207
TRT000757-TEMP000006,ocean,#364064,1681,TRT000757,79,62,134,118,108,87,108,87,5109,1172,5164,1228,5138,1197,5138,1197
TRT000758-TEMP000001,ocean,#252c9b,1219,TRT000758,0,14,52,69,24,46,22,45,5097,1301,5149,1356,5121,1333,5119,1332
TRT000758-TEMP000002,ocean,#343c78,1753,TRT000758,48,35,111,73,80,58,78,59,5145,1322,5208,1360,5177,1345,5175,1346
TRT000758-TEMP000003,ocean,#0e4775,1314,TRT000758,40,0,97,44,69,23,69,23,5137,1287,5194,1331,5166,1310,5166,1310
TRT000759-TEMP000001,ocean,#191086,2038,TRT000759,71,48,119,97,96,73,96,72,5242,1293,5290,1342,5267,1318,5267,1317
TRT000759-TEMP000002,ocean,#0433a8,1482,TRT000759,51,0,89,56,68,28,73,26,5222,1245,5260,1301,5239,1273,5244,1271
TRT000759-TEMP000003,ocean,#0922af,1960,TRT000759,27,52,79,112,54,83,54,82,5198,1297,5250,1357,5225,1328,5225,1327
TRT000759-TEMP000004,ocean,#2d1378,1281,TRT000759,2,7,56,50,34,30,34,30,5173,1252,5227,1295,5205,1275,5205,1275
TRT000759-TEMP000005,ocean,#27197d,1575,TRT000759,80,5,127,55,104,28,109,30,5251,1250,5298,1300,5275,1273,5280,1275
TRT000759-TEMP000006,ocean,#024690,1303,TRT000759,0,36,57,82,27,56,28,56,5171,1281,5228,1327,5198,1301,5199,1301
TRT000760-TEMP000001,ocean,#242aa4,2024,TRT000760,25,52,83,112,52,80,52,78,5138,1117,5196,1177,5165,1145,5165,1143
TRT000760-TEMP000002,ocean,#3b4ca8,1136,TRT000760,9,10,55,54,36,34,35,32,5122,1075,5168,1119,5149,1099,5148,1097
TRT000760-TEMP000003,ocean,#2a31b1,845,TRT000760,37,0,81,34,58,15,57,14,5150,1065,5194,1099,5171,1080,5170,1079
TRT000760-TEMP000004,ocean,#06166a,2393,TRT000760,39,81,111,135,77,111,77,110,5152,1146,5224,1200,5190,1176,5190,1175
TRT000760-TEMP000005,ocean,#183575,1199,TRT000760,0,36,44,86,21,58,20,58,5113,1101,5157,1151,5134,1123,5133,1123
TRT000760-TEMP000006,ocean,#243b66,2350,TRT000760,80,38,143,103,111,67,110,66,5193,1103,5256,1168,5224,1132,5223,1131
TRT000760-TEMP000007,ocean,#0c3864,1551,TRT000760,55,16,106,67,78,41,76,38,5168,1081,5219,1132,5191,1106,5189,1103
TRT000761-TEMP000001,ocean,#17436a,1928,TRT000761,44,93,104,138,75,117,73,117,5246,1211,5306,1256,5277,1235,5275,1235
TRT000761-TEMP000002,ocean,#2f2d97,1847,TRT000761,7,36,66,88,40,63,40,64,5209,1154,5268,1206,5242,1181,5242,1182
TRT000761-TEMP000003,ocean,#3b049e,1442,TRT000761,65,13,111,62,88,42,89,41,5267,1131,5313,1180,5290,1160,5291,1159
TRT000761-TEMP000004,ocean,#191692,1445,TRT000761,32,0,85,52,60,25,60,25,5234,1118,5287,1170,5262,1143,5262,1143
TRT000761-TEMP000005,ocean,#090f9b,1731,TRT000761,56,59,104,107,83,81,84,81,5258,1177,5306,1225,5285,1199,5286,1199
TRT000761-TEMP000006,ocean,#1d0b9f,1740,TRT000761,0,73,57,128,30,99,29,100,5202,1191,5259,1246,5232,1217,5231,1218
TRT000762-TEMP000001,ocean,#393783,2325,TRT000762,59,0,124,69,92,29,92,26,5163,1197,5228,1266,5196,1226,5196,1223
TRT000762-TEMP000002,ocean,#20318e,724,TRT000762,53,30,88,63,70,48,76,53,5157,1227,5192,1260,5174,1245,5180,1250
TRT000762-TEMP000003,ocean,#303869,1774,TRT000762,7,3,65,63,42,39,41,39,5111,1200,5169,1260,5146,1236,5145,1236
TRT000762-TEMP000004,ocean,#112b66,1698,TRT000762,0,55,71,106,37,81,36,82,5104,1252,5175,1303,5141,1278,5140,1279
TRT000763-TEMP000001,ocean,#282593,1354,TRT000763,95,0,142,51,119,31,119,29,4580,1622,4627,1673,4604,1653,4604,1651
TRT000763-TEMP000002,ocean,#323f8d,1524,TRT000763,104,49,143,103,125,73,125,72,4589,1671,4628,1725,4610,1695,4610,1694
TRT000763-TEMP000003,ocean,#0a3687,1408,TRT000763,49,31,110,76,82,56,85,53,4534,1653,4595,1698,4567,1678,4570,1675
TRT000763-TEMP000004,ocean,#0c0874,1523,TRT000763,42,89,91,140,69,115,71,114,4527,1711,4576,1762,4554,1737,4556,1736
TRT000763-TEMP000005,ocean,#353080,2229,TRT000763,0,57,65,122,37,92,38,91,4485,1679,4550,1744,4522,1714,4523,1713
TRT000763-TEMP000006,ocean,#2129b3,1404,TRT000763,64,67,116,108,91,86,92,85,4549,1689,4601,1730,4576,1708,4577,1707
TRT000763-TEMP000007,ocean,#0e4a98,1649,TRT000763,84,99,135,152,108,123,108,125,4569,1721,4620,1774,4593,1745,4593,1747
TRT000764-TEMP000001,ocean,#292687,1756,TRT000764,7,9,60,59,36,38,35,39,4604,1714,4657,1764,4633,1743,4632,1744
TRT000764-TEMP000002,ocean,#2e339e,1500,TRT000764,0,53,53,103,27,75,29,78,4597,1758,4650,1808,4624,1780,4626,1783
TRT000764-TEMP000003,ocean,#34469f,1552,TRT000764,56,0,102,48,81,27,82,27,4653,1705,4699,1753,4678,1732,4679,1732
TRT000764-TEMP000004,ocean,#042cb2,1535,TRT000764,45,45,84,104,63,74,64,72,4642,1750,4681,1809,4660,1779,4661,1777
TRT000764-TEMP000005,ocean,#264b68,1073,TRT000764,72,40,107,84,91,60,92,61,4669,1745,4704,1789,4688,1765,4689,1766
TRT000765-TEMP000001,ocean,#0f056d,1925,TRT000765,9,49,71,101,39,75,41,74,4662,1823,4724,1875,4692,1849,4694,1848
TRT000765-TEMP000002,ocean,#393c81,1699,TRT000765,0,13,50,68,24,41,25,41,4653,1787,4703,1842,4677,1815,4678,1815
TRT000765-TEMP000003,ocean,#3133ac,1673,TRT000765,38,0,99,51,63,25,65,25,4691,1774,4752,1825,4716,1799,4718,1799
TRT000765-TEMP000004,ocean,#132f72,1628,TRT000765,58,23,105,79,85,53,86,53,4711,1797,4758,1853,4738,1827,4739,1827
TRT000766-TEMP000001,ocean,#390982,1187,TRT000766,1,0,37,42,17,23,16,23,4481,1727,4517,1769,4497,1750,4496,1750
TRT000766-TEMP000002,ocean,#0616af,1457,TRT000766,0,42,40,80,19,61,19,61,4480,1769,4520,1807,4499,1788,4499,1788
TRT000766-TEMP000003,ocean,#342b8f,2133,TRT000766,64,37,119,111,92,72,90,75,4544,1764,4599,1838,4572,1799,4570,1802
TRT000766-TEMP000004,ocean,#0c107d,1107,TRT000766,32,14,87,52,52,34,52,33,4512,1741,4567,1779,4532,1761,4532,1760
TRT000766-TEMP000005,ocean,#220ba5,2256,TRT000766,25,90,87,153,56,121,54,121,4505,1817,4567,1880,4536,1848,4534,1848
TRT000766-TEMP000006,ocean,#333d85,1642,TRT000766,0,78,50,127,23,97,21,97,4480,1805,4530,1854,4503,1824,4501,1824
TRT000766-TEMP000007,ocean,#1c45a9,1592,TRT000766,40,36,89,91,61,63,61,60,4520,1763,4569,1818,4541,1790,4541,1787
TRT000767-TEMP000001,ocean,#181196,1481,TRT000767,88,56,126,109,104,82,105,80,4632,1839,4670,1892,4648,1865,4649,1863
TRT000767-TEMP000002,ocean,#22429e,1426,TRT000767,71,16,115,62,92,42,93,41,4615,1799,4659,1845,4636,1825,4637,1824
TRT000767-TEMP000003,ocean,#252ba5,1652,TRT000767,49,54,87,111,70,80,71,80,4593,1837,4631,1894,4614,1863,4615,1863
TRT000767-TEMP000004,ocean,#311ba0,1811,TRT000767,30,0,81,58,57,32,58,31,4574,1783,4625,1841,4601,1815,4602,1814
TRT000767-TEMP000005,ocean,#0637aa,1474,TRT000767,14,86,80,129,46,108,46,108,4558,1869,4624,1912,4590,1891,4590,1891
TRT000767-TEMP000006,ocean,#272fa9,1796,TRT000767,0,44,50,103,27,77,28,76,4544,1827,4594,1886,4571,1860,4572,1859
TRT000768-TEMP000001,ocean,#020689,1202,TRT000768,36,0,75,46,60,26,60,25,4731,1688,4770,1734,4755,1714,4755,1713
TRT000768-TEMP000002,ocean,#2c458e,1385,TRT000768,28,42,75,85,56,61,54,61,4723,1730,4770,1773,4751,1749,4749,1749
TRT000768-TEMP000003,ocean,#22109c,1725,TRT000768,0,15,43,73,21,40,21,40,4695,1703,4738,1761,4716,1728,4716,1728
TRT000768-TEMP000004,ocean,#012978,1625,TRT000768,10,66,74,110,42,87,42,87,4705,1754,4769,1798,4737,1775,4737,1775
TRT000769-TEMP000001,ocean,#340e6f,1879,TRT000769,29,74,83,129,57,101,57,98,4899,1747,4953,1802,4927,1774,4927,1771
TRT000769-TEMP000002,ocean,#1a467c,1237,TRT000769,67,61,113,114,87,83,89,83,4937,1734,4983,1787,4957,1756,4959,1756
TRT000769-TEMP000003,ocean,#0844ab,1774,TRT000769,0,54,45,107,21,78,19,79,4870,1727,4915,1780,4891,1751,4889,1752
TRT000769-TEMP000004,ocean,#00029e,1583,TRT000769,36,22,85,76,61,53,63,52,4906,1695,4955,1749,4931,1726,4933,1725
TRT000769-TEMP000005,ocean,#1542a7,2132,TRT000769,5,0,55,56,26,28,26,31,4875,1673,4925,1729,4896,1701,4896,1704
TRT000769-TEMP000006,ocean,#0e16ae,1078,TRT000769,85,15,123,72,103,48,103,48,4955,1688,4993,1745,4973,1721,4973,1721
TRT000770-TEMP000001,ocean,#262fac,1720,TRT000770,24,0,80,58,51,35,51,35,4965,1730,5021,1788,4992,1765,4992,1765
TRT000770-TEMP000002,ocean,#010194,1467,TRT000770,0,43,48,100,29,70,28,71,4941,1773,4989,1830,4970,1800,4969,1801
TRT000770-TEMP000003,ocean,#0c4896,1605,TRT000770,75,40,120,91,99,63,100,63,5016,1770,5061,1821,5040,1793,5041,1793
TRT000770-TEMP000004,ocean,#282ba0,1548,TRT000770,41,52,87,104,63,78,65,77,4982,1782,5028,1834,5004,1808,5006,1807
TRT000770-TEMP000005,ocean,#022b9f,1542,TRT000770,51,84,108,131,82,107,82,107,4992,1814,5049,1861,5023,1837,5023,1837
TRT000771-TEMP000001,ocean,#134a64,1126,TRT000771,0,68,31,111,15,92,14,92,4769,1735,4800,1778,4784,1759,4783,1759
TRT000771-TEMP000002,ocean,#2a3d73,1620,TRT000771,2,40,54,79,27,59,28,59,4771,1707,4823,1746,4796,1726,4797,1726
TRT000771-TEMP000003,ocean,#1b358c,1423,TRT000771,30,69,66,120,49,96,48,96,4799,1736,4835,1787,4818,1763,4817,1763
TRT000771-TEMP000004,ocean,#152e9c,1715,TRT000771,2,8,58,47,32,28,31,28,4771,1675,4827,1714,4801,1695,4800,1695
TRT000771-TEMP000005,ocean,#344c67,1918,TRT000771,56,0,113,41,84,19,83,19,4825,1667,4882,1708,4853,1686,4852,1686
TRT000771-TEMP000006,ocean,#002696,1828,TRT000771,54,36,105,75,79,57,80,58,4823,1703,4874,1742,4848,1724,4849,1725
TRT000771-TEMP000007,ocean,#104780,1172,TRT000771,62,76,100,114,81,92,80,93,4831,1743,4869,1781,4850,1759,4849,1760
TRT000772-TEMP000001,ocean,#260195,1682,TRT000772,11,66,71,113,40,90,39,90,4919,1869,4979,1916,4948,1893,4947,1893
TRT000772-TEMP000002,ocean,#213493,1351,TRT000772,0,31,42,83,21,58,20,57,4908,1834,4950,1886,4929,1861,4928,1860
TRT000772-TEMP000003,ocean,#394694,1663,TRT000772,41,27,89,82,65,52,63,53,4949,1830,4997,1885,4973,1855,4971,1856
TRT000772-TEMP000004,ocean,#1e0d65,1726,TRT000772,68,39,124,94,95,69,94,70,4976,1842,5032,1897,5003,1872,5002,1873
TRT000772-TEMP000005,ocean,#13258c,1402,TRT000772,16,0,70,48,41,24,41,24,4924,1803,4978,1851,4949,1827,4949,1827
TRT000773-TEMP000001,ocean,#04128c,2168,TRT000773,0,21,61,84,35,51,35,50,4810,1883,4871,1946,4845,1913,4845,1912
TRT000773-TEMP000002,ocean,#0c0669,1771,TRT000773,59,34,123,79,85,54,86,53,4869,1896,4933,1941,4895,1916,4896,1915
TRT000773-TEMP000003,ocean,#1c0e97,1605,TRT000773,17,0,72,42,50,18,52,17,4827,1862,4882,1904,4860,1880,4862,1879
TRT000773-TEMP000004,ocean,#2f4d90,1235,TRT000773,72,3,118,44,91,22,92,21,4882,1865,4928,1906,4901,1884,4902,1883
TRT000774-TEMP000001,ocean,#2c2792,1568,TRT000774,0,5,41,61,22,34,22,33,4831,1769,4872,1825,4853,1798,4853,1797
TRT000774-TEMP000002,ocean,#091474,1860,TRT000774,8,51,55,100,33,76,36,75,4839,1815,4886,1864,4864,1840,4867,1839
TRT000774-TEMP000003,ocean,#0d23a6,1384,TRT000774,52,54,92,100,70,78,72,77,4883,1818,4923,1864,4901,1842,4903,1841
TRT000774-TEMP000004,ocean,#310893,1457,TRT000774,35,0,79,56,54,29,56,29,4866,1764,4910,1820,4885,1793,4887,1793
TRT000774-TEMP000005,ocean,#382a93,1119,TRT000774,64,23,108,67,86,46,87,45,4895,1787,4939,1831,4917,1810,4918,1809
TRT000775-TEMP000001,ocean,#1c0aa9,1573,TRT000775,36,23,81,75,57,50,55,55,4793,1801,4838,1853,4814,1828,4812,1833
TRT000775-TEMP000002,ocean,#130f9e,2236,TRT000775,0,0,79,44,37,19,37,21,4757,1778,4836,1822,4794,1797,4794,1799
TRT000775-TEMP000003,ocean,#1d16b3,1548,TRT000775,0,27,37,87,18,57,17,59,4757,1805,4794,1865,4775,1835,4774,1837
TRT000775-TEMP000004,ocean,#2b0187,943,TRT000775,53,50,88,98,74,75,74,75,4810,1828,4845,1876,4831,1853,4831,1853
TRT000775-TEMP000005,ocean,#09219b,1190,TRT000775,25,76,74,120,50,94,51,97,4782,1854,4831,1898,4807,1872,4808,1875
TRT000776-TEMP000001,ocean,#071097,1584,TRT000776,63,14,114,68,86,46,85,44,4904,1311,4955,1365,4927,1343,4926,1341
TRT000776-TEMP000002,ocean,#2b4365,979,TRT000776,20,34,66,68,42,51,44,54,4861,1331,4907,1365,4883,1348,4885,1351
TRT000776-TEMP000003,ocean,#1c37ac,1212,TRT000776,26,0,78,44,55,24,50,27,4867,1297,4919,1341,4896,1321,4891,1324
TRT000776-TEMP000004,ocean,#2c0ea2,881,TRT000776,0,40,30,109,13,66,13,67,4841,1337,4871,1406,4854,1363,4854,1364
TRT000777-TEMP000001,ocean,#202888,1175,TRT000777,79,31,127,73,101,53,100,53,4864,1262,4912,1304,4886,1284,4885,1284
TRT000777-TEMP000002,ocean,#1a249b,1760,TRT000777,29,21,79,73,58,49,58,52,4814,1252,4864,1304,4843,1280,4843,1283
TRT000777-TEMP000003,ocean,#1b26a0,858,TRT000777,70,58,111,96,88,75,88,76,4855,1289,4896,1327,4873,1306,4873,1307
TRT000777-TEMP000004,ocean,#364c82,1497,TRT000777,0,0,60,52,29,23,30,24,4785,1231,4845,1283,4814,1254,4815,1255
TRT000777-TEMP000005,ocean,#06067e,920,TRT000777,43,70,83,109,64,88,64,89,4828,1301,4868,1340,4849,1319,4849,1320
TRT000778-TEMP000001,ocean,#221297,1231,TRT000778,36,13,80,59,57,38,56,37,4946,1258,4990,1304,4967,1283,4966,1282
TRT000778-TEMP000002,ocean,#380da7,1282,TRT000778,0,22,39,73,19,48,18,46,4910,1267,4949,1318,4929,1293,4928,1291
TRT000778-TEMP000003,ocean,#391b72,1446,TRT000778,19,57,63,114,43,83,42,81,4929,1302,4973,1359,4953,1328,4952,1326
TRT000778-TEMP000004,ocean,#133c91,938,TRT000778,51,55,97,96,71,71,71,71,4961,1300,5007,1341,4981,1316,4981,1316
TRT000778-TEMP000005,ocean,#253091,960,TRT000778,14,0,64,35,38,17,38,16,4924,1245,4974,1280,4948,1262,4948,1261
TRT000779-TEMP000001,ocean,#171381,924,TRT000779,0,34,51,65,27,48,27,47,4808,1222,4859,1253,4835,1236,4835,1235
TRT000779-TEMP000002,ocean,#22127d,1344,TRT000779,34,0,93,44,63,25,63,25,4842,1188,4901,1232,4871,1213,4871,1213
TRT000779-TEMP000003,ocean,#1102ae,1715,TRT000779,82,40,136,94,104,67,102,65,4890,1228,4944,1282,4912,1255,4910,1253
TRT000779-TEMP000004,ocean,#26109f,1250,TRT000779,43,42,86,85,67,61,66,63,4851,1230,4894,1273,4875,1249,4874,1251
TRT000780-TEMP000001,ocean,#0f2b65,1399,TRT000780,9,0,66,42,38,21,39,22,4946,1359,5003,1401,4975,1380,4976,1381
TRT000780-TEMP000002,ocean,#080d6d,1384,TRT000780,0,27,53,73,28,49,28,50,4937,1386,4990,1432,4965,1408,4965,1409
TRT000780-TEMP000003,ocean,#362b64,1216,TRT000780,41,53,92,91,68,72,69,73,4978,1412,5029,1450,5005,1431,5006,1432
TRT000780-TEMP000004,ocean,#151e80,1338,TRT000780,52,19,96,64,75,42,77,44,4989,1378,5033,1423,5012,1401,5014,1403
TRT000781-TEMP000001,ocean,#2f3c93,1730,TRT000781,26,0,82,48,54,27,53,29,4989,1302,5045,1350,5017,1329,5016,1331
TRT000781-TEMP000002,ocean,#084d77,1154,TRT000781,0,23,43,72,24,50,22,51,4963,1325,5006,1374,4987,1352,4985,1353
TRT000781-TEMP000003,ocean,#2f4e9f,1211,TRT000781,35,44,78,88,58,64,58,66,4998,1346,5041,1390,5021,1366,5021,1368
TRT000782-TEMP000001,ocean,#1d29a8,880,TRT000782,6,39,45,74,24,55,23,56,4746,1287,4785,1322,4764,1303,4763,1304
TRT000782-TEMP000002,ocean,#261194,980,TRT000782,21,0,60,42,40,21,38,22,4761,1248,4800,1290,4780,1269,4778,1270
TRT000782-TEMP000003,ocean,#261168,1109,TRT000782,22,61,69,102,51,82,51,80,4762,1309,4809,1350,4791,1330,4791,1328
TRT000782-TEMP000004,ocean,#2225a4,1507,TRT000782,14,85,61,152,38,112,37,110,4754,1333,4801,1400,4778,1360,4777,1358
TRT000782-TEMP000005,ocean,#394eb0,668,TRT000782,0,14,28,48,13,31,12,31,4740,1262,4768,1296,4753,1279,4752,1279
TRT000782-TEMP000006,ocean,#04188e,1515,TRT000782,60,90,108,131,86,107,84,106,4800,1338,4848,1379,4826,1355,4824,1354
TRT000782-TEMP000007,ocean,#2d3688,1605,TRT000782,35,116,104,159,73,138,72,137,4775,1364,4844,1407,4813,1386,4812,1385
TRT000782-TEMP000008,ocean,#294a85,1078,TRT000782,40,16,82,60,60,42,60,41,4780,1264,4822,1308,4800,1290,4800,1289
TRT000782-TEMP000009,ocean,#32429f,1042,TRT000782,65,49,106,89,83,74,84,74,4805,1297,4846,1337,4823,1322,4824,1322
TRT000783-TEMP000001,ocean,#1e0da8,1118,TRT000783,14,42,53,94,33,64,33,63,5053,1335,5092,1387,5072,1357,5072,1356
TRT000783-TEMP000002,ocean,#2b43a8,1332,TRT000783,22,0,63,45,44,21,44,21,5061,1293,5102,1338,5083,1314,5083,1314
TRT000783-TEMP000003,ocean,#07089b,842,TRT000783,0,17,37,57,18,37,17,37,5039,1310,5076,1350,5057,1330,5056,1330
TRT000784-TEMP000001,ocean,#0b3592,2692,TRT000784,49,0,125,65,84,33,85,35,5480,1102,5556,1167,5515,1135,5516,1137
TRT000784-TEMP000002,ocean,#381eb2,2234,TRT000784,0,28,68,96,37,63,35,62,5431,1130,5499,1198,5468,1165,5466,1164
TRT000784-TEMP000003,ocean,#054a70,2430,TRT000784,36,62,103,134,73,96,70,95,5467,1164,5534,1236,5504,1198,5501,1197
TRT000784-TEMP000004,ocean,#34239d,2114,TRT000784,80,36,143,104,112,66,111,70,5511,1138,5574,1206,5543,1168,5542,1172
TRT000785-TEMP000001,ocean,#330a75,2100,TRT000785,40,0,116,44,77,18,75,17,5555,1153,5631,1197,5592,1171,5590,1170
TRT000785-TEMP000002,ocean,#271ca8,2203,TRT000785,60,13,116,71,93,48,93,46,5575,1166,5631,1224,5608,1201,5608,1199
TRT000785-TEMP000003,ocean,#1210ad,2419,TRT000785,0,27,67,96,34,64,34,64,5515,1180,5582,1249,5549,1217,5549,1217
TRT000785-TEMP000004,ocean,#1a1ea8,2017,TRT000785,73,70,116,118,96,94,97,94,5588,1223,5631,1271,5611,1247,5612,1247
TRT000785-TEMP000005,ocean,#340b88,2052,TRT000785,13,69,76,118,52,97,53,97,5528,1222,5591,1271,5567,1250,5568,1250
TRT000786-TEMP000001,ocean,#242099,2246,TRT000786,38,16,91,81,66,54,66,56,5416,1044,5469,1109,5444,1082,5444,1084
TRT000786-TEMP000002,ocean,#121e84,2840,TRT000786,60,0,136,46,102,20,101,20,5438,1028,5514,1074,5480,1048,5479,1048
TRT000786-TEMP000003,ocean,#312594,2037,TRT000786,42,81,101,134,68,105,67,106,5420,1109,5479,1162,5446,1133,5445,1134
TRT000786-TEMP000004,ocean,#210fae,1589,TRT000786,0,66,54,123,31,95,30,95,5378,1094,5432,1151,5409,1123,5408,1123
TRT000786-TEMP000005,ocean,#272279,2312,TRT000786,85,37,138,101,111,67,111,68,5463,1065,5516,1129,5489,1095,5489,1096
TRT000787-TEMP000001,ocean,#0d4490,3659,TRT000787,46,63,119,126,87,97,86,96,5558,1091,5631,1154,5599,1125,5598,1124
TRT000787-TEMP000002,ocean,#292392,2710,TRT000787,70,3,119,70,98,36,99,35,5582,1031,5631,1098,5610,1064,5611,1063
TRT000787-TEMP000003,ocean,#102c6e,2929,TRT000787,3,39,76,109,40,70,41,65,5515,1067,5588,1137,5552,1098,5553,1093
TRT000787-TEMP000004,ocean,#0f246c,1754,TRT000787,34,3,87,48,59,22,57,19,5546,1031,5599,1076,5571,1050,5569,1047
TRT000787-TEMP000005,ocean,#282164,1772,TRT000787,0,0,38,60,18,26,17,26,5512,1028,5550,1088,5530,1054,5529,1054
TRT000788-TEMP000001,ocean,#372064,1907,TRT000788,6,102,52,163,28,126,28,125,5546,963,5592,1024,5568,987,5568,986
TRT000788-TEMP000002,ocean,#162c91,2909,TRT000788,36,0,91,81,70,46,71,49,5576,861,5631,942,5610,907,5611,910
TRT000788-TEMP000003,ocean,#103269,2198,TRT000788,47,82,91,143,72,110,72,114,5587,943,5631,1004,5612,971,5612,975
TRT000788-TEMP000004,ocean,#214986,1985,TRT000788,22,132,91,169,60,154,59,155,5562,993,5631,1030,5600,1015,5599,1016
TRT000788-TEMP000005,ocean,#122fb0,2449,TRT000788,0,44,63,101,29,78,29,78,5540,905,5603,962,5569,939,5569,939
TRT000789-TEMP000001,ocean,#20297c,2609,TRT000789,0,0,54,76,24,36,23,36,5417,885,5471,961,5441,921,5440,921
TRT000789-TEMP000002,ocean,#2a4b72,2605,TRT000789,17,73,75,142,46,106,47,107,5434,958,5492,1027,5463,991,5464,992
TRT000789-TEMP000003,ocean,#11486f,1884,TRT000789,56,91,106,142,84,121,86,121,5473,976,5523,1027,5501,1006,5503,1006
TRT000789-TEMP000004,ocean,#3b439c,2400,TRT000789,73,39,132,102,104,74,104,75,5490,924,5549,987,5521,959,5521,960
TRT000789-TEMP000005,ocean,#0c3d9d,1499,TRT000789,104,93,146,145,122,123,124,124,5521,978,5563,1030,5539,1008,5541,1009
TRT000789-TEMP000006,ocean,#1b2194,2522,TRT000789,33,19,97,84,64,53,64,53,5450,904,5514,969,5481,938,5481,938
TRT000790-TEMP000001,ocean,#0f438b,2722,TRT000790,102,22,170,87,138,55,137,52,5529,826,5597,891,5565,859,5564,856
TRT000790-TEMP000002,ocean,#1c43a5,2602,TRT000790,82,67,160,130,117,98,118,96,5509,871,5587,934,5544,902,5545,900
TRT000790-TEMP000003,ocean,#052f9a,2311,TRT000790,55,40,110,116,83,74,80,72,5482,844,5537,920,5510,878,5507,876
TRT000790-TEMP000004,ocean,#2126a9,2775,TRT000790,152,0,204,78,182,38,182,38,5579,804,5631,882,5609,842,5609,842
TRT000790-TEMP000005,ocean,#14458f,1751,TRT000790,0,59,74,113,42,83,43,85,5427,863,5501,917,5469,887,5470,889
TRT000791-TEMP000001,ocean,#3229af,2215,TRT000791,55,62,111,116,81,85,82,89,5341,1312,5397,1366,5367,1335,5368,1339
TRT000791-TEMP000002,ocean,#230b84,2888,TRT000791,56,4,114,66,84,37,85,38,5342,1254,5400,1316,5370,1287,5371,1288
TRT000791-TEMP000003,ocean,#1b42a1,2627,TRT000791,0,61,56,125,30,88,32,89,5286,1311,5342,1375,5316,1338,5318,1339
TRT000791-TEMP000004,ocean,#11316c,1846,TRT000791,34,103,98,159,69,127,69,128,5320,1353,5384,1409,5355,1377,5355,1378
TRT000791-TEMP000005,ocean,#000ea5,3240,TRT000791,5,0,64,64,33,31,33,32,5291,1250,5350,1314,5319,1281,5319,1282
TRT000792-TEMP000001,ocean,#33088a,2854,TRT000792,46,0,114,62,83,27,85,28,5413,1292,5481,1354,5450,1319,5452,1320
TRT000792-TEMP000002,ocean,#1f2c9d,2517,TRT000792,17,0,69,80,42,44,41,49,5384,1292,5436,1372,5409,1336,5408,1341
TRT000792-TEMP000003,ocean,#161589,2431,TRT000792,0,77,64,129,31,106,30,108,5367,1369,5431,1421,5398,1398,5397,1400
TRT000792-TEMP000004,ocean,#2a15ac,2253,TRT000792,43,53,115,114,76,78,75,81,5410,1345,5482,1406,5443,1370,5442,1373
TRT000792-TEMP000005,ocean,#303d79,1955,TRT000792,107,2,169,63,129,25,132,23,5474,1294,5536,1355,5496,1317,5499,1315
TRT000793-TEMP000001,ocean,#200c7c,1914,TRT000793,87,83,135,134,112,110,115,110,5467,1248,5515,1299,5492,1275,5495,1275
TRT000793-TEMP000002,ocean,#2d3375,2247,TRT000793,71,39,139,97,102,71,104,71,5451,1204,5519,1262,5482,1236,5484,1236
TRT000793-TEMP000003,ocean,#1f439d,2373,TRT000793,20,76,86,128,59,107,58,108,5400,1241,5466,1293,5439,1272,5438,1273
TRT000793-TEMP000004,ocean,#2e468d,1662,TRT000793,133,78,181,134,151,111,153,111,5513,1243,5561,1299,5531,1276,5533,1276
TRT000793-TEMP000005,ocean,#3b2793,2806,TRT000793,26,0,94,76,59,42,61,44,5406,1165,5474,1241,5439,1207,5441,1209
TRT000793-TEMP000006,ocean,#304170,2140,TRT000793,0,46,56,122,27,83,26,81,5380,1211,5436,1287,5407,1248,5406,1246
TRT000794-TEMP000001,ocean,#072473,2126,TRT000794,77,4,128,68,101,35,103,37,5380,1136,5431,1200,5404,1167,5406,1169
TRT000794-TEMP000002,ocean,#003390,2658,TRT000794,6,0,83,59,49,30,53,29,5309,1132,5386,1191,5352,1162,5356,1161
TRT000794-TEMP000003,ocean,#014474,2052,TRT000794,48,44,106,99,76,72,75,72,5351,1176,5409,1231,5379,1204,5378,1204
TRT000794-TEMP000004,ocean,#2e4fa6,1651,TRT000794,25,83,91,123,58,105,60,107,5328,1215,5394,1255,5361,1237,5363,1239
TRT000794-TEMP000005,ocean,#373796,2750,TRT000794,0,36,49,117,22,78,22,79,5303,1168,5352,1249,5325,1210,5325,1211
TRT000795-TEMP000001,ocean,#0f199f,3157,TRT000795,43,60,118,127,84,94,84,92,5359,820,5434,887,5400,854,5400,852
TRT000795-TEMP000002,ocean,#133879,2258,TRT000795,0,20,65,89,32,55,31,53,5316,780,5381,849,5348,815,5347,813
TRT000795-TEMP000003,ocean,#31429f,2192,TRT000795,22,0,89,61,56,27,56,27,5338,760,5405,821,5372,787,5372,787
TRT000795-TEMP000004,ocean,#343c6e,2221,TRT000795,71,24,141,81,104,53,105,52,5387,784,5457,841,5420,813,5421,812
TRT000795-TEMP000005,ocean,#052878,3036,TRT000795,114,50,178,120,145,85,145,85,5430,810,5494,880,5461,845,5461,845
TRT000796-TEMP000001,ocean,#1f2c97,2248,TRT000796,62,37,133,91,97,64,93,63,5415,708,5486,762,5450,735,5446,734
TRT000796-TEMP000002,ocean,#1f1f9f,1646,TRT000796,45,0,105,57,75,32,76,30,5398,671,5458,728,5428,703,5429,701
TRT000796-TEMP000003,ocean,#301972,3066,TRT000796,91,73,149,151,122,112,120,111,5444,744,5502,822,5475,783,5473,782
TRT000796-TEMP000004,ocean,#214c8e,2125,TRT000796,0,44,65,105,37,76,36,76,5353,715,5418,776,5390,747,5389,747
TRT000796-TEMP000005,ocean,#1f2a93,1889,TRT000796,43,73,98,132,74,101,72,101,5396,744,5451,803,5427,772,5425,772
TRT000797-TEMP000001,ocean,#3a3b8a,2390,TRT000797,5,32,65,93,37,66,38,65,5496,735,5556,796,5528,769,5529,768
TRT000797-TEMP000002,ocean,#023f7d,1921,TRT000797,54,40,105,97,78,69,80,71,5545,743,5596,800,5569,772,5571,774
TRT000797-TEMP000003,ocean,#132d74,2516,TRT000797,58,0,140,52,100,25,98,26,5549,703,5631,755,5591,728,5589,729
TRT000797-TEMP000004,ocean,#084574,2172,TRT000797,101,23,140,102,124,64,125,60,5592,726,5631,805,5615,767,5616,763
TRT000797-TEMP000005,ocean,#1334ae,2998,TRT000797,0,86,61,154,28,118,28,117,5491,789,5552,857,5519,821,5519,820
TRT000797-TEMP000006,ocean,#383e99,2093,TRT000797,57,82,134,132,89,105,90,105,5548,785,5625,835,5580,808,5581,808
TRT000798-TEMP000001,ocean,#393a91,2036,TRT000798,0,0,52,57,26,28,26,25,5440,649,5492,706,5466,677,5466,674
TRT000798-TEMP000002,ocean,#3b1670,1721,TRT000798,47,11,102,63,71,37,71,36,5487,660,5542,712,5511,686,5511,685
TRT000798-TEMP000003,ocean,#341673,2288,TRT000798,19,45,81,114,55,77,49,72,5459,694,5521,763,5495,726,5489,721
TRT000798-TEMP000004,ocean,#012c66,2712,TRT000798,76,32,161,99,108,62,104,65,5516,681,5601,748,5548,711,5544,714
TRT000799-TEMP000001,ocean,#0e2c87,2230,TRT000799,68,102,130,159,103,135,104,136,5319,913,5381,970,5354,946,5355,947
TRT000799-TEMP000002,ocean,#033695,2865,TRT000799,34,74,102,146,67,106,69,106,5285,885,5353,957,5318,917,5320,917
TRT000799-TEMP000003,ocean,#0c146c,2396,TRT000799,62,21,125,87,91,57,92,55,5313,832,5376,898,5342,868,5343,866
TRT000799-TEMP000004,ocean,#0022a4,2572,TRT000799,97,58,168,116,132,88,132,88,5348,869,5419,927,5383,899,5383,899
TRT000799-TEMP000005,ocean,#3005ae,2640,TRT000799,0,26,64,98,32,60,34,61,5251,837,5315,909,5283,871,5285,872
TRT000799-TEMP000006,ocean,#224da1,2051,TRT000799,127,97,178,154,151,129,152,129,5378,908,5429,965,5402,940,5403,940
TRT000799-TEMP000007,ocean,#312587,2038,TRT000799,11,0,88,52,56,26,55,25,5262,811,5339,863,5307,837,5306,836
TRT000800-TEMP000001,ocean,#31158c,2182,TRT000800,0,130,73,171,33,153,34,154,5193,976,5266,1017,5226,999,5227,1000
TRT000800-TEMP000002,ocean,#033666,2182,TRT000800,11,82,67,141,41,113,39,116,5204,928,5260,987,5234,959,5232,962
TRT000800-TEMP000003,ocean,#0620ae,2918,TRT000800,31,0,95,90,59,55,59,57,5224,846,5288,936,5252,901,5252,903
TRT000800-TEMP000004,ocean,#1a4bb0,2595,TRT000800,60,72,119,147,85,108,85,109,5253,918,5312,993,5278,954,5278,955
TRT000801-TEMP000001,ocean,#303d9a,2141,TRT000801,32,48,93,100,66,71,60,70,5206,1066,5267,1118,5240,1089,5234,1088
TRT000801-TEMP000002,ocean,#040a7d,1312,TRT000801,0,28,50,72,26,46,24,46,5174,1046,5224,1090,5200,1064,5198,1064
TRT000801-TEMP000003,ocean,#0444ab,2367,TRT000801,47,0,115,58,76,31,70,29,5221,1018,5289,1076,5250,1049,5244,1047
TRT000801-TEMP000004,ocean,#251d6a,4464,TRT000801,87,40,167,136,126,90,121,86,5261,1058,5341,1154,5300,1108,5295,1104
TRT000801-TEMP000005,ocean,#202964,1231,TRT000801,8,0,56,35,32,16,28,16,5182,1018,5230,1053,5206,1034,5202,1034
TRT000802-TEMP000001,ocean,#383f84,2001,TRT000802,32,103,85,162,57,132,55,130,5357,1057,5410,1116,5382,1086,5380,1084
TRT000802-TEMP000002,ocean,#352287,2585,TRT000802,10,34,71,112,40,81,37,84,5335,988,5396,1066,5365,1035,5362,1038
TRT000802-TEMP000003,ocean,#151795,4718,TRT000802,38,0,121,76,84,41,83,44,5363,954,5446,1030,5409,995,5408,998
TRT000802-TEMP000004,ocean,#0c2bac,1618,TRT000802,0,106,37,163,17,134,17,138,5325,1060,5362,1117,5342,1088,5342,1092
TRT000802-TEMP000005,ocean,#02049f,1542,TRT000802,5,148,66,192,33,169,33,170,5330,1102,5391,1146,5358,1123,5358,1124
TRT000802-TEMP000006,ocean,#220798,2286,TRT000802,60,73,121,143,88,101,87,108,5385,1027,5446,1097,5413,1055,5412,1062
TRT000803-TEMP000001,ocean,#1e1576,2082,TRT000803,36,0,88,62,69,32,69,32,5272,956,5324,1018,5305,988,5305,988
TRT000803-TEMP000002,ocean,#3a3191,2624,TRT000803,51,57,111,126,81,88,82,87,5287,1013,5347,1082,5317,1044,5318,1043
TRT000803-TEMP000003,ocean,#3703a8,2039,TRT000803,0,34,67,97,38,64,38,66,5236,990,5303,1053,5274,1020,5274,1022
TRT000803-TEMP000004,ocean,#294166,1890,TRT000803,89,5,132,68,107,33,108,32,5325,961,5368,1024,5343,989,5344,988
TRT000804-TEMP000001,ocean,#2c1388,1741,TRT000804,20,93,79,141,52,119,52,118,5004,1077,5063,1125,5036,1103,5036,1102
TRT000804-TEMP000002,ocean,#0d318f,1716,TRT000804,46,53,99,107,72,78,72,79,5030,1037,5083,1091,5056,1062,5056,1063
TRT000804-TEMP000003,ocean,#1b0196,2131,TRT000804,0,0,48,67,27,42,28,44,4984,984,5032,1051,5011,1026,5012,1028
TRT000804-TEMP000004,ocean,#234d96,1596,TRT000804,43,9,96,63,64,40,65,41,5027,993,5080,1047,5048,1024,5049,1025
TRT000804-TEMP000005,ocean,#2e4880,1610,TRT000804,5,68,51,121,28,88,27,91,4989,1052,5035,1105,5012,1072,5011,1075
TRT000805-TEMP000001,ocean,#103a7f,1415,TRT000805,68,53,117,101,90,78,90,80,5005,1167,5054,1215,5027,1192,5027,1194
TRT000805-TEMP000002,ocean,#263364,2227,TRT000805,42,0,111,55,77,26,80,27,4979,1114,5048,1169,5014,1140,5017,1141
TRT000805-TEMP000003,ocean,#11197c,1359,TRT000805,35,42,79,95,59,69,57,71,4972,1156,5016,1209,4996,1183,4994,1185
TRT000805-TEMP000004,ocean,#0a3c78,1968,TRT000805,0,21,55,111,29,60,31,57,4937,1135,4992,1225,4966,1174,4968,1171
TRT000805-TEMP000005,ocean,#2121ae,1735,TRT000805,89,12,139,75,115,46,115,48,5026,1126,5076,1189,5052,1160,5052,1162
TRT000806-TEMP000001,ocean,#0d2a8a,2412,TRT000806,22,0,93,69,53,37,52,37,5073,1040,5144,1109,5104,1077,5103,1077
TRT000806-TEMP000002,ocean,#2e0da9,1393,TRT000806,0,62,60,114,29,85,31,83,5051,1102,5111,1154,5080,1125,5082,1123
TRT000806-TEMP000003,ocean,#3a158f,1013,TRT000806,0,29,45,84,22,59,19,61,5051,1069,5096,1124,5073,1099,5070,1101
TRT000807-TEMP000001,ocean,#2f148b,1858,TRT000807,111,7,170,64,134,41,134,41,4954,934,5013,991,4977,968,4977,968
TRT000807-TEMP000002,ocean,#2a33a1,1940,TRT000807,114,54,173,114,140,79,140,81,4957,981,5016,1041,4983,1006,4983,1008
TRT000807-TEMP000003,ocean,#2c3479,1887,TRT000807,66,0,122,57,97,32,95,34,4909,927,4965,984,4940,959,4938,961
TRT000807-TEMP000004,ocean,#110988,1877,TRT000807,60,55,114,102,87,77,88,77,4903,982,4957,1029,4930,1004,4931,1004
TRT000807-TEMP000005,ocean,#0c0fb0,1644,TRT000807,17,34,75,85,51,58,49,57,4860,961,4918,1012,4894,985,4892,984
TRT000807-TEMP000006,ocean,#0b47b2,1878,TRT000807,0,59,59,116,25,86,27,87,4843,986,4902,1043,4868,1013,4870,1014
TRT000807-TEMP000007,ocean,#2b4787,1606,TRT000807,71,85,133,127,100,107,101,108,4914,1012,4976,1054,4943,1034,4944,1035
TRT000807-TEMP000008,ocean,#1f1270,2118,TRT000807,10,92,75,140,43,119,45,120,4853,1019,4918,1067,4886,1046,4888,1047
TRT000808-TEMP000001,ocean,#033a9f,2039,TRT000808,0,13,61,70,35,38,35,38,4886,1052,4947,1109,4921,1077,4921,1077
TRT000808-TEMP000002,ocean,#0a0195,1968,TRT000808,38,48,93,111,68,77,68,75,4924,1087,4979,1150,4954,1116,4954,1114
TRT000808-TEMP000003,ocean,#301e82,1942,TRT000808,53,0,107,51,80,25,80,24,4939,1039,4993,1090,4966,1064,4966,1063
TRT000808-TEMP000004,ocean,#11477e,1539,TRT000808,79,35,120,94,100,64,101,64,4965,1074,5006,1133,4986,1103,4987,1103
TRT000809-TEMP000001,ocean,#172268,2102,TRT000809,16,32,78,82,46,60,45,61,4869,1093,4931,1143,4899,1121,4898,1122
TRT000809-TEMP000002,ocean,#141b66,1656,TRT000809,19,79,65,123,40,102,41,103,4872,1140,4918,1184,4893,1163,4894,1164
TRT000809-TEMP000003,ocean,#1d37b3,1823,TRT000809,58,59,106,113,81,90,81,91,4911,1120,4959,1174,4934,1151,4934,1152
TRT000809-TEMP000004,ocean,#0b078a,1392,TRT000809,58,114,98,165,79,134,79,136,4911,1175,4951,1226,4932,1195,4932,1197
TRT000809-TEMP000005,ocean,#172d8e,1667,TRT000809,0,0,53,53,23,26,23,25,4853,1061,4906,1114,4876,1087,4876,1086
TRT000810-TEMP000001,ocean,#3b219c,2495,TRT000810,62,44,122,89,94,65,93,65,5082,831,5142,876,5114,852,5113,852
TRT000810-TEMP000002,ocean,#223a9a,2465,TRT000810,54,0,132,43,92,24,93,23,5074,787,5152,830,5112,811,5113,810
TRT000810-TEMP000003,ocean,#191c87,3041,TRT000810,0,14,67,81,36,48,36,49,5020,801,5087,868,5056,835,5056,836
TRT000810-TEMP000004,ocean,#2c257c,2011,TRT000810,64,89,115,135,92,113,92,113,5084,876,5135,922,5112,900,5112,900
TRT000810-TEMP000005,ocean,#380980,2189,TRT000810,23,71,77,133,53,100,53,101,5043,858,5097,920,5073,887,5073,888
TRT000811-TEMP000001,ocean,#032182,3360,TRT000811,0,84,84,141,42,111,43,111,5100,1019,5184,1076,5142,1046,5143,1046
TRT000811-TEMP000002,ocean,#031d99,1982,TRT000811,14,17,56,87,37,58,37,59,5114,952,5156,1022,5137,993,5137,994
TRT000811-TEMP000003,ocean,#202e73,2158,TRT000811,53,40,101,101,76,66,73,61,5153,975,5201,1036,5176,1001,5173,996
TRT000811-TEMP000004,ocean,#2a0169,2326,TRT000811,35,0,115,44,73,22,76,20,5135,935,5215,979,5173,957,5176,955
TRT000812-TEMP000001,ocean,#0c456b,2436,TRT000812,39,0,96,62,70,29,73,31,5051,921,5108,983,5082,950,5085,952
TRT000812-TEMP000002,ocean,#0018aa,2524,TRT000812,0,18,67,90,35,56,37,56,5012,939,5079,1011,5047,977,5049,977
TRT000812-TEMP000003,ocean,#082f9b,2830,TRT000812,45,60,111,133,80,90,81,91,5057,981,5123,1054,5092,1011,5093,1012
TRT000812-TEMP000004,ocean,#0b3c9f,1754,TRT000812,85,2,128,65,106,28,108,26,5097,923,5140,986,5118,949,5120,947
TRT000813-TEMP000001,ocean,#140471,2603,TRT000813,60,11,123,74,89,41,87,41,5189,819,5252,882,5218,849,5216,849
TRT000813-TEMP000002,ocean,#33336b,2138,TRT000813,34,49,105,100,67,76,65,77,5163,857,5234,908,5196,884,5194,885
TRT000813-TEMP000003,ocean,#1502a5,2667,TRT000813,8,0,62,71,35,36,33,37,5137,808,5191,879,5164,844,5162,845
TRT000813-TEMP000004,ocean,#132982,2413,TRT000813,0,69,53,133,26,101,27,103,5129,877,5182,941,5155,909,5156,911
TRT000813-TEMP000005,ocean,#134c7a,1943,TRT000813,46,87,100,138,74,115,76,115,5175,895,5229,946,5203,923,5205,923
TRT000814-TEMP000001,ocean,#000a75,3333,TRT000814,17,0,92,81,55,43,54,47,4967,823,5042,904,5005,866,5004,870
TRT000814-TEMP000002,ocean,#191d89,2258,TRT000814,0,54,57,122,26,88,24,91,4950,877,5007,945,4976,911,4974,914
TRT000814-TEMP000003,ocean,#382faa,2278,TRT000814,30,88,96,154,62,121,62,120,4980,911,5046,977,5012,944,5012,943
TRT000814-TEMP000004,ocean,#051ead,2282,TRT000814,57,47,118,118,89,85,91,85,5007,870,5068,941,5039,908,5041,908
TRT000815-TEMP000001,ocean,#130769,1607,TRT000815,15,0,69,51,40,25,42,26,4496,1075,4550,1126,4521,1100,4523,1101
TRT000815-TEMP000002,ocean,#223fa3,1621,TRT000815,50,19,107,74,75,45,76,46,4531,1094,4588,1149,4556,1120,4557,1121
TRT000815-TEMP000003,ocean,#1c0f72,1129,TRT000815,0,29,47,76,20,53,20,54,4481,1104,4528,1151,4501,1128,4501,1129
TRT000815-TEMP000004,ocean,#000b9e,980,TRT000815,9,52,61,100,36,73,35,75,4490,1127,4542,1175,4517,1148,4516,1150
TRT000816-TEMP000001,ocean,#21488c,1125,TRT000816,49,51,97,86,74,66,76,68,4448,1180,4496,1215,4473,1195,4475,1197
TRT000816-TEMP000002,ocean,#142b6b,1223,TRT000816,94,58,140,103,115,78,115,78,4493,1187,4539,1232,4514,1207,4514,1207
TRT000816-TEMP000003,ocean,#2c2c9e,993,TRT000816,86,29,129,67,106,49,106,49,4485,1158,4528,1196,4505,1178,4505,1178
TRT000816-TEMP000004,ocean,#1d4c7c,1187,TRT000816,0,0,57,60,35,31,38,33,4399,1129,4456,1189,4434,1160,4437,1162
TRT000816-TEMP000005,ocean,#02209a,1196,TRT000816,74,85,117,129,92,107,92,108,4473,1214,4516,1258,4491,1236,4491,1237
TRT000816-TEMP000006,ocean,#0d086b,1125,TRT000816,57,15,97,50,75,34,76,34,4456,1144,4496,1179,4474,1163,4475,1163
TRT000817-TEMP000001,ocean,#2f1fa7,1149,TRT000817,35,13,77,66,55,40,53,43,4462,1075,4504,1128,4482,1102,4480,1105
TRT000817-TEMP000002,ocean,#1f0cad,1218,TRT000817,4,0,70,38,33,18,36,19,4431,1062,4497,1100,4460,1080,4463,1081
TRT000817-TEMP000003,ocean,#1f198c,1024,TRT000817,14,54,58,89,36,73,36,74,4441,1116,4485,1151,4463,1135,4463,1136
TRT000817-TEMP000004,ocean,#2102b1,980,TRT000817,0,21,36,69,19,45,18,47,4427,1083,4463,1131,4446,1107,4445,1109
TRT000818-TEMP000001,ocean,#0b45a4,1579,TRT000818,0,0,79,70,41,42,41,42,4369,1015,4448,1085,4410,1057,4410,1057
TRT000819-TEMP000001,ocean,#002a8c,1358,TRT000819,42,19,90,62,66,39,61,39,4540,1219,4588,1262,4564,1239,4559,1239
TRT000819-TEMP000002,ocean,#003872,1856,TRT000819,89,16,164,70,122,41,118,43,4587,1216,4662,1270,4620,1241,4616,1243
TRT000819-TEMP000003,ocean,#0d118d,1522,TRT000819,60,44,111,94,85,69,82,70,4558,1244,4609,1294,4583,1269,4580,1270
TRT000819-TEMP000004,ocean,#270b6c,799,TRT000819,0,37,31,78,15,56,14,57,4498,1237,4529,1278,4513,1256,4512,1257
TRT000819-TEMP000005,ocean,#244266,985,TRT000819,19,46,60,82,40,66,38,67,4517,1246,4558,1282,4538,1266,4536,1267
TRT000819-TEMP000006,ocean,#03307f,920,TRT000819,16,0,52,48,35,27,33,27,4514,1200,4550,1248,4533,1227,4531,1227
TRT000820-TEMP000001,ocean,#0f2670,1352,TRT000820,0,42,35,90,15,63,15,60,4416,1281,4451,1329,4431,1302,4431,1299
TRT000820-TEMP000002,ocean,#0327ae,1059,TRT000820,0,0,37,42,16,26,16,24,4416,1239,4453,1281,4432,1265,4432,1263
TRT000820-TEMP000003,ocean,#23269b,1016,TRT000820,34,10,83,53,55,33,55,32,4450,1249,4499,1292,4471,1272,4471,1271
TRT000820-TEMP000004,ocean,#101eb3,1362,TRT000820,23,48,65,92,46,70,44,70,4439,1287,4481,1331,4462,1309,4460,1309
TRT000820-TEMP000005,ocean,#363d85,1503,TRT000820,66,50,113,96,87,71,86,70,4482,1289,4529,1335,4503,1310,4502,1309
TRT000820-TEMP000006,ocean,#024ea2,1293,TRT000820,47,79,91,132,64,103,65,103,4463,1318,4507,1371,4480,1342,4481,1342
TRT000820-TEMP000007,ocean,#120fab,1644,TRT000820,4,85,55,140,31,110,31,109,4420,1324,4471,1379,4447,1349,4447,1348
TRT000821-TEMP000001,ocean,#0b0d7a,2282,TRT000821,48,3,107,62,80,30,83,28,5338,1568,5397,1627,5370,1595,5373,1593
TRT000821-TEMP000002,ocean,#0811a9,3334,TRT000821,0,13,73,84,38,52,39,51,5290,1578,5363,1649,5328,1617,5329,1616
TRT000821-TEMP000003,ocean,#1a106f,2830,TRT000821,65,47,134,112,104,78,106,78,5355,1612,5424,1677,5394,1643,5396,1643
TRT000821-TEMP000004,ocean,#131878,1786,TRT000821,101,0,154,50,123,23,125,22,5391,1565,5444,1615,5413,1588,5415,1587
TRT000821-TEMP000005,ocean,#3a099d,1741,TRT000821,118,24,184,75,150,50,149,52,5408,1589,5474,1640,5440,1615,5439,1617
TRT000821-TEMP000006,ocean,#1f2793,1838,TRT000821,132,54,198,114,159,82,162,80,5422,1619,5488,1679,5449,1647,5452,1645
TRT000822-TEMP000001,ocean,#33347c,2716,TRT000822,44,59,103,129,73,94,70,99,5463,1502,5522,1572,5492,1537,5489,1542
TRT000822-TEMP000002,ocean,#112bad,2248,TRT000822,48,126,111,187,78,156,78,156,5467,1569,5530,1630,5497,1599,5497,1599
TRT000822-TEMP000003,ocean,#3223b3,1869,TRT000822,4,109,67,166,39,134,39,136,5423,1552,5486,1609,5458,1577,5458,1579
TRT000822-TEMP000004,ocean,#204d6e,2396,TRT000822,85,77,149,150,113,116,112,115,5504,1520,5568,1593,5532,1559,5531,1558
TRT000822-TEMP000005,ocean,#3939a7,2112,TRT000822,0,56,47,123,22,90,21,91,5419,1499,5466,1566,5441,1533,5440,1534
TRT000822-TEMP000006,ocean,#012366,3121,TRT000822,6,0,85,77,42,44,44,47,5425,1443,5504,1520,5461,1487,5463,1490
TRT000823-TEMP000001,ocean,#0e3169,2689,TRT000823,34,26,111,90,70,61,67,54,5341,1446,5418,1510,5377,1481,5374,1474
TRT000823-TEMP000002,ocean,#30258e,2158,TRT000823,92,3,139,90,115,41,117,33,5399,1423,5446,1510,5422,1461,5424,1453
TRT000823-TEMP000003,ocean,#25019d,4360,TRT000823,0,86,97,169,48,127,53,124,5307,1506,5404,1589,5355,1547,5360,1544
TRT000823-TEMP000004,ocean,#003a80,1445,TRT000823,59,0,113,42,85,17,87,15,5366,1420,5420,1462,5392,1437,5394,1435
TRT000823-TEMP000005,ocean,#272086,1968,TRT000823,63,76,120,144,94,110,99,92,5370,1496,5427,1564,5401,1530,5406,1512
TRT000824-TEMP000001,ocean,#15038b,2661,TRT000824,7,26,73,85,38,57,37,57,5091,692,5157,751,5122,723,5121,723
TRT000824-TEMP000002,ocean,#1909b3,2796,TRT000824,59,32,118,98,87,71,87,72,5143,698,5202,764,5171,737,5171,738
TRT000824-TEMP000003,ocean,#314496,2526,TRT000824,7,81,69,135,37,104,40,106,5091,747,5153,801,5121,770,5124,772
TRT000824-TEMP000004,ocean,#061aa0,1994,TRT000824,0,0,67,45,27,21,26,19,5084,666,5151,711,5111,687,5110,685
TRT000824-TEMP000005,ocean,#310da2,1927,TRT000824,55,98,109,150,83,121,85,124,5139,764,5193,816,5167,787,5169,790
TRT000825-TEMP000001,ocean,#1f10a8,2422,TRT000825,73,87,138,139,101,109,103,108,5250,787,5315,839,5278,809,5280,808
TRT000825-TEMP000002,ocean,#02028d,2980,TRT000825,0,77,74,138,42,105,45,107,5177,777,5251,838,5219,805,5222,807
TRT000825-TEMP000003,ocean,#0d1265,2880,TRT000825,12,22,79,86,47,58,50,59,5189,722,5256,786,5224,758,5227,759
TRT000825-TEMP000004,ocean,#321184,1901,TRT000825,75,41,132,91,102,70,105,70,5252,741,5309,791,5279,770,5282,770
TRT000825-TEMP000005,ocean,#2f1b85,1947,TRT000825,50,0,111,55,83,28,85,27,5227,700,5288,755,5260,728,5262,727
TRT000826-TEMP000001,ocean,#3515b0,2864,TRT000826,0,42,87,111,51,77,51,76,5108,635,5195,704,5159,670,5159,669
TRT000826-TEMP000002,ocean,#39399e,2780,TRT000826,88,53,163,113,130,81,125,78,5196,646,5271,706,5238,674,5233,671
TRT000826-TEMP000003,ocean,#1c288a,1971,TRT000826,54,12,111,77,86,45,88,40,5162,605,5219,670,5194,638,5196,633
TRT000826-TEMP000004,ocean,#2847b0,2476,TRT000826,63,81,146,138,101,111,103,112,5171,674,5254,731,5209,704,5211,705
TRT000826-TEMP000005,ocean,#0c446b,1583,TRT000826,98,0,143,54,120,29,122,29,5206,593,5251,647,5228,622,5230,622
TRT000827-TEMP000001,ocean,#0819ad,2601,TRT000827,0,23,63,74,34,50,35,48,5068,556,5131,607,5102,583,5103,581
TRT000827-TEMP000002,ocean,#271566,2463,TRT000827,52,60,116,120,81,85,80,85,5120,593,5184,653,5149,618,5148,618
TRT000827-TEMP000003,ocean,#3b0790,2463,TRT000827,13,75,67,132,37,104,35,101,5081,608,5135,665,5105,637,5103,634
TRT000827-TEMP000004,ocean,#172881,2192,TRT000827,58,6,112,61,85,37,87,36,5126,539,5180,594,5153,570,5155,569
TRT000827-TEMP000005,ocean,#082971,1872,TRT000827,104,33,164,86,132,57,134,57,5172,566,5232,619,5200,590,5202,590
TRT000827-TEMP000006,ocean,#26356a,1682,TRT000827,98,0,153,41,125,19,126,20,5166,533,5221,574,5193,552,5194,553
TRT000828-TEMP000001,ocean,#031f85,1484,TRT000828,3,29,60,76,40,57,45,56,4720,901,4777,948,4757,929,4762,928
TRT000828-TEMP000002,ocean,#130ba9,1986,TRT000828,0,0,57,67,28,26,26,30,4717,872,4774,939,4745,898,4743,902
TRT000828-TEMP000003,ocean,#0d108f,1727,TRT000828,4,70,66,120,40,91,40,92,4721,942,4783,992,4757,963,4757,964
TRT000829-TEMP000001,ocean,#2a469b,2136,TRT000829,17,70,66,124,41,97,41,96,4729,823,4778,877,4753,850,4753,849
TRT000829-TEMP000002,ocean,#131490,1530,TRT000829,55,32,101,70,78,52,79,48,4767,785,4813,823,4790,805,4791,801
TRT000829-TEMP000003,ocean,#270c68,1759,TRT000829,0,19,54,75,29,50,30,49,4712,772,4766,828,4741,803,4742,802
TRT000829-TEMP000004,ocean,#031467,854,TRT000829,65,0,98,34,82,18,83,16,4777,753,4810,787,4794,771,4795,769
TRT000829-TEMP000005,ocean,#0a306a,1855,TRT000829,58,68,102,120,81,91,81,90,4770,821,4814,873,4793,844,4793,843
TRT000829-TEMP000006,ocean,#2c4264,1058,TRT000829,17,11,68,48,48,27,50,26,4729,764,4780,801,4760,780,4762,779
TRT000830-TEMP000001,ocean,#262772,1221,TRT000830,32,53,74,102,48,75,46,80,4802,912,4844,961,4818,934,4816,939
TRT000830-TEMP000002,ocean,#0e0f67,1829,TRT000830,0,6,44,60,22,35,23,39,4770,865,4814,919,4792,894,4793,898
TRT000830-TEMP000003,ocean,#0b40b0,2164,TRT000830,33,0,87,60,60,30,59,31,4803,859,4857,919,4830,889,4829,890
TRT000830-TEMP000004,ocean,#140899,957,TRT000830,6,60,33,99,20,79,19,81,4776,919,4803,958,4790,938,4789,940
TRT000830-TEMP000005,ocean,#112270,883,TRT000830,12,98,44,133,26,114,26,116,4782,957,4814,992,4796,973,4796,975
TRT000831-TEMP000001,ocean,#0f2791,1649,TRT000831,36,31,78,107,58,73,58,71,4693,815,4735,891,4715,857,4715,855
TRT000831-TEMP000002,ocean,#3512b2,1333,TRT000831,13,14,68,87,39,53,35,59,4670,798,4725,871,4696,837,4692,843
TRT000831-TEMP000003,ocean,#1d346b,1210,TRT000831,0,0,51,47,23,26,26,26,4657,784,4708,831,4680,810,4683,810
TRT000832-TEMP000001,ocean,#2c1f64,1585,TRT000832,9,76,54,130,29,102,30,103,4812,813,4857,867,4832,839,4833,840
TRT000832-TEMP000002,ocean,#344482,1574,TRT000832,53,65,104,116,79,92,79,91,4856,802,4907,853,4882,829,4882,828
TRT000832-TEMP000003,ocean,#1e0665,1351,TRT000832,84,46,136,100,108,73,108,72,4887,783,4939,837,4911,810,4911,809
TRT000832-TEMP000004,ocean,#230a8a,1642,TRT000832,56,7,106,65,80,39,81,39,4859,744,4909,802,4883,776,4884,776
TRT000832-TEMP000005,ocean,#332ba1,1402,TRT000832,0,11,40,77,18,44,17,46,4803,748,4843,814,4821,781,4820,783
TRT000832-TEMP000006,ocean,#054574,1617,TRT000832,11,0,73,44,45,20,44,21,4814,737,4876,781,4848,757,4847,758
TRT000832-TEMP000007,ocean,#183e74,1557,TRT000832,21,43,74,90,48,66,47,66,4824,780,4877,827,4851,803,4850,803
TRT000832-TEMP000008,ocean,#1a2e6f,1153,TRT000832,33,97,81,141,56,121,57,122,4836,834,4884,878,4859,858,4860,859
TRT000833-TEMP000001,ocean,#36439f,1435,TRT000833,67,31,122,80,92,58,93,58,4866,922,4921,971,4891,949,4892,949
TRT000833-TEMP000002,ocean,#214698,1878,TRT000833,32,0,89,59,61,34,62,34,4831,891,4888,950,4860,925,4861,925
TRT000833-TEMP000003,ocean,#2e1e9f,1378,TRT000833,40,57,80,111,54,79,54,82,4839,948,4879,1002,4853,970,4853,973
TRT000833-TEMP000004,ocean,#1e1f67,1559,TRT000833,0,49,39,111,25,85,26,82,4799,940,4838,1002,4824,976,4825,973
TRT000834-TEMP000001,ocean,#3906a8,2011,TRT000834,0,51,64,103,31,75,35,76,4857,868,4921,920,4888,892,4892,893
TRT000834-TEMP000002,ocean,#010a9b,1245,TRT000834,57,73,99,123,78,94,79,97,4914,890,4956,940,4935,911,4936,914
TRT000834-TEMP000003,ocean,#1b2d68,1626,TRT000834,63,34,118,81,90,58,90,59,4920,851,4975,898,4947,875,4947,876
TRT000834-TEMP000004,ocean,#33339a,1434,TRT000834,15,17,69,66,47,44,45,43,4872,834,4926,883,4904,861,4902,860
TRT000834-TEMP000005,ocean,#25057c,1114,TRT000834,32,88,78,137,57,112,56,113,4889,905,4935,954,4914,929,4913,930
TRT000834-TEMP000006,ocean,#252aa2,1628,TRT000834,56,0,116,45,83,24,83,25,4913,817,4973,862,4940,841,4940,842
TRT000835-TEMP000001,ocean,#3637a6,2571,TRT000835,43,51,89,122,64,87,63,88,4496,2040,4542,2111,4517,2076,4516,2077
TRT000835-TEMP000002,ocean,#252093,3669,TRT000835,0,0,70,62,35,31,37,30,4453,1989,4523,2051,4488,2020,4490,2019
TRT000835-TEMP000003,ocean,#1500a8,2347,TRT000835,0,53,44,122,25,89,24,89,4453,2042,4497,2111,4478,2078,4477,2078
TRT000835-TEMP000004,ocean,#0f0088,3020,TRT000835,68,6,131,63,99,33,101,36,4521,1995,4584,2052,4552,2022,4554,2025
TRT000835-TEMP000005,ocean,#0a1d65,1538,TRT000835,72,87,131,122,103,109,103,109,4525,2076,4584,2111,4556,2098,4556,2098
TRT000835-TEMP000006,ocean,#15417c,1659,TRT000835,87,50,131,101,112,75,114,78,4540,2039,4584,2090,4565,2064,4567,2067
TRT000836-TEMP000001,ocean,#2224a3,2085,TRT000836,20,38,81,89,56,61,60,57,4484,1903,4545,1954,4520,1926,4524,1922
TRT000836-TEMP000002,ocean,#080c8c,3237,TRT000836,0,65,68,130,34,101,37,100,4464,1930,4532,1995,4498,1966,4501,1965
TRT000836-TEMP000003,ocean,#26078a,2657,TRT000836,64,82,120,136,93,108,96,108,4528,1947,4584,2001,4557,1973,4560,1973
TRT000836-TEMP000004,ocean,#2c03a4,1890,TRT000836,80,22,118,82,98,57,100,56,4544,1887,4582,1947,4562,1922,4564,1921
TRT000836-TEMP000005,ocean,#2035af,1497,TRT000836,29,0,92,44,59,26,57,25,4493,1865,4556,1909,4523,1891,4521,1890
TRT000837-TEMP000001,ocean,#250d91,2812,TRT000837,66,0,152,64,108,32,105,34,4422,1831,4508,1895,4464,1863,4461,1865
TRT000837-TEMP000002,ocean,#05178c,3041,TRT000837,0,37,87,105,50,69,49,71,4356,1868,4443,1936,4406,1900,4405,1902
TRT000837-TEMP000003,ocean,#1c397d,2408,TRT000837,58,73,126,138,94,105,94,108,4414,1904,4482,1969,4450,1936,4450,1939
TRT000837-TEMP000004,ocean,#181d66,2265,TRT000837,85,29,157,100,123,64,123,66,4441,1860,4513,1931,4479,1895,4479,1897
TRT000838-TEMP000001,ocean,#222c71,2439,TRT000838,88,46,142,118,114,82,115,83,4412,1946,4466,2018,4438,1982,4439,1983
TRT000838-TEMP000002,ocean,#102299,1517,TRT000838,56,84,118,126,85,109,85,110,4380,1984,4442,2026,4409,2009,4409,2010
TRT000838-TEMP000003,ocean,#25317a,1938,TRT000838,31,59,87,110,61,80,61,83,4355,1959,4411,2010,4385,1980,4385,1983
TRT000838-TEMP000004,ocean,#030193,2058,TRT000838,0,78,55,133,26,105,26,108,4324,1978,4379,2033,4350,2005,4350,2008
TRT000838-TEMP000005,ocean,#151697,2376,TRT000838,28,0,103,61,62,35,64,36,4352,1900,4427,1961,4386,1935,4388,1936
TRT000838-TEMP000006,ocean,#303688,2670,TRT000838,0,4,47,80,20,47,21,50,4324,1904,4371,1980,4344,1947,4345,1950
TRT000839-TEMP000001,ocean,#1e037d,1994,TRT000839,57,53,114,96,81,77,84,78,4389,2068,4446,2111,4413,2092,4416,2093
TRT000839-TEMP000002,ocean,#284887,2531,TRT000839,53,0,120,52,83,27,82,27,4385,2015,4452,2067,4415,2042,4414,2042
TRT000839-TEMP000003,ocean,#1823b1,2615,TRT000839,0,46,58,96,30,74,31,72,4332,2061,4390,2111,4362,2089,4363,2087
TRT000839-TEMP000004,ocean,#0b327b,1818,TRT000839,89,20,131,96,114,61,114,58,4421,2035,4463,2111,4446,2076,4446,2073
TRT000839-TEMP000005,ocean,#394395,2094,TRT000839,0,12,53,57,26,32,24,31,4332,2027,4385,2072,4358,2047,4356,2046
TRT000840-TEMP000001,ocean,#3a4582,1090,TRT000840,0,37,43,85,22,61,21,63,4529,1038,4572,1086,4551,1062,4550,1064
TRT000840-TEMP000002,ocean,#062966,1312,TRT000840,37,25,84,68,60,49,60,48,4566,1026,4613,1069,4589,1050,4589,1049
TRT000840-TEMP000003,ocean,#280fb3,1148,TRT000840,43,69,80,118,60,92,59,89,4572,1070,4609,1119,4589,1093,4588,1090
TRT000840-TEMP000004,ocean,#1703ad,1245,TRT000840,20,0,64,44,41,22,40,22,4549,1001,4593,1045,4570,1023,4569,1023
TRT000840-TEMP000005,ocean,#37309b,1038,TRT000840,66,52,102,101,84,76,85,77,4595,1053,4631,1102,4613,1077,4614,1078
TRT000840-TEMP000006,ocean,#1d1169,834,TRT000840,5,65,50,101,32,83,33,84,4534,1066,4579,1102,4561,1084,4562,1085
TRT000841-TEMP000001,ocean,#203a91,1263,TRT000841,8,43,60,84,35,60,36,61,4590,1011,4642,1052,4617,1028,4618,1029
TRT000841-TEMP000002,ocean,#0915aa,1110,TRT000841,33,66,79,114,56,87,55,88,4615,1034,4661,1082,4638,1055,4637,1056
TRT000841-TEMP000003,ocean,#224c76,1290,TRT000841,44,5,88,58,62,34,63,35,4626,973,4670,1026,4644,1002,4645,1003
TRT000841-TEMP000004,ocean,#0b17af,1298,TRT000841,60,38,112,86,84,61,84,63,4642,1006,4694,1054,4666,1029,4666,1031
TRT000841-TEMP000005,ocean,#3624a7,1458,TRT000841,0,0,53,51,28,27,28,27,4582,968,4635,1019,4610,995,4610,995
TRT000842-TEMP000001,ocean,#111c7c,1089,TRT000842,65,24,106,70,84,45,85,43,4522,999,4563,1045,4541,1020,4542,1018
TRT000842-TEMP000002,ocean,#2a2e83,1532,TRT000842,42,60,87,109,63,83,63,82,4499,1035,4544,1084,4520,1058,4520,1057
TRT000842-TEMP000003,ocean,#0c0faa,811,TRT000842,56,0,103,37,78,21,77,20,4513,975,4560,1012,4535,996,4534,995
TRT000842-TEMP000004,ocean,#2a0aa8,1291,TRT000842,22,27,67,70,47,49,47,48,4479,1002,4524,1045,4504,1024,4504,1023
TRT000842-TEMP000005,ocean,#1c4dad,1556,TRT000842,0,52,43,99,22,78,22,78,4457,1027,4500,1074,4479,1053,4479,1053
TRT000843-TEMP000001,ocean,#154a86,1266,TRT000843,11,44,62,88,40,67,44,68,4380,1006,4431,1050,4409,1029,4413,1030
TRT000843-TEMP000002,ocean,#2b41b3,989,TRT000843,50,27,92,71,69,54,71,55,4419,989,4461,1033,4438,1016,4440,1017
TRT000843-TEMP000003,ocean,#091f87,2070,TRT000843,0,0,57,62,26,33,27,34,4369,962,4426,1024,4395,995,4396,996
TRT000843-TEMP000004,ocean,#1b2cae,856,TRT000843,54,69,90,102,76,85,77,86,4423,1031,4459,1064,4445,1047,4446,1048
TRT000844-TEMP000001,ocean,#150490,1224,TRT000844,0,23,43,71,20,51,21,51,4522,912,4565,960,4542,940,4543,940
TRT000844-TEMP000002,ocean,#162397,1666,TRT000844,45,59,92,112,62,85,62,84,4567,948,4614,1001,4584,974,4584,973
TRT000844-TEMP000003,ocean,#001fa3,1259,TRT000844,25,18,70,63,49,41,49,38,4547,907,4592,952,4571,930,4571,927
TRT000844-TEMP000004,ocean,#1f3090,1249,TRT000844,5,64,44,111,28,84,27,84,4527,953,4566,1000,4550,973,4549,973
TRT000844-TEMP000005,ocean,#343f6f,1503,TRT000844,65,37,113,88,91,59,91,57,4587,926,4635,977,4613,948,4613,946
TRT000844-TEMP000006,ocean,#2a2ba0,795,TRT000844,30,0,74,27,53,13,55,12,4552,889,4596,916,4575,902,4577,901
TRT000844-TEMP000007,ocean,#3208aa,928,TRT000844,64,8,102,45,82,28,82,26,4586,897,4624,934,4604,917,4604,915
TRT000845-TEMP000001,ocean,#263370,1297,TRT000845,18,27,69,71,42,50,41,47,4644,950,4695,994,4668,973,4667,970
TRT000845-TEMP000002,ocean,#3a478c,1396,TRT000845,68,30,119,80,94,54,91,55,4694,953,4745,1003,4720,977,4717,978
TRT000845-TEMP000003,ocean,#370788,1125,TRT000845,0,9,38,56,19,30,19,30,4626,932,4664,979,4645,953,4645,953
TRT000845-TEMP000004,ocean,#2d258e,1279,TRT000845,35,52,86,98,62,76,60,77,4661,975,4712,1021,4688,999,4686,1000
TRT000845-TEMP000005,ocean,#0d4474,1249,TRT000845,33,0,79,41,57,20,56,17,4659,923,4705,964,4683,943,4682,940
TRT000846-TEMP000001,ocean,#0d2480,1471,TRT000846,0,18,47,73,22,45,22,44,4470,851,4517,906,4492,878,4492,877
TRT000846-TEMP000002,ocean,#0e058f,1685,TRT000846,24,49,82,103,53,74,53,73,4494,882,4552,936,4523,907,4523,906
TRT000846-TEMP000003,ocean,#060899,934,TRT000846,64,6,98,71,82,44,82,42,4534,839,4568,904,4552,877,4552,875
TRT000846-TEMP000004,ocean,#3b2765,1265,TRT000846,16,0,71,42,45,18,44,18,4486,833,4541,875,4515,851,4514,851
TRT000847-TEMP000001,ocean,#0a2071,1304,TRT000847,45,49,87,101,62,72,62,71,4595,849,4637,901,4612,872,4612,871
TRT000847-TEMP000002,ocean,#1e4575,1509,TRT000847,48,15,98,60,73,38,74,37,4598,815,4648,860,4623,838,4624,837
TRT000847-TEMP000003,ocean,#3b369a,1431,TRT000847,0,19,52,65,28,45,28,46,4550,819,4602,865,4578,845,4578,846
TRT000847-TEMP000004,ocean,#1507aa,1022,TRT000847,9,61,53,98,31,77,31,77,4559,861,4603,898,4581,877,4581,877
TRT000847-TEMP000005,ocean,#064e92,844,TRT000847,80,0,114,49,99,22,100,20,4630,800,4664,849,4649,822,4650,820
TRT000848-TEMP000001,ocean,#3b0e99,1364,TRT000848,0,41,47,89,25,68,25,68,4612,862,4659,910,4637,889,4637,889
TRT000848-TEMP000002,ocean,#160f64,1125,TRT000848,43,37,86,75,64,57,64,57,4655,858,4698,896,4676,878,4676,878
TRT000848-TEMP000003,ocean,#144f8a,1165,TRT000848,6,79,55,115,32,97,32,98,4618,900,4667,936,4644,918,4644,919
TRT000848-TEMP000004,ocean,#3a4477,1218,TRT000848,47,67,89,107,69,86,69,86,4659,888,4701,928,4681,907,4681,907
TRT000848-TEMP000005,ocean,#031489,1060,TRT000848,26,0,69,50,49,30,49,29,4638,821,4681,871,4661,851,4661,850
TRT000849-TEMP000001,ocean,#1e3ea0,995,TRT000849,0,0,50,39,28,17,28,16,5002,506,5052,545,5030,523,5030,522
TRT000849-TEMP000002,ocean,#3b428f,1198,TRT000849,38,3,85,48,61,29,60,30,5040,509,5087,554,5063,535,5062,536
TRT000849-TEMP000003,ocean,#3a4081,1181,TRT000849,29,39,87,69,56,56,56,57,5031,545,5089,575,5058,562,5058,563
TRT000850-TEMP000001,ocean,#142b96,969,TRT000850,62,67,104,108,80,88,81,89,4956,556,4998,597,4974,577,4975,578
TRT000850-TEMP000002,ocean,#1c15ac,1093,TRT000850,25,80,64,128,44,102,44,102,4919,569,4958,617,4938,591,4938,591
TRT000850-TEMP000003,ocean,#2f1287,1404,TRT000850,51,12,97,63,72,38,73,40,4945,501,4991,552,4966,527,4967,529
TRT000850-TEMP000004,ocean,#21329d,1077,TRT000850,28,52,76,92,54,73,55,74,4922,541,4970,581,4948,562,4949,563
TRT000850-TEMP000005,ocean,#2005b0,1543,TRT000850,0,0,62,36,33,20,33,20,4894,489,4956,525,4927,509,4927,509
TRT000850-TEMP000006,ocean,#0904a5,1093,TRT000850,76,38,114,85,98,61,99,62,4970,527,5008,574,4992,550,4993,551
TRT000850-TEMP000007,ocean,#3a36a2,1222,TRT000850,10,37,55,79,32,53,33,52,4904,526,4949,568,4926,542,4927,541
TRT000851-TEMP000001,ocean,#2e4cab,1318,TRT000851,52,35,100,82,77,60,77,59,4988,453,5036,500,5013,478,5013,477
TRT000851-TEMP000002,ocean,#174973,1458,TRT000851,0,41,53,91,29,66,29,68,4936,459,4989,509,4965,484,4965,486
TRT000851-TEMP000003,ocean,#3b41a6,1086,TRT000851,34,66,78,112,57,89,58,90,4970,484,5014,530,4993,507,4994,508
TRT000851-TEMP000004,ocean,#030a85,1449,TRT000851,33,0,83,57,59,31,57,33,4969,418,5019,475,4995,449,4993,451
TRT000852-TEMP000001,ocean,#0b46a6,988,TRT000852,42,35,77,77,60,56,58,53,4854,532,4889,574,4872,553,4870,550
TRT000852-TEMP000002,ocean,#314069,1221,TRT000852,21,63,69,106,44,83,42,82,4833,560,4881,603,4856,580,4854,579
TRT000852-TEMP000003,ocean,#0f11a6,1357,TRT000852,39,86,87,136,63,112,63,111,4851,583,4899,633,4875,609,4875,608
TRT000852-TEMP000004,ocean,#212a7d,1826,TRT000852,69,69,123,120,95,95,93,93,4881,566,4935,617,4907,592,4905,590
TRT000852-TEMP000005,ocean,#0a419b,644,TRT000852,0,47,33,81,17,62,15,62,4812,544,4845,578,4829,559,4827,559
TRT000852-TEMP000006,ocean,#25426a,1097,TRT000852,70,24,105,72,85,50,85,48,4882,521,4917,569,4897,547,4897,545
TRT000852-TEMP000007,ocean,#354471,1171,TRT000852,39,0,88,36,65,19,64,18,4851,497,4900,533,4877,516,4876,515
TRT000852-TEMP000008,ocean,#242f89,723,TRT000852,18,20,50,65,37,44,34,45,4830,517,4862,562,4849,541,4846,542
TRT000853-TEMP000001,ocean,#3940a7,3877,TRT000853,0,33,80,115,46,78,47,76,4229,1642,4309,1724,4275,1687,4276,1685
TRT000853-TEMP000002,ocean,#164386,2121,TRT000853,65,76,140,114,101,98,103,99,4294,1685,4369,1723,4330,1707,4332,1708
TRT000853-TEMP000003,ocean,#0420a3,2148,TRT000853,75,32,141,83,109,59,108,61,4304,1641,4370,1692,4338,1668,4337,1670
TRT000853-TEMP000004,ocean,#1f2d6a,2445,TRT000853,54,0,135,53,93,27,97,26,4283,1609,4364,1662,4322,1636,4326,1635
TRT000853-TEMP000005,ocean,#25018e,2336,TRT000853,128,38,188,112,152,75,154,75,4357,1647,4417,1721,4381,1684,4383,1684
TRT000854-TEMP000001,ocean,#13476e,2183,TRT000854,46,0,107,45,75,19,71,18,4311,1722,4372,1767,4340,1741,4336,1740
TRT000854-TEMP000002,ocean,#1d2f79,2226,TRT000854,61,26,107,90,88,61,88,57,4326,1748,4372,1812,4353,1783,4353,1779
TRT000854-TEMP000003,ocean,#2f0fb3,1918,TRT000854,0,2,50,55,27,25,25,25,4265,1724,4315,1777,4292,1747,4290,1747
TRT000854-TEMP000004,ocean,#302086,2285,TRT000854,16,42,74,95,44,71,44,71,4281,1764,4339,1817,4309,1793,4309,1793
TRT000855-TEMP000001,ocean,#04159a,3225,TRT000855,17,108,88,180,47,139,47,139,4217,1804,4288,1876,4247,1835,4247,1835
TRT000855-TEMP000002,ocean,#3117a3,2510,TRT000855,33,48,90,123,62,88,62,87,4233,1744,4290,1819,4262,1784,4262,1783
TRT000855-TEMP000003,ocean,#302983,2215,TRT000855,0,43,49,112,22,75,22,73,4200,1739,4249,1808,4222,1771,4222,1769
TRT000855-TEMP000004,ocean,#17238f,2617,TRT000855,0,0,72,57,35,31,35,30,4200,1696,4272,1753,4235,1727,4235,1726
TRT000856-TEMP000001,ocean,#0e3e66,1917,TRT000856,27,49,83,110,57,79,59,77,4399,1725,4455,1786,4429,1755,4431,1753
TRT000856-TEMP000002,ocean,#2f1e67,2409,TRT000856,52,93,107,154,84,121,84,123,4424,1769,4479,1830,4456,1797,4456,1799
TRT000856-TEMP000003,ocean,#0f1a85,2587,TRT000856,0,63,53,134,21,100,22,102,4372,1739,4425,1810,4393,1776,4394,1778
TRT000856-TEMP000004,ocean,#07406b,3079,TRT000856,1,0,78,67,39,37,39,37,4373,1676,4450,1743,4411,1713,4411,1713
TRT000856-TEMP000005,ocean,#2b4ea2,1883,TRT000856,1,118,61,177,35,143,37,147,4373,1794,4433,1853,4407,1819,4409,1823
TRT000856-TEMP000006,ocean,#16188f,1942,TRT000856,67,27,109,95,90,64,91,65,4439,1703,4481,1771,4462,1740,4463,1741
TRT000856-TEMP000007,ocean,#3b3586,1555,TRT000856,43,138,106,190,68,162,69,162,4415,1814,4478,1866,4440,1838,4441,1838
TRT000857-TEMP000001,ocean,#283691,3163,TRT000857,0,9,74,91,40,55,44,54,4247,1819,4321,1901,4287,1865,4291,1864
TRT000857-TEMP000002,ocean,#00136f,2014,TRT000857,43,3,104,50,78,24,83,22,4290,1813,4351,1860,4325,1834,4330,1832
TRT000857-TEMP000003,ocean,#022075,2740,TRT000857,58,47,127,111,90,77,94,75,4305,1857,4374,1921,4337,1887,4341,1885
TRT000857-TEMP000004,ocean,#1d4268,1687,TRT000857,117,25,177,77,145,52,146,51,4364,1835,4424,1887,4392,1862,4393,1861
TRT000857-TEMP000005,ocean,#214586,1636,TRT000857,100,0,147,53,119,26,121,25,4347,1810,4394,1863,4366,1836,4368,1835
TRT000858-TEMP000001,ocean,#0c247e,2697,TRT000858,93,0,152,70,117,37,114,38,4210,1858,4269,1928,4234,1895,4231,1896
TRT000858-TEMP000002,ocean,#2a4a7c,1804,TRT000858,0,43,73,93,43,66,44,67,4117,1901,4190,1951,4160,1924,4161,1925
TRT000858-TEMP000003,ocean,#3128b1,2173,TRT000858,64,57,127,114,94,83,95,85,4181,1915,4244,1972,4211,1941,4212,1943
TRT000858-TEMP000004,ocean,#1e0d74,1690,TRT000858,48,4,92,66,76,38,72,38,4165,1862,4209,1924,4193,1896,4189,1896
TRT000859-TEMP000001,ocean,#251069,2589,TRT000859,37,0,107,59,70,32,67,33,4107,1921,4177,1980,4140,1953,4137,1954
TRT000859-TEMP000002,ocean,#023091,1929,TRT000859,0,8,54,79,31,44,29,45,4070,1929,4124,2000,4101,1965,4099,1966
TRT000859-TEMP000003,ocean,#342386,2388,TRT000859,37,59,101,119,71,83,71,85,4107,1980,4171,2040,4141,2004,4141,2006
TRT000859-TEMP000004,ocean,#082c78,2980,TRT000859,91,30,157,97,124,66,123,65,4161,1951,4227,2018,4194,1987,4193,1986
TRT000859-TEMP000005,ocean,#341a6c,2553,TRT000859,76,88,144,154,109,116,110,115,4146,2009,4214,2075,4179,2037,4180,2036
TRT000860-TEMP000001,ocean,#021e72,2798,TRT000860,0,47,54,123,28,90,27,90,4219,1934,4273,2010,4247,1977,4246,1977
TRT000860-TEMP000002,ocean,#060972,3135,TRT000860,24,0,104,61,65,35,65,36,4243,1887,4323,1948,4284,1922,4284,1923
TRT000860-TEMP000003,ocean,#240f9e,1914,TRT000860,51,83,112,136,86,112,88,111,4270,1970,4331,2023,4305,1999,4307,1998
TRT000860-TEMP000004,ocean,#2e197a,2250,TRT000860,43,52,104,107,74,76,70,79,4262,1939,4323,1994,4293,1963,4289,1966
TRT000861-TEMP000001,ocean,#34148c,2045,TRT000861,20,0,69,60,50,32,49,32,4197,2006,4246,2066,4227,2038,4226,2038
TRT000861-TEMP000002,ocean,#1c3aa3,2374,TRT000861,68,2,113,66,89,32,88,33,4245,2008,4290,2072,4266,2038,4265,2039
TRT000861-TEMP000003,ocean,#0901a3,2833,TRT000861,92,56,154,105,123,83,121,82,4269,2062,4331,2111,4300,2089,4298,2088
TRT000861-TEMP000004,ocean,#202480,2347,TRT000861,37,56,92,105,66,83,63,84,4214,2062,4269,2111,4243,2089,4240,2090
TRT000861-TEMP000005,ocean,#1230ad,2192,TRT000861,0,44,44,105,21,78,20,77,4177,2050,4221,2111,4198,2084,4197,2083
TRT000861-TEMP000006,ocean,#160da2,2147,TRT000861,111,9,154,66,133,36,134,36,4288,2015,4331,2072,4310,2042,4311,2042
TRT000862-TEMP000001,ocean,#16079e,1832,TRT000862,37,107,89,151,63,131,64,133,4086,2067,4138,2111,4112,2091,4113,2093
TRT000862-TEMP000002,ocean,#050498,2469,TRT000862,38,44,100,106,65,80,65,80,4087,2004,4149,2066,4114,2040,4114,2040
TRT000862-TEMP000003,ocean,#393269,2331,TRT000862,78,86,127,151,104,123,103,123,4127,2046,4176,2111,4153,2083,4152,2083
TRT000862-TEMP000004,ocean,#271c8f,2438,TRT000862,0,95,48,151,22,123,23,122,4049,2055,4097,2111,4071,2083,4072,2082
TRT000862-TEMP000005,ocean,#1c416e,2048,TRT000862,0,45,47,96,21,71,20,69,4049,2005,4096,2056,4070,2031,4069,2029
TRT000862-TEMP000006,ocean,#082578,1839,TRT000862,0,0,59,52,26,30,26,28,4049,1960,4108,2012,4075,1990,4075,1988
TRT000863-TEMP000001,ocean,#094aaa,954,TRT000863,8,36,50,78,29,55,29,55,5014,431,5056,473,5035,450,5035,450
TRT000863-TEMP000002,ocean,#1d0c8e,1311,TRT000863,43,52,88,91,67,71,67,71,5049,447,5094,486,5073,466,5073,466
TRT000863-TEMP000003,ocean,#322998,1456,TRT000863,42,13,86,52,66,33,66,33,5048,408,5092,447,5072,428,5072,428
TRT000863-TEMP000004,ocean,#0d0e68,1271,TRT000863,87,14,131,53,106,34,106,33,5093,409,5137,448,5112,429,5112,428
TRT000863-TEMP000005,ocean,#1f2390,1241,TRT000863,82,46,125,88,101,65,101,64,5088,441,5131,483,5107,460,5107,459
TRT000863-TEMP000006,ocean,#244476,1106,TRT000863,0,0,36,42,19,21,19,20,5006,395,5042,437,5025,416,5025,415
TRT000864-TEMP000001,ocean,#030265,1582,TRT000864,19,53,65,110,44,79,44,77,5142,481,5188,538,5167,507,5167,505
TRT000864-TEMP000002,ocean,#2f2f9a,1392,TRT000864,37,0,80,57,57,34,56,32,5160,428,5203,485,5180,462,5179,460
TRT000864-TEMP000003,ocean,#1e0366,1639,TRT000864,55,51,100,105,77,81,77,82,5178,479,5223,533,5200,509,5200,510
TRT000864-TEMP000004,ocean,#2d437a,987,TRT000864,6,0,51,32,28,17,25,17,5129,428,5174,460,5151,445,5148,445
TRT000864-TEMP000005,ocean,#2f1579,1218,TRT000864,0,29,44,71,21,48,22,46,5123,457,5167,499,5144,476,5145,474
TRT000865-TEMP000001,ocean,#0448ae,1497,TRT000865,32,0,80,52,55,26,55,28,5095,471,5143,523,5118,497,5118,499
TRT000865-TEMP000002,ocean,#2f177f,1297,TRT000865,18,48,65,86,42,70,42,71,5081,519,5128,557,5105,541,5105,542
TRT000865-TEMP000003,ocean,#033f76,1143,TRT000865,0,14,43,64,23,41,23,40,5063,485,5106,535,5086,512,5086,511
TRT000865-TEMP000004,ocean,#3b01af,1312,TRT000865,57,34,101,82,77,59,78,60,5120,505,5164,553,5140,530,5141,531
TRT000866-TEMP000001,ocean,#2d0b75,1124,TRT000866,28,86,74,127,51,104,51,104,5206,476,5252,517,5229,494,5229,494
TRT000866-TEMP000002,ocean,#1c2177,1439,TRT000866,20,46,71,89,46,67,47,68,5198,436,5249,479,5224,457,5225,458
TRT000866-TEMP000003,ocean,#1622b3,1290,TRT000866,22,0,68,47,45,26,45,26,5200,390,5246,437,5223,416,5223,416
TRT000866-TEMP000004,ocean,#2d218c,1222,TRT000866,0,21,42,75,20,46,21,46,5178,411,5220,465,5198,436,5199,436
TRT000866-TEMP000005,ocean,#1a488c,960,TRT000866,56,52,86,103,73,80,74,81,5234,442,5264,493,5251,470,5252,471
TRT000867-TEMP000001,ocean,#363b9d,1294,TRT000867,0,0,39,48,20,24,20,26,5053,330,5092,378,5073,354,5073,356
TRT000867-TEMP000002,ocean,#1c3d7a,850,TRT000867,2,47,46,81,25,67,25,69,5055,377,5099,411,5078,397,5078,399
TRT000867-TEMP000003,ocean,#092784,1032,TRT000867,28,2,65,36,49,19,48,17,5081,332,5118,366,5102,349,5101,347
TRT000867-TEMP000004,ocean,#393ba4,1228,TRT000867,30,37,65,80,51,57,50,56,5083,367,5118,410,5104,387,5103,386
TRT000868-TEMP000001,ocean,#34197a,1425,TRT000868,0,44,51,83,25,62,27,62,5119,353,5170,392,5144,371,5146,371
TRT000868-TEMP000002,ocean,#1747a3,1413,TRT000868,18,80,69,122,43,104,42,104,5137,389,5188,431,5162,413,5161,413
TRT000868-TEMP000003,ocean,#0d0490,1648,TRT000868,47,53,101,106,73,79,73,79,5166,362,5220,415,5192,388,5192,388
TRT000868-TEMP000004,ocean,#362c7c,1180,TRT000868,33,13,73,66,52,41,52,40,5152,322,5192,375,5171,350,5171,349
TRT000868-TEMP000005,ocean,#100372,1301,TRT000868,0,0,45,50,22,27,21,27,5119,309,5164,359,5141,336,5140,336
TRT000868-TEMP000006,ocean,#332278,1117,TRT000868,0,68,33,121,13,92,13,91,5119,377,5152,430,5132,401,5132,400
TRT000869-TEMP000001,ocean,#180e6f,1749,TRT000869,43,0,91,50,64,23,64,23,5082,243,5130,293,5103,266,5103,266
TRT000869-TEMP000002,ocean,#330591,1420,TRT000869,13,47,63,91,40,71,42,70,5052,290,5102,334,5079,314,5081,313
TRT000869-TEMP000003,ocean,#2a0369,1277,TRT000869,63,29,112,77,87,55,88,56,5102,272,5151,320,5126,298,5127,299
TRT000869-TEMP000004,ocean,#2532ab,1187,TRT000869,7,30,52,71,26,46,25,47,5046,273,5091,314,5065,289,5064,290
TRT000869-TEMP000005,ocean,#2d3d6e,921,TRT000869,54,59,100,92,74,78,74,80,5093,302,5139,335,5113,321,5113,323
TRT000869-TEMP000006,ocean,#0f0ca3,1202,TRT000869,0,0,47,31,24,15,24,14,5039,243,5086,274,5063,258,5063,257
TRT000870-TEMP000001,ocean,#211fa5,1861,TRT000870,83,0,117,68,99,38,98,36,5017,251,5051,319,5033,289,5032,287
TRT000870-TEMP000002,ocean,#2d02a8,1534,TRT000870,81,69,118,145,97,106,97,101,5015,320,5052,396,5031,357,5031,352
TRT000870-TEMP000003,ocean,#2c2678,1211,TRT000870,38,40,88,82,60,62,56,61,4972,291,5022,333,4994,313,4990,312
TRT000870-TEMP000004,ocean,#1b1866,984,TRT000870,43,15,84,59,69,37,69,37,4977,266,5018,310,5003,288,5003,288
TRT000870-TEMP000005,ocean,#0a1068,884,TRT000870,0,44,44,83,27,63,26,64,4934,295,4978,334,4961,314,4960,315
TRT000871-TEMP000001,ocean,#0917a2,1184,TRT000871,29,32,63,81,45,56,45,57,4293,1103,4327,1152,4309,1127,4309,1128
TRT000871-TEMP000002,ocean,#174a76,1434,TRT000871,3,0,50,42,25,22,26,22,4267,1071,4314,1113,4289,1093,4290,1093
TRT000871-TEMP000003,ocean,#10358c,700,TRT000871,55,44,96,75,71,64,72,64,4319,1115,4360,1146,4335,1135,4336,1135
TRT000871-TEMP000004,ocean,#24497b,1273,TRT000871,0,36,32,82,15,62,15,59,4264,1107,4296,1153,4279,1133,4279,1130
TRT000872-TEMP000001,ocean,#290d8b,1320,TRT000872,56,35,103,76,78,60,79,60,4260,1005,4307,1046,4282,1030,4283,1030
TRT000872-TEMP000002,ocean,#0e2ca5,1143,TRT000872,34,68,67,111,51,91,53,91,4238,1038,4271,1081,4255,1061,4257,1061
TRT000872-TEMP000003,ocean,#330f68,1253,TRT000872,6,43,56,81,33,61,33,62,4210,1013,4260,1051,4237,1031,4237,1032
TRT000872-TEMP000004,ocean,#192e97,1253,TRT000872,36,0,76,52,52,28,52,28,4240,970,4280,1022,4256,998,4256,998
TRT000872-TEMP000005,ocean,#1340a6,1075,TRT000872,8,5,37,52,22,29,22,29,4212,975,4241,1022,4226,999,4226,999
TRT000872-TEMP000006,ocean,#0e3673,1041,TRT000872,0,63,35,103,16,85,16,86,4204,1033,4239,1073,4220,1055,4220,1056
TRT000872-TEMP000007,ocean,#303f8e,821,TRT000872,66,75,99,111,80,90,80,92,4270,1045,4303,1081,4284,1060,4284,1062
TRT000873-TEMP000001,ocean,#302d9f,1068,TRT000873,27,13,67,55,49,34,48,33,4280,943,4320,985,4302,964,4301,963
TRT000873-TEMP000002,ocean,#15386d,1433,TRT000873,27,55,70,103,52,78,51,77,4280,985,4323,1033,4305,1008,4304,1007
TRT000873-TEMP000003,ocean,#0a2498,1201,TRT000873,70,55,109,98,88,76,88,76,4323,985,4362,1028,4341,1006,4341,1006
TRT000873-TEMP000004,ocean,#32307a,1064,TRT000873,0,28,42,72,22,49,21,49,4253,958,4295,1002,4275,979,4274,979
TRT000873-TEMP000005,ocean,#2d1893,1034,TRT000873,61,0,106,38,83,20,83,20,4314,930,4359,968,4336,950,4336,950
TRT000873-TEMP000006,ocean,#120297,1177,TRT000873,57,33,107,66,82,48,79,48,4310,963,4360,996,4335,978,4332,978
TRT000874-TEMP000001,ocean,#251968,1482,TRT000874,57,62,108,122,85,92,85,90,4351,1079,4402,1139,4379,1109,4379,1107
TRT000874-TEMP000002,ocean,#290274,1391,TRT000874,47,30,92,81,67,55,64,54,4341,1047,4386,1098,4361,1072,4358,1071
TRT000874-TEMP000003,ocean,#194293,919,TRT000874,0,17,36,64,17,41,16,43,4294,1034,4330,1081,4311,1058,4310,1060
TRT000874-TEMP000004,ocean,#1d066f,1236,TRT000874,20,0,67,44,45,22,44,23,4314,1017,4361,1061,4339,1039,4338,1040
TRT000874-TEMP000005,ocean,#000d6e,843,TRT000874,15,42,57,82,37,61,35,62,4309,1059,4351,1099,4331,1078,4329,1079
TRT000875-TEMP000001,ocean,#232e7b,1404,TRT000875,14,0,51,59,30,34,31,38,4200,1067,4237,1126,4216,1101,4217,1105
TRT000875-TEMP000002,ocean,#2727af,1364,TRT000875,33,5,83,45,60,25,58,24,4219,1072,4269,1112,4246,1092,4244,1091
TRT000875-TEMP000003,ocean,#0b1185,1499,TRT000875,39,44,80,86,61,66,61,66,4225,1111,4266,1153,4247,1133,4247,1133
TRT000875-TEMP000004,ocean,#083e75,1110,TRT000875,0,56,44,95,22,75,21,77,4186,1123,4230,1162,4208,1142,4207,1144
TRT000876-TEMP000001,ocean,#2d238f,1441,TRT000876,31,0,74,53,54,26,51,24,4688,533,4731,586,4711,559,4708,557
TRT000876-TEMP000002,ocean,#3135a9,1893,TRT000876,71,16,139,64,101,39,98,38,4728,549,4796,597,4758,572,4755,571
TRT000876-TEMP000003,ocean,#0c4064,374,TRT000876,22,38,58,58,36,49,35,57,4679,571,4715,591,4693,582,4692,590
TRT000876-TEMP000004,ocean,#312b71,2140,TRT000876,30,48,122,89,79,73,88,71,4687,581,4779,622,4736,606,4745,604
TRT000876-TEMP000005,ocean,#2f2266,584,TRT000876,0,17,35,46,19,34,16,35,4657,550,4692,579,4676,567,4673,568
TRT000877-TEMP000001,ocean,#20106d,1460,TRT000877,24,55,91,96,56,77,58,77,4789,640,4856,681,4821,662,4823,662
TRT000877-TEMP000002,ocean,#02129b,1920,TRT000877,0,0,37,96,20,45,20,55,4765,585,4802,681,4785,630,4785,640
TRT000877-TEMP000003,ocean,#0a067b,517,TRT000877,32,42,63,68,48,54,42,47,4797,627,4828,653,4813,639,4807,632
TRT000877-TEMP000004,ocean,#354176,1191,TRT000877,63,13,107,69,83,45,84,45,4828,598,4872,654,4848,630,4849,630
TRT000878-TEMP000001,ocean,#131995,1500,TRT000878,48,0,91,43,67,20,66,19,4731,620,4774,663,4750,640,4749,639
TRT000878-TEMP000002,ocean,#1d3585,1283,TRT000878,67,27,105,87,88,55,87,53,4750,647,4788,707,4771,675,4770,673
TRT000878-TEMP000003,ocean,#2a2b8f,1212,TRT000878,45,43,89,87,65,67,63,67,4728,663,4772,707,4748,687,4746,687
TRT000878-TEMP000004,ocean,#2e098a,1404,TRT000878,0,1,50,49,30,20,30,21,4683,621,4733,669,4713,640,4713,641
TRT000878-TEMP000005,ocean,#100e7c,531,TRT000878,26,45,56,85,43,69,41,73,4709,665,4739,705,4726,689,4724,693
TRT000879-TEMP000001,ocean,#190971,1131,TRT000879,64,0,102,48,82,26,81,27,4839,667,4877,715,4857,693,4856,694
TRT000879-TEMP000002,ocean,#3028a5,1043,TRT000879,0,12,38,54,19,33,19,32,4775,679,4813,721,4794,700,4794,699
TRT000879-TEMP000003,ocean,#130f65,1510,TRT000879,5,41,51,88,31,63,31,61,4780,708,4826,755,4806,730,4806,728
TRT000879-TEMP000004,ocean,#0c06a5,1156,TRT000879,31,3,71,47,51,23,51,22,4806,670,4846,714,4826,690,4826,689
TRT000879-TEMP000005,ocean,#0705ab,1315,TRT000879,52,41,94,76,72,60,72,61,4827,708,4869,743,4847,727,4847,728
TRT000880-TEMP000001,ocean,#0a2a8e,1175,TRT000880,48,33,96,69,74,51,75,50,4708,738,4756,774,4734,756,4735,755
TRT000880-TEMP000002,ocean,#0a0e67,1041,TRT000880,77,0,121,36,98,17,97,16,4737,705,4781,741,4758,722,4757,721
TRT000880-TEMP000003,ocean,#0a4497,1125,TRT000880,93,21,133,63,111,44,112,43,4753,726,4793,768,4771,749,4772,748
TRT000880-TEMP000004,ocean,#303488,957,TRT000880,43,0,83,44,66,24,66,23,4703,705,4743,749,4726,729,4726,728
TRT000880-TEMP000005,ocean,#2d38ad,1289,TRT000880,0,42,60,92,35,70,36,70,4660,747,4720,797,4695,775,4696,775
TRT000881-TEMP000001,ocean,#080588,2077,TRT000881,46,27,104,77,73,53,68,53,4016,1268,4074,1318,4043,1294,4038,1294
TRT000881-TEMP000002,ocean,#174c8d,2183,TRT000881,30,76,95,130,61,98,61,100,4000,1317,4065,1371,4031,1339,4031,1341
TRT000881-TEMP000003,ocean,#1f03a8,1956,TRT000881,0,25,47,90,26,57,24,57,3970,1266,4017,1331,3996,1298,3994,1298
TRT000881-TEMP000004,ocean,#1546a3,3167,TRT000881,84,33,147,113,115,74,113,73,4054,1274,4117,1354,4085,1315,4083,1314
TRT000881-TEMP000005,ocean,#0f078b,2360,TRT000881,51,102,120,171,84,132,85,133,4021,1343,4090,1412,4054,1373,4055,1374
TRT000881-TEMP000006,ocean,#244b83,1572,TRT000881,25,0,90,43,55,22,56,21,3995,1241,4060,1284,4025,1263,4026,1262
TRT000882-TEMP000001,ocean,#1c2465,2374,TRT000882,32,54,94,128,68,90,67,86,4052,1221,4114,1295,4088,1257,4087,1253
TRT000882-TEMP000002,ocean,#2e378c,2783,TRT000882,52,0,115,57,87,27,90,27,4072,1167,4135,1224,4107,1194,4110,1194
TRT000882-TEMP000003,ocean,#082292,1965,TRT000882,81,49,137,112,106,74,106,78,4101,1216,4157,1279,4126,1241,4126,1245
TRT000882-TEMP000004,ocean,#071aa8,2313,TRT000882,115,4,166,64,137,29,139,29,4135,1171,4186,1231,4157,1196,4159,1196
TRT000882-TEMP000005,ocean,#162975,2319,TRT000882,0,21,70,90,38,58,38,56,4020,1188,4090,1257,4058,1225,4058,1223
TRT000883-TEMP000001,ocean,#2849ad,2713,TRT000883,39,0,106,62,76,29,74,30,4090,1326,4157,1388,4127,1355,4125,1356
TRT000883-TEMP000002,ocean,#110cae,2635,TRT000883,75,51,146,114,106,82,107,82,4126,1377,4197,1440,4157,1408,4158,1408
TRT000883-TEMP000003,ocean,#1e0164,1999,TRT000883,36,79,96,130,64,107,63,108,4087,1405,4147,1456,4115,1433,4114,1434
TRT000883-TEMP000004,ocean,#362187,2671,TRT000883,100,13,167,78,132,44,131,43,4151,1339,4218,1404,4183,1370,4182,1369
TRT000883-TEMP000005,ocean,#272ea6,1714,TRT000883,0,67,45,130,24,98,23,98,4051,1393,4096,1456,4075,1424,4074,1424
TRT000883-TEMP000006,ocean,#0f0a78,2212,TRT000883,9,32,79,90,46,63,45,65,4060,1358,4130,1416,4097,1389,4096,1391
TRT000884-TEMP000001,ocean,#20416e,2535,TRT000884,32,0,92,75,67,44,67,46,4139,1193,4199,1268,4174,1237,4174,1239
TRT000884-TEMP000002,ocean,#183a87,2027,TRT000884,53,63,110,116,81,90,82,90,4160,1256,4217,1309,4188,1283,4189,1283
TRT000884-TEMP000003,ocean,#3030ae,1733,TRT000884,74,108,118,167,98,138,99,139,4181,1301,4225,1360,4205,1331,4206,1332
TRT000884-TEMP000004,ocean,#273c72,2571,TRT000884,0,62,55,136,27,100,27,101,4107,1255,4162,1329,4134,1293,4134,1294
TRT000884-TEMP000005,ocean,#1b4985,1784,TRT000884,30,99,85,151,59,127,61,126,4137,1292,4192,1344,4166,1320,4168,1319
TRT000885-TEMP000001,ocean,#071f89,1333,TRT000885,38,73,85,122,60,98,60,98,4144,904,4191,953,4166,929,4166,929
TRT000885-TEMP000002,ocean,#22139d,1356,TRT000885,63,48,110,95,89,69,88,71,4169,879,4216,926,4195,900,4194,902
TRT000885-TEMP000003,ocean,#2a0484,973,TRT000885,17,37,62,80,42,61,40,62,4123,868,4168,911,4148,892,4146,893
TRT000885-TEMP000004,ocean,#0d0881,1122,TRT000885,44,24,89,70,66,46,66,46,4150,855,4195,901,4172,877,4172,877
TRT000885-TEMP000005,ocean,#2b4e93,850,TRT000885,0,63,49,103,27,81,28,82,4106,894,4155,934,4133,912,4134,913
TRT000885-TEMP000006,ocean,#321495,1438,TRT000885,69,0,107,48,90,24,91,24,4175,831,4213,879,4196,855,4197,855
TRT000886-TEMP000001,ocean,#204fa0,1161,TRT000886,0,22,48,69,26,46,27,47,4167,924,4215,971,4193,948,4194,949
TRT000886-TEMP000002,ocean,#08269c,1341,TRT000886,29,0,84,44,54,23,54,23,4196,902,4251,946,4221,925,4221,925
TRT000886-TEMP000003,ocean,#003579,1090,TRT000886,57,22,95,71,77,48,78,49,4224,924,4262,973,4244,950,4245,951
TRT000886-TEMP000004,ocean,#381679,1015,TRT000886,30,45,73,84,51,66,52,66,4197,947,4240,986,4218,968,4219,968
TRT000886-TEMP000005,ocean,#212e68,836,TRT000886,84,21,132,62,105,44,104,43,4251,923,4299,964,4272,946,4271,945
TRT000887-TEMP000001,ocean,#2a16a8,1412,TRT000887,43,37,87,87,65,65,66,67,4252,855,4296,905,4274,883,4275,885
TRT000887-TEMP000002,ocean,#0c12a3,1256,TRT000887,39,84,85,125,65,102,62,102,4248,902,4294,943,4274,920,4271,920
TRT000887-TEMP000003,ocean,#0d4c73,1833,TRT000887,0,0,59,52,30,27,30,29,4209,818,4268,870,4239,845,4239,847
TRT000887-TEMP000004,ocean,#300194,1134,TRT000887,11,53,54,101,35,80,35,79,4220,871,4263,919,4244,898,4244,897
TRT000887-TEMP000005,ocean,#121d89,1182,TRT000887,82,86,137,129,109,111,106,110,4291,904,4346,947,4318,929,4315,928
TRT000887-TEMP000006,ocean,#053ba8,950,TRT000887,5,37,41,84,17,59,16,60,4214,855,4250,902,4226,877,4225,878
TRT000888-TEMP000001,ocean,#264464,1054,TRT000888,56,0,100,61,77,41,76,41,4680,1215,4724,1276,4701,1256,4700,1256
TRT000888-TEMP000002,ocean,#1a0e64,1206,TRT000888,85,46,121,94,103,71,104,71,4709,1261,4745,1309,4727,1286,4728,1286
TRT000888-TEMP000003,ocean,#3b12a2,1213,TRT000888,51,59,94,109,72,79,73,81,4675,1274,4718,1324,4696,1294,4697,1296
TRT000888-TEMP000004,ocean,#344d6d,2333,TRT000888,0,23,61,81,32,50,32,53,4624,1238,4685,1296,4656,1265,4656,1268
TRT000888-TEMP000005,ocean,#263377,1218,TRT000888,23,73,81,117,48,96,48,98,4647,1288,4705,1332,4672,1311,4672,1313
TRT000889-TEMP000001,ocean,#1533a6,1521,TRT000889,18,0,67,52,45,27,42,29,4660,1394,4709,1446,4687,1421,4684,1423
TRT000889-TEMP000002,ocean,#13166c,1536,TRT000889,34,48,84,93,56,70,54,71,4676,1442,4726,1487,4698,1464,4696,1465
TRT000889-TEMP000003,ocean,#0e296c,1815,TRT000889,61,7,122,66,83,34,81,35,4703,1401,4764,1460,4725,1428,4723,1429
TRT000889-TEMP000004,ocean,#0c4caa,1034,TRT000889,7,65,42,103,22,83,21,83,4649,1459,4684,1497,4664,1477,4663,1477
TRT000889-TEMP000005,ocean,#0f21a3,1101,TRT000889,0,26,38,67,17,49,15,50,4642,1420,4680,1461,4659,1443,4657,1444
TRT000890-TEMP000001,ocean,#26368b,1199,TRT000890,24,55,71,105,45,78,48,75,4547,1355,4594,1405,4568,1378,4571,1375
TRT000890-TEMP000002,ocean,#041f6b,1060,TRT000890,13,32,53,74,34,51,31,53,4536,1332,4576,1374,4557,1351,4554,1353
TRT000890-TEMP000003,ocean,#303378,1145,TRT000890,0,0,57,41,23,24,25,24,4523,1300,4580,1341,4546,1324,4548,1324
TRT000890-TEMP000004,ocean,#04288c,1497,TRT000890,54,28,97,79,75,55,75,53,4577,1328,4620,1379,4598,1355,4598,1353
TRT000890-TEMP000005,ocean,#17139d,1632,TRT000890,34,76,92,116,67,98,66,97,4557,1376,4615,1416,4590,1398,4589,1397
TRT000891-TEMP000001,ocean,#214a85,1834,TRT000891,0,7,58,61,33,34,35,34,4523,1417,4581,1471,4556,1444,4558,1444
TRT000891-TEMP000002,ocean,#1409b2,1306,TRT000891,78,56,130,100,103,75,101,75,4601,1466,4653,1510,4626,1485,4624,1485
TRT000891-TEMP000003,ocean,#2f2c9c,1327,TRT000891,56,14,96,65,74,39,77,37,4579,1424,4619,1475,4597,1449,4600,1447
TRT000891-TEMP000004,ocean,#372067,1139,TRT000891,57,0,118,32,87,14,90,14,4580,1410,4641,1442,4610,1424,4613,1424
TRT000891-TEMP000005,ocean,#293a9f,1042,TRT000891,91,20,125,68,110,46,111,47,4614,1430,4648,1478,4633,1456,4634,1457
TRT000891-TEMP000006,ocean,#0d0574,1382,TRT000891,14,44,76,88,49,65,49,65,4537,1454,4599,1498,4572,1475,4572,1475
TRT000891-TEMP000007,ocean,#143278,1081,TRT000891,54,66,99,115,77,91,77,93,4577,1476,4622,1525,4600,1501,4600,1503
TRT000892-TEMP000001,ocean,#0b3d6e,1260,TRT000892,3,25,45,70,22,49,22,48,4616,1349,4658,1394,4635,1373,4635,1372
TRT000892-TEMP000002,ocean,#0749a4,1011,TRT000892,47,3,79,40,63,24,63,22,4660,1327,4692,1364,4676,1348,4676,1346
TRT000892-TEMP000003,ocean,#273099,1526,TRT000892,41,40,84,86,64,60,64,58,4654,1364,4697,1410,4677,1384,4677,1382
TRT000892-TEMP000004,ocean,#0a2491,1581,TRT000892,0,62,57,104,28,82,29,81,4613,1386,4670,1428,4641,1406,4642,1405
TRT000892-TEMP000005,ocean,#370f8c,984,TRT000892,8,0,51,41,35,21,35,20,4621,1324,4664,1365,4648,1345,4648,1344
TRT000893-TEMP000001,ocean,#240e6f,1167,TRT000893,31,84,70,139,53,109,53,108,4488,1397,4527,1452,4510,1422,4510,1421
TRT000893-TEMP000002,ocean,#10228b,1037,TRT000893,5,69,52,109,30,88,29,87,4462,1382,4509,1422,4487,1401,4486,1400
TRT000893-TEMP000003,ocean,#132a9a,1573,TRT000893,48,46,97,93,73,72,73,71,4505,1359,4554,1406,4530,1385,4530,1384
TRT000893-TEMP000004,ocean,#260fa7,1047,TRT000893,0,43,48,84,24,65,22,66,4457,1356,4505,1397,4481,1378,4479,1379
TRT000893-TEMP000005,ocean,#1807a1,1576,TRT000893,32,0,84,61,59,36,57,37,4489,1313,4541,1374,4516,1349,4514,1350
TRT000893-TEMP000006,ocean,#0c1e75,1300,TRT000893,61,89,103,144,80,113,80,113,4518,1402,4560,1457,4537,1426,4537,1426
TRT000894-TEMP000001,ocean,#3037b2,1367,TRT000894,25,0,68,50,47,26,48,28,4715,1302,4758,1352,4737,1328,4738,1330
TRT000894-TEMP000002,ocean,#033c98,1430,TRT000894,33,48,80,91,55,68,53,70,4723,1350,4770,1393,4745,1370,4743,1372
TRT000894-TEMP000003,ocean,#310a97,1221,TRT000894,0,15,40,61,19,43,19,42,4690,1317,4730,1363,4709,1345,4709,1344
TRT000894-TEMP000004,ocean,#301664,1180,TRT000894,3,62,42,104,23,81,21,81,4693,1364,4732,1406,4713,1383,4711,1383
TRT000894-TEMP000005,ocean,#370ba7,1410,TRT000894,37,77,86,123,64,100,65,100,4727,1379,4776,1425,4754,1402,4755,1402
TRT000895-TEMP000001,ocean,#1d23ae,1129,TRT000895,0,37,72,73,39,53,46,50,4528,1295,4600,1331,4567,1311,4574,1308
TRT000895-TEMP000002,ocean,#0f1775,1435,TRT000895,58,46,121,89,87,69,85,72,4586,1304,4649,1347,4615,1327,4613,1330
TRT000895-TEMP000003,ocean,#0126a0,1785,TRT000895,69,0,125,68,98,35,100,40,4597,1258,4653,1326,4626,1293,4628,1298
TRT000896-TEMP000001,ocean,#251b87,1443,TRT000896,33,61,86,108,57,88,58,87,4728,1113,4781,1160,4752,1140,4753,1139
TRT000896-TEMP000002,ocean,#050296,1515,TRT000896,26,0,66,62,50,36,51,36,4721,1052,4761,1114,4745,1088,4746,1088
TRT000896-TEMP000003,ocean,#37148d,1629,TRT000896,0,47,46,104,24,77,23,76,4695,1099,4741,1156,4719,1129,4718,1128
TRT000896-TEMP000004,ocean,#3a1e6e,1209,TRT000896,57,51,98,96,81,69,81,66,4752,1103,4793,1148,4776,1121,4776,1118
TRT000896-TEMP000005,ocean,#2e358a,668,TRT000896,67,23,94,51,81,39,82,37,4762,1075,4789,1103,4776,1091,4777,1089
TRT000897-TEMP000001,ocean,#0331a8,1206,TRT000897,0,42,48,91,22,69,18,71,4638,1170,4686,1219,4660,1197,4656,1199
TRT000897-TEMP000002,ocean,#182f83,951,TRT000897,8,69,50,114,32,95,33,92,4646,1197,4688,1242,4670,1223,4671,1220
TRT000897-TEMP000003,ocean,#14496c,1860,TRT000897,18,0,72,61,43,27,43,29,4656,1128,4710,1189,4681,1155,4681,1157
TRT000898-TEMP000001,ocean,#370c6c,1047,TRT000898,0,19,49,58,25,39,26,38,4732,1006,4781,1045,4757,1026,4758,1025
TRT000898-TEMP000002,ocean,#322493,1326,TRT000898,44,6,91,46,66,25,66,24,4776,993,4823,1033,4798,1012,4798,1011
TRT000898-TEMP000003,ocean,#241176,1185,TRT000898,47,44,99,89,74,67,73,66,4779,1031,4831,1076,4806,1054,4805,1053
TRT000898-TEMP000004,ocean,#263a89,700,TRT000898,9,0,48,25,28,14,26,13,4741,987,4780,1012,4760,1001,4758,1000
TRT000898-TEMP000005,ocean,#1e1483,1495,TRT000898,78,16,120,67,101,40,101,41,4810,1003,4852,1054,4833,1027,4833,1028
TRT000899-TEMP000001,ocean,#0e3b81,1190,TRT000899,52,51,100,98,73,72,73,72,4704,1043,4752,1090,4725,1064,4725,1064
TRT000899-TEMP000002,ocean,#071872,1263,TRT000899,26,74,71,118,49,96,47,94,4678,1066,4723,1110,4701,1088,4699,1086
TRT000899-TEMP000003,ocean,#052988,1330,TRT000899,41,0,88,53,66,31,65,31,4693,992,4740,1045,4718,1023,4717,1023
TRT000899-TEMP000004,ocean,#0748a9,1092,TRT000899,18,33,61,76,41,56,39,56,4670,1025,4713,1068,4693,1048,4691,1048
TRT000899-TEMP000005,ocean,#280e87,840,TRT000899,0,56,37,95,19,76,17,76,4652,1048,4689,1087,4671,1068,4669,1068
TRT000899-TEMP000006,ocean,#3001a3,1280,TRT000899,4,102,56,141,28,122,30,122,4656,1094,4708,1133,4680,1114,4682,1114
TRT000900-TEMP000001,ocean,#1e3eae,1323,TRT000900,0,0,68,30,29,12,32,15,4695,1165,4763,1195,4724,1177,4727,1180
TRT000900-TEMP000002,ocean,#3b159c,1987,TRT000900,24,5,86,63,57,38,59,41,4719,1170,4781,1228,4752,1203,4754,1206
TRT000900-TEMP000003,ocean,#0b36ac,1279,TRT000900,35,62,80,105,54,83,55,85,4730,1227,4775,1270,4749,1248,4750,1250
TRT000900-TEMP000004,ocean,#1c116b,406,TRT000900,12,50,35,97,22,78,23,76,4707,1215,4730,1262,4717,1243,4718,1241
TRT000900-TEMP000005,ocean,#1c3e97,1154,TRT000900,61,35,102,90,82,63,83,63,4756,1200,4797,1255,4777,1228,4778,1228
TRT000901-TEMP000001,ocean,#012586,1240,TRT000901,73,13,113,58,92,35,92,36,4836,1151,4876,1196,4855,1173,4855,1174
TRT000901-TEMP000002,ocean,#3a499f,1000,TRT000901,41,3,75,49,57,29,57,28,4804,1141,4838,1187,4820,1167,4820,1166
TRT000901-TEMP000003,ocean,#2d0a86,1588,TRT000901,0,0,47,55,25,27,24,29,4763,1138,4810,1193,4788,1165,4787,1167
TRT000901-TEMP000004,ocean,#0e0285,1292,TRT000901,17,44,58,88,40,65,41,66,4780,1182,4821,1226,4803,1203,4804,1204
TRT000901-TEMP000005,ocean,#3938a5,1005,TRT000901,57,42,95,81,72,62,73,63,4820,1180,4858,1219,4835,1200,4836,1201
TRT000902-TEMP000001,ocean,#2a339f,1351,TRT000902,0,23,41,67,18,46,18,47,4790,1068,4831,1112,4808,1091,4808,1092
TRT000902-TEMP000002,ocean,#1f398f,1272,TRT000902,34,43,79,81,56,63,56,64,4824,1088,4869,1126,4846,1108,4846,1109
TRT000902-TEMP000003,ocean,#1f049e,1221,TRT000902,23,0,66,46,47,25,47,25,4813,1045,4856,1091,4837,1070,4837,1070
TRT000902-TEMP000004,ocean,#372d84,1209,TRT000902,38,75,81,115,63,94,62,95,4828,1120,4871,1160,4853,1139,4852,1140
TRT000902-TEMP000005,ocean,#1f4892,1214,TRT000902,2,64,44,104,23,81,22,82,4792,1109,4834,1149,4813,1126,4812,1127
TRT000903-TEMP000001,ocean,#314e91,2035,TRT000903,5,66,58,104,32,85,30,85,4222,1314,4275,1352,4249,1333,4247,1333
TRT000903-TEMP000002,ocean,#1f09a8,2077,TRT000903,42,0,89,67,66,32,67,36,4259,1248,4306,1315,4283,1280,4284,1284
TRT000903-TEMP000003,ocean,#102195,1380,TRT000903,78,14,115,69,98,44,99,42,4295,1262,4332,1317,4315,1292,4316,1290
TRT000903-TEMP000004,ocean,#0e35a2,2291,TRT000903,59,61,115,104,87,84,87,85,4276,1309,4332,1352,4304,1332,4304,1333
TRT000903-TEMP000005,ocean,#32036d,1615,TRT000903,0,22,55,67,29,49,29,48,4217,1270,4272,1315,4246,1297,4246,1296
TRT000904-TEMP000001,ocean,#0523aa,1917,TRT000904,58,45,109,108,81,79,81,76,4237,1199,4288,1262,4260,1233,4260,1230
TRT000904-TEMP000002,ocean,#0f3170,1890,TRT000904,23,85,90,141,52,112,55,110,4202,1239,4269,1295,4231,1266,4234,1264
TRT000904-TEMP000003,ocean,#0c22b1,1592,TRT000904,15,53,57,106,36,77,34,78,4194,1207,4236,1260,4215,1231,4213,1232
TRT000904-TEMP000004,ocean,#1a266b,1529,TRT000904,25,2,75,60,49,37,47,35,4204,1156,4254,1214,4228,1191,4226,1189
TRT000904-TEMP000005,ocean,#203769,1421,TRT000904,0,0,43,54,21,23,19,25,4179,1154,4222,1208,4200,1177,4198,1179
TRT000905-TEMP000001,ocean,#0c2597,2191,TRT000905,31,43,102,88,67,61,67,59,4324,1190,4395,1235,4360,1208,4360,1206
TRT000905-TEMP000002,ocean,#1d1390,2123,TRT000905,72,59,127,120,100,93,100,93,4365,1206,4420,1267,4393,1240,4393,1240
TRT000905-TEMP000003,ocean,#05246d,2049,TRT000905,0,54,56,125,28,91,29,91,4293,1201,4349,1272,4321,1238,4322,1238
TRT000905-TEMP000004,ocean,#33477c,1045,TRT000905,42,0,94,42,68,29,67,27,4335,1147,4387,1189,4361,1176,4360,1174
TRT000905-TEMP000005,ocean,#0f2367,1749,TRT000905,29,85,87,136,58,113,58,114,4322,1232,4380,1283,4351,1260,4351,1261
TRT000906-TEMP000001,ocean,#19346c,1477,TRT000906,53,1,94,46,74,24,75,23,4275,1147,4316,1192,4296,1170,4297,1169
TRT000906-TEMP000002,ocean,#37026c,2103,TRT000906,38,42,101,101,70,64,70,63,4260,1188,4323,1247,4292,1210,4292,1209
TRT000906-TEMP000003,ocean,#204d96,1549,TRT000906,91,0,138,53,110,21,110,21,4313,1146,4360,1199,4332,1167,4332,1167
TRT000906-TEMP000004,ocean,#061d75,1728,TRT000906,0,8,54,59,33,27,32,27,4222,1154,4276,1205,4255,1173,4254,1173
TRT000907-TEMP000001,ocean,#17097e,2029,TRT000907,30,0,86,53,60,29,57,30,4363,1256,4419,1309,4393,1285,4390,1286
TRT000907-TEMP000002,ocean,#0a21ae,2049,TRT000907,40,50,95,96,64,75,63,74,4373,1306,4428,1352,4397,1331,4396,1330
TRT000907-TEMP000003,ocean,#333c95,1429,TRT000907,0,60,42,96,21,80,19,80,4333,1316,4375,1352,4354,1336,4352,1336
TRT000907-TEMP000004,ocean,#093f76,1493,TRT000907,0,20,41,63,19,43,16,45,4333,1276,4374,1319,4352,1299,4349,1301
TRT000908-TEMP000001,ocean,#174a77,1870,TRT000908,0,53,52,116,23,85,22,84,4126,1491,4178,1554,4149,1523,4148,1522
TRT000908-TEMP000002,ocean,#251e9b,2298,TRT000908,31,33,98,93,64,65,60,60,4157,1471,4224,1531,4190,1503,4186,1498
TRT000908-TEMP000003,ocean,#3132a8,3319,TRT000908,69,68,146,139,101,110,99,109,4195,1506,4272,1577,4227,1548,4225,1547
TRT000908-TEMP000004,ocean,#231f99,2728,TRT000908,7,91,75,147,45,122,44,120,4133,1529,4201,1585,4171,1560,4170,1558
TRT000908-TEMP000005,ocean,#084c9f,1370,TRT000908,16,0,63,56,37,32,37,28,4142,1438,4189,1494,4163,1470,4163,1466
TRT000909-TEMP000001,ocean,#1902a8,2895,TRT000909,57,3,119,63,85,34,85,35,4092,1548,4154,1608,4120,1579,4120,1580
TRT000909-TEMP000002,ocean,#17477c,2323,TRT000909,15,46,75,104,46,75,49,76,4050,1591,4110,1649,4081,1620,4084,1621
TRT000909-TEMP000003,ocean,#310975,2737,TRT000909,0,0,61,61,31,27,30,28,4035,1545,4096,1606,4066,1572,4065,1573
TRT000909-TEMP000004,ocean,#062476,1807,TRT000909,64,62,113,122,87,87,88,90,4099,1607,4148,1667,4122,1632,4123,1635
TRT000909-TEMP000005,ocean,#3b3599,2214,TRT000909,32,99,91,153,60,124,59,125,4067,1644,4126,1698,4095,1669,4094,1670
TRT000911-TEMP000001,ocean,#3007b1,2344,TRT000911,0,71,77,109,36,91,40,93,4029,1509,4106,1547,4065,1529,4069,1531
TRT000911-TEMP000002,ocean,#0d4f97,2709,TRT000911,54,34,112,109,82,72,80,66,4083,1472,4141,1547,4111,1510,4109,1504
TRT000911-TEMP000003,ocean,#062e79,1883,TRT000911,64,0,132,57,100,27,102,26,4093,1438,4161,1495,4129,1465,4131,1464
TRT000911-TEMP000004,ocean,#073870,2084,TRT000911,8,19,67,74,41,47,37,49,4037,1457,4096,1512,4070,1485,4066,1487
TRT000910-TEMP000001,ocean,#012b83,3050,TRT000910,116,25,194,102,155,63,154,63,4230,1587,4308,1664,4269,1625,4268,1625
TRT000910-TEMP000002,ocean,#1a18a1,2382,TRT000910,57,51,122,108,87,79,84,79,4171,1613,4236,1670,4201,1641,4198,1641
TRT000910-TEMP000003,ocean,#2d3da7,2109,TRT000910,39,16,105,60,76,37,74,37,4153,1578,4219,1622,4190,1599,4188,1599
TRT000910-TEMP000004,ocean,#042a7b,2308,TRT000910,75,82,144,148,109,112,106,114,4189,1644,4258,1710,4223,1674,4220,1676
TRT000910-TEMP000005,ocean,#073382,2716,TRT000910,103,0,182,60,138,29,134,29,4217,1562,4296,1622,4252,1591,4248,1591
TRT000910-TEMP000006,ocean,#344ea9,1788,TRT000910,20,33,65,96,44,70,42,68,4134,1595,4179,1658,4158,1632,4156,1630
TRT000910-TEMP000007,ocean,#1b2395,2259,TRT000910,0,90,60,150,30,118,30,117,4114,1652,4174,1712,4144,1680,4144,1679
TRT000910-TEMP000008,ocean,#0a49a9,2099,TRT000910,35,105,98,162,68,136,65,138,4149,1667,4212,1724,4182,1698,4179,1700
TRT000912-TEMP000001,ocean,#2c03ad,1056,TRT000912,55,71,91,108,72,88,73,90,5223,317,5259,354,5240,334,5241,336
TRT000912-TEMP000002,ocean,#1f2170,1089,TRT000912,21,52,61,94,43,77,41,79,5189,298,5229,340,5211,323,5209,325
TRT000912-TEMP000003,ocean,#0c1780,1052,TRT000912,17,95,63,128,40,108,41,109,5185,341,5231,374,5208,354,5209,355
TRT000912-TEMP000004,ocean,#240ba2,1164,TRT000912,0,39,39,96,20,67,19,68,5168,285,5207,342,5188,313,5187,314
TRT000912-TEMP000005,ocean,#2020a6,1230,TRT000912,47,23,97,70,73,50,73,52,5215,269,5265,316,5241,296,5241,298
TRT000912-TEMP000006,ocean,#0f198e,1698,TRT000912,26,0,85,53,55,26,54,29,5194,246,5253,299,5223,272,5222,275
TRT000913-TEMP000001,ocean,#2f1f66,1181,TRT000913,29,36,73,86,51,59,52,59,5146,273,5190,323,5168,296,5169,296
TRT000913-TEMP000002,ocean,#0434ad,1231,TRT000913,0,0,59,36,36,16,38,18,5117,237,5176,273,5153,253,5155,255
TRT000913-TEMP000003,ocean,#0f326d,855,TRT000913,7,17,48,64,27,40,27,40,5124,254,5165,301,5144,277,5144,277
TRT000913-TEMP000004,ocean,#123b91,1266,TRT000913,56,4,99,50,74,25,75,25,5173,241,5216,287,5191,262,5192,262
TRT000914-TEMP000001,ocean,#102e75,1200,TRT000914,0,32,43,88,23,59,23,59,5231,224,5274,280,5254,251,5254,251
TRT000914-TEMP000002,ocean,#25489f,1161,TRT000914,24,26,62,76,45,52,44,51,5255,218,5293,268,5276,244,5275,243
TRT000914-TEMP000003,ocean,#2b3f97,1195,TRT000914,61,25,105,72,80,47,77,49,5292,217,5336,264,5311,239,5308,241
TRT000914-TEMP000004,ocean,#1c1892,1115,TRT000914,30,12,95,43,63,24,60,25,5261,204,5326,235,5294,216,5291,217
TRT000914-TEMP000005,ocean,#314d8b,1038,TRT000914,98,0,163,45,130,23,123,24,5329,192,5394,237,5361,215,5354,216
TRT000915-TEMP000001,ocean,#064d92,1210,TRT000915,21,41,63,81,44,59,41,59,5228,380,5270,420,5251,398,5248,398
TRT000915-TEMP000002,ocean,#330993,1251,TRT000915,34,69,80,119,56,91,56,91,5241,408,5287,458,5263,430,5263,430
TRT000915-TEMP000003,ocean,#0a3472,1494,TRT000915,64,0,112,49,94,29,87,31,5271,339,5319,388,5301,368,5294,370
TRT000915-TEMP000004,ocean,#181a9e,970,TRT000915,25,2,63,43,46,25,44,23,5232,341,5270,382,5253,364,5251,362
TRT000915-TEMP000005,ocean,#0e1e9b,739,TRT000915,0,17,37,56,20,38,19,37,5207,356,5244,395,5227,377,5226,376
TRT000915-TEMP000006,ocean,#191966,1233,TRT000915,63,45,106,87,82,62,85,63,5270,384,5313,426,5289,401,5292,402
TRT000916-TEMP000001,ocean,#241374,1524,TRT000916,94,81,140,128,122,103,124,104,5359,498,5405,545,5387,520,5389,521
TRT000916-TEMP000002,ocean,#2b1192,2317,TRT000916,52,50,114,110,84,78,88,80,5317,467,5379,527,5349,495,5353,497
TRT000916-TEMP000003,ocean,#2b0580,2560,TRT000916,0,22,66,86,29,55,32,56,5265,439,5331,503,5294,472,5297,473
TRT000916-TEMP000004,ocean,#0e1b7a,2205,TRT000916,78,6,142,57,105,30,106,32,5343,423,5407,474,5370,447,5371,449
TRT000916-TEMP000005,ocean,#27136c,2334,TRT000916,12,0,81,53,52,24,53,24,5277,417,5346,470,5317,441,5318,441
TRT000916-TEMP000006,ocean,#1747aa,1464,TRT000916,102,26,143,82,127,58,129,59,5367,443,5408,499,5392,475,5394,476
TRT000917-TEMP000001,ocean,#0f1690,2258,TRT000917,74,27,133,94,105,59,106,61,5373,318,5432,385,5404,350,5405,352
TRT000917-TEMP000002,ocean,#393189,2539,TRT000917,55,71,115,138,86,105,82,103,5354,362,5414,429,5385,396,5381,394
TRT000917-TEMP000003,ocean,#191b92,2387,TRT000917,20,28,74,84,45,56,44,54,5319,319,5373,375,5344,347,5343,345
TRT000917-TEMP000004,ocean,#13269a,2021,TRT000917,50,0,120,57,78,27,80,27,5349,291,5419,348,5377,318,5379,318
TRT000917-TEMP000005,ocean,#1d06b1,1487,TRT000917,0,75,50,131,26,104,25,104,5299,366,5349,422,5325,395,5324,395
TRT000917-TEMP000006,ocean,#010d79,1335,TRT000917,29,85,78,137,54,117,51,118,5328,376,5377,428,5353,408,5350,409
TRT000918-TEMP000001,ocean,#10296b,2312,TRT000918,4,2,50,56,27,29,27,27,5406,445,5452,499,5429,472,5429,470
TRT000918-TEMP000002,ocean,#1136ab,2058,TRT000918,39,41,104,96,69,62,70,62,5441,484,5506,539,5471,505,5472,505
TRT000918-TEMP000003,ocean,#322e8f,1854,TRT000918,47,1,96,43,72,21,72,21,5449,444,5498,486,5474,464,5474,464
TRT000918-TEMP000004,ocean,#32368e,2846,TRT000918,0,56,61,123,28,87,28,85,5402,499,5463,566,5430,530,5430,528
TRT000918-TEMP000005,ocean,#301bac,1834,TRT000918,94,0,155,51,116,18,117,18,5496,443,5557,494,5518,461,5519,461
TRT000919-TEMP000001,ocean,#124e9e,2275,TRT000919,44,63,93,117,70,92,68,94,5447,390,5496,444,5473,419,5471,421
TRT000919-TEMP000002,ocean,#2a3d94,2005,TRT000919,31,1,99,71,60,45,59,45,5434,328,5502,398,5463,372,5462,372
TRT000919-TEMP000003,ocean,#293e9a,2272,TRT000919,93,57,160,116,117,95,117,95,5496,384,5563,443,5520,422,5520,422
TRT000919-TEMP000004,ocean,#311173,1703,TRT000919,0,76,46,118,24,98,22,99,5403,403,5449,445,5427,425,5425,426
TRT000919-TEMP000005,ocean,#2601a7,1754,TRT000919,5,0,51,79,28,52,28,56,5408,327,5454,406,5431,379,5431,383
TRT000920-TEMP000001,ocean,#084d6a,1497,TRT000920,0,47,53,96,30,70,28,69,3823,1042,3876,1091,3853,1065,3851,1064
TRT000920-TEMP000002,ocean,#210996,2428,TRT000920,47,29,99,101,71,63,69,65,3870,1024,3922,1096,3894,1058,3892,1060
TRT000920-TEMP000003,ocean,#2f3f82,2097,TRT000920,72,48,134,112,102,83,102,85,3895,1043,3957,1107,3925,1078,3925,1080
TRT000920-TEMP000004,ocean,#0c0170,3279,TRT000920,91,0,173,73,135,35,133,36,3914,995,3996,1068,3958,1030,3956,1031
TRT000921-TEMP000001,ocean,#3a359f,2178,TRT000921,0,41,61,101,33,74,33,72,3924,1065,3985,1125,3957,1098,3957,1096
TRT000921-TEMP000002,ocean,#3746b3,2630,TRT000921,60,44,122,112,89,76,88,76,3984,1068,4046,1136,4013,1100,4012,1100
TRT000921-TEMP000003,ocean,#391371,2586,TRT000921,8,89,80,146,43,115,42,114,3932,1113,4004,1170,3967,1139,3966,1138
TRT000921-TEMP000004,ocean,#0735a0,1953,TRT000921,39,0,103,62,69,36,69,34,3963,1024,4027,1086,3993,1060,3993,1058
TRT000922-TEMP000001,ocean,#272784,2358,TRT000922,0,30,64,98,31,65,31,65,3858,1196,3922,1264,3889,1231,3889,1231
TRT000922-TEMP000002,ocean,#12298d,2559,TRT000922,47,0,128,57,88,29,87,29,3905,1166,3986,1223,3946,1195,3945,1195
TRT000922-TEMP000003,ocean,#03178b,2201,TRT000922,10,67,77,117,48,96,50,95,3868,1233,3935,1283,3906,1262,3908,1261
TRT000922-TEMP000004,ocean,#314969,1847,TRT000922,65,41,117,88,94,66,98,67,3923,1207,3975,1254,3952,1232,3956,1233
TRT000922-TEMP000005,ocean,#081666,1779,TRT000922,74,86,133,124,101,105,101,106,3932,1252,3991,1290,3959,1271,3959,1272
TRT000922-TEMP000006,ocean,#0d1095,1879,TRT000922,117,30,162,101,134,68,135,68,3975,1196,4020,1267,3992,1234,3993,1234
TRT000923-TEMP000001,ocean,#3b2086,2511,TRT000923,57,29,119,102,87,64,86,65,3887,1102,3949,1175,3917,1137,3916,1138
TRT000923-TEMP000002,ocean,#1125a4,1817,TRT000923,0,0,74,50,35,28,35,26,3830,1073,3904,1123,3865,1101,3865,1099
TRT000923-TEMP000003,ocean,#3415a8,1893,TRT000923,11,39,57,95,31,65,28,61,3841,1112,3887,1168,3861,1138,3858,1134
TRT000923-TEMP000004,ocean,#0744ae,2135,TRT000923,30,67,105,122,68,96,63,94,3860,1140,3935,1195,3898,1169,3893,1167
TRT000923-TEMP000005,ocean,#240a87,1703,TRT000923,19,95,75,153,43,123,43,123,3849,1168,3905,1226,3873,1196,3873,1196
TRT000924-TEMP000001,ocean,#3435aa,1930,TRT000924,0,42,58,111,31,74,31,74,3964,1147,4022,1216,3995,1179,3995,1179
TRT000924-TEMP000002,ocean,#370e99,2211,TRT000924,32,0,83,70,63,38,63,43,3996,1105,4047,1175,4027,1143,4027,1148
TRT000924-TEMP000003,ocean,#2705a6,2377,TRT000924,37,69,105,133,67,97,69,96,4001,1174,4069,1238,4031,1202,4033,1201
TRT000924-TEMP000004,ocean,#122671,2131,TRT000924,79,4,127,83,100,50,99,45,4043,1109,4091,1188,4064,1155,4063,1150
TRT000925-TEMP000001,ocean,#293d74,1679,TRT000925,61,10,108,69,83,46,82,43,5506,277,5553,336,5528,313,5527,310
TRT000925-TEMP000002,ocean,#081279,2351,TRT000925,55,70,114,136,84,97,84,96,5500,337,5559,403,5529,364,5529,363
TRT000925-TEMP000003,ocean,#1a4b9a,1669,TRT000925,25,56,73,112,49,82,47,80,5470,323,5518,379,5494,349,5492,347
TRT000925-TEMP000004,ocean,#2c1499,1436,TRT000925,28,0,78,57,55,32,53,33,5473,267,5523,324,5500,299,5498,300
TRT000925-TEMP000005,ocean,#382589,1088,TRT000925,0,44,41,95,22,68,20,69,5445,311,5486,362,5467,335,5465,336
TRT000926-TEMP000001,ocean,#330367,1745,TRT000926,58,37,98,90,82,62,83,59,5591,300,5631,353,5615,325,5616,322
TRT000926-TEMP000002,ocean,#342670,2179,TRT000926,0,10,60,62,30,34,33,35,5533,273,5593,325,5563,297,5566,298
TRT000926-TEMP000003,ocean,#201a91,1501,TRT000926,49,0,98,40,76,21,77,18,5582,263,5631,303,5609,284,5610,281
TRT000926-TEMP000004,ocean,#19018e,1663,TRT000926,17,49,74,90,45,73,47,74,5550,312,5607,353,5578,336,5580,337
TRT000927-TEMP000001,ocean,#121f6a,1884,TRT000927,44,3,94,49,69,26,66,27,5397,227,5447,273,5422,250,5419,251
TRT000927-TEMP000002,ocean,#094fa7,1361,TRT000927,12,43,59,88,40,65,40,65,5365,267,5412,312,5393,289,5393,289
TRT000927-TEMP000003,ocean,#25038c,1593,TRT000927,56,42,102,95,77,67,77,68,5409,266,5455,319,5430,291,5430,292
TRT000927-TEMP000004,ocean,#0a33a2,1368,TRT000927,0,8,46,59,27,32,25,34,5353,232,5399,283,5380,256,5378,258
TRT000927-TEMP000005,ocean,#2b49a6,2119,TRT000927,95,21,160,78,128,48,126,47,5448,245,5513,302,5481,272,5479,271
TRT000927-TEMP000006,ocean,#093275,1645,TRT000927,89,0,151,39,117,17,117,15,5442,224,5504,263,5470,241,5470,239
TRT000927-TEMP000007,ocean,#2931b3,1342,TRT000927,74,61,125,113,99,87,99,88,5427,285,5478,337,5452,311,5452,312
TRT000928-TEMP000001,ocean,#0334ad,2015,TRT000928,0,14,54,76,29,48,29,48,5524,368,5578,430,5553,402,5553,402
TRT000928-TEMP000002,ocean,#182975,1863,TRT000928,26,0,88,43,57,17,60,18,5550,354,5612,397,5581,371,5584,372
TRT000928-TEMP000003,ocean,#310a8a,1650,TRT000928,45,39,107,76,75,62,74,63,5569,393,5631,430,5599,416,5598,417
TRT000928-TEMP000004,ocean,#1c4c70,1497,TRT000928,73,0,107,61,94,29,96,33,5597,354,5631,415,5618,383,5620,387
TRT000929-TEMP000001,ocean,#144b98,775,TRT000929,94,0,131,48,120,19,120,20,5594,156,5631,204,5620,175,5620,176
TRT000929-TEMP000002,ocean,#1631a4,1766,TRT000929,94,42,131,112,117,77,117,76,5594,198,5631,268,5617,233,5617,232
TRT000929-TEMP000003,ocean,#3a216e,1737,TRT000929,57,36,112,78,83,57,83,57,5557,192,5612,234,5583,213,5583,213
TRT000929-TEMP000004,ocean,#291773,1809,TRT000929,0,47,61,86,33,70,35,69,5500,203,5561,242,5533,226,5535,225
TRT000929-TEMP000005,ocean,#3a339f,1792,TRT000929,59,78,115,118,82,98,84,98,5559,234,5615,274,5582,254,5584,254
TRT000929-TEMP000006,ocean,#123dab,1703,TRT000929,4,85,59,125,34,102,34,102,5504,241,5559,281,5534,258,5534,258
TRT000930-TEMP000001,ocean,#2b4192,1868,TRT000930,77,0,142,46,110,27,109,24,3982,1731,4047,1777,4015,1758,4014,1755
TRT000930-TEMP000002,ocean,#3649a6,1824,TRT000930,81,44,129,94,106,68,106,65,3986,1775,4034,1825,4011,1799,4011,1796
TRT000930-TEMP000003,ocean,#2d3c9d,1814,TRT000930,34,28,90,90,69,60,69,58,3939,1759,3995,1821,3974,1791,3974,1789
TRT000930-TEMP000004,ocean,#212964,2186,TRT000930,118,36,174,112,142,76,143,73,4023,1767,4079,1843,4047,1807,4048,1804
TRT000930-TEMP000005,ocean,#14429f,3114,TRT000930,57,90,135,157,92,120,96,119,3962,1821,4040,1888,3997,1851,4001,1850
TRT000930-TEMP000006,ocean,#1b0aac,2900,TRT000930,0,63,77,137,41,95,44,96,3905,1794,3982,1868,3946,1826,3949,1827
TRT000931-TEMP000001,ocean,#091d7d,2611,TRT000931,0,8,64,86,35,49,35,49,4020,1693,4084,1771,4055,1734,4055,1734
TRT000931-TEMP000002,ocean,#111d64,2652,TRT000931,44,0,116,65,77,30,79,32,4064,1685,4136,1750,4097,1715,4099,1717
TRT000931-TEMP000003,ocean,#26376d,2358,TRT000931,82,24,140,96,112,63,114,63,4102,1709,4160,1781,4132,1748,4134,1748
TRT000931-TEMP000004,ocean,#272f8c,2793,TRT000931,31,61,102,125,66,93,66,94,4051,1746,4122,1810,4086,1778,4086,1779
TRT000931-TEMP000005,ocean,#02229c,1438,TRT000931,122,26,179,69,152,46,154,46,4142,1711,4199,1754,4172,1731,4174,1731
TRT000932-TEMP000001,ocean,#330fa4,2318,TRT000932,42,27,98,92,73,59,76,58,4121,1766,4177,1831,4152,1798,4155,1797
TRT000932-TEMP000002,ocean,#2e0988,2605,TRT000932,0,46,70,122,37,84,38,83,4079,1785,4149,1861,4116,1823,4117,1822
TRT000932-TEMP000003,ocean,#2a22a9,2902,TRT000932,39,92,109,166,76,127,77,126,4118,1831,4188,1905,4155,1866,4156,1865
TRT000932-TEMP000004,ocean,#293573,2023,TRT000932,85,83,140,136,115,104,117,103,4164,1822,4219,1875,4194,1843,4196,1842
TRT000932-TEMP000005,ocean,#1d08b2,1557,TRT000932,70,0,124,48,101,25,102,24,4149,1739,4203,1787,4180,1764,4181,1763
TRT000932-TEMP000006,ocean,#19348f,1541,TRT000932,94,40,140,85,117,66,118,65,4173,1779,4219,1824,4196,1805,4197,1804
TRT000933-TEMP000001,ocean,#0207a2,2167,TRT000933,74,65,131,136,104,98,103,96,4056,1878,4113,1949,4086,1911,4085,1909
TRT000933-TEMP000002,ocean,#210097,2257,TRT000933,46,23,113,83,77,54,80,52,4028,1836,4095,1896,4059,1867,4062,1865
TRT000933-TEMP000003,ocean,#121471,2443,TRT000933,36,83,102,151,71,119,70,117,4018,1896,4084,1964,4053,1932,4052,1930
TRT000933-TEMP000004,ocean,#2d3b9b,2102,TRT000933,110,43,169,107,138,77,139,78,4092,1856,4151,1920,4120,1890,4121,1891
TRT000933-TEMP000005,ocean,#1824a1,2420,TRT000933,0,40,68,112,37,78,36,76,3982,1853,4050,1925,4019,1891,4018,1889
TRT000933-TEMP000006,ocean,#0e1ca3,1765,TRT000933,68,0,131,55,101,28,101,26,4050,1813,4113,1868,4083,1841,4083,1839
TRT000934-TEMP000001,ocean,#2e2b9e,2641,TRT000934,54,45,121,97,87,73,84,75,5263,528,5330,580,5296,556,5293,558
TRT000934-TEMP000002,ocean,#153873,2076,TRT000934,19,88,67,151,47,118,47,121,5228,571,5276,634,5256,601,5256,604
TRT000934-TEMP000003,ocean,#230aa7,1587,TRT000934,63,97,105,146,83,117,83,119,5272,580,5314,629,5292,600,5292,602
TRT000934-TEMP000004,ocean,#1f1ab1,2905,TRT000934,0,19,59,95,31,61,30,62,5209,502,5268,578,5240,544,5239,545
TRT000934-TEMP000005,ocean,#2f4daa,3063,TRT000934,37,0,128,55,78,30,77,30,5246,483,5337,538,5287,513,5286,513
TRT000935-TEMP000001,ocean,#133bab,1839,TRT000935,60,22,126,72,87,48,90,48,5364,536,5430,586,5391,562,5394,562
TRT000935-TEMP000002,ocean,#1a4ea5,2162,TRT000935,15,0,73,59,44,34,44,30,5319,514,5377,573,5348,548,5348,544
TRT000935-TEMP000003,ocean,#1f1998,3643,TRT000935,0,57,71,124,38,89,39,86,5304,571,5375,638,5342,603,5343,600
TRT000935-TEMP000004,ocean,#0b408b,2063,TRT000935,68,51,139,107,101,77,100,78,5372,565,5443,621,5405,591,5404,592
TRT000936-TEMP000001,ocean,#3b09a4,2367,TRT000936,80,71,137,135,108,101,108,99,5328,690,5385,754,5356,720,5356,718
TRT000936-TEMP000002,ocean,#030176,1930,TRT000936,59,28,121,82,92,57,93,56,5307,647,5369,701,5340,676,5341,675
TRT000936-TEMP000003,ocean,#0c469d,2669,TRT000936,23,57,83,123,54,89,55,89,5271,676,5331,742,5302,708,5303,708
TRT000936-TEMP000004,ocean,#2a33a8,2389,TRT000936,0,6,59,72,31,37,32,37,5248,625,5307,691,5279,656,5280,656
TRT000936-TEMP000005,ocean,#000e97,2625,TRT000936,42,110,108,184,74,142,75,141,5290,729,5356,803,5322,761,5323,760
TRT000936-TEMP000006,ocean,#101eaa,1711,TRT000936,43,0,102,53,69,25,71,24,5291,619,5350,672,5317,644,5319,643
TRT000937-TEMP000001,ocean,#1e0378,1884,TRT000937,16,77,73,136,44,102,44,102,5364,666,5421,725,5392,691,5392,691
TRT000937-TEMP000002,ocean,#0d3c9f,2306,TRT000937,0,26,58,85,32,57,32,58,5348,615,5406,674,5380,646,5380,647
TRT000937-TEMP000003,ocean,#071c98,2298,TRT000937,46,0,112,52,82,30,82,30,5394,589,5460,641,5430,619,5430,619
TRT000937-TEMP000004,ocean,#1f00a5,1807,TRT000937,54,49,112,98,79,68,80,70,5402,638,5460,687,5427,657,5428,659
TRT000938-TEMP000001,ocean,#14176d,2261,TRT000938,123,37,185,106,154,71,153,72,3954,1318,4016,1387,3985,1352,3984,1353
TRT000938-TEMP000002,ocean,#1105a8,2637,TRT000938,89,5,153,68,119,37,118,38,3920,1286,3984,1349,3950,1318,3949,1319
TRT000938-TEMP000003,ocean,#310570,2492,TRT000938,51,50,109,113,79,80,80,81,3882,1331,3940,1394,3910,1361,3911,1362
TRT000938-TEMP000004,ocean,#0a2072,2479,TRT000938,0,48,61,104,32,75,34,72,3831,1329,3892,1385,3863,1356,3865,1353
TRT000938-TEMP000005,ocean,#0f218c,1928,TRT000938,0,1,55,61,28,35,27,34,3831,1282,3886,1342,3859,1316,3858,1315
TRT000938-TEMP000006,ocean,#1c2ab1,2425,TRT000938,43,0,105,52,73,23,74,21,3874,1281,3936,1333,3904,1304,3905,1302
TRT000938-TEMP000007,ocean,#252ab1,1965,TRT000938,90,69,151,121,121,97,120,99,3921,1350,3982,1402,3952,1378,3951,1380
TRT000939-TEMP000001,ocean,#2a4f7c,2638,TRT000939,0,38,59,101,29,69,28,67,3824,1405,3883,1468,3853,1436,3852,1434
TRT000939-TEMP000002,ocean,#0d3289,2263,TRT000939,46,81,120,132,89,104,86,104,3870,1448,3944,1499,3913,1471,3910,1471
TRT000939-TEMP000003,ocean,#2c1d74,2124,TRT000939,60,39,127,92,89,69,91,69,3884,1406,3951,1459,3913,1436,3915,1436
TRT000939-TEMP000004,ocean,#033c95,2476,TRT000939,7,0,79,57,40,30,42,29,3831,1367,3903,1424,3864,1397,3866,1396
TRT000939-TEMP000005,ocean,#1a2270,1681,TRT000939,76,22,134,77,108,45,110,45,3900,1389,3958,1444,3932,1412,3934,1412
TRT000940-TEMP000001,ocean,#043e99,2346,TRT000940,0,86,61,142,29,112,27,115,3939,1449,4000,1505,3968,1475,3966,1478
TRT000940-TEMP000002,ocean,#094079,2541,TRT000940,11,28,69,94,39,65,38,64,3950,1391,4008,1457,3978,1428,3977,1427
TRT000940-TEMP000003,ocean,#1b43a0,1934,TRT000940,3,126,67,168,35,150,38,150,3942,1489,4006,1531,3974,1513,3977,1513
TRT000940-TEMP000004,ocean,#3b2180,3293,TRT000940,58,53,133,117,97,86,94,88,3997,1416,4072,1480,4036,1449,4033,1451
TRT000940-TEMP000005,ocean,#14107a,2297,TRT000940,55,106,110,166,80,135,82,136,3994,1469,4049,1529,4019,1498,4021,1499
TRT000940-TEMP000006,ocean,#1016a5,2464,TRT000940,42,0,113,66,74,36,76,36,3981,1363,4052,1429,4013,1399,4015,1399
TRT000941-TEMP000001,ocean,#194570,2391,TRT000941,14,0,77,57,40,31,36,33,3822,1449,3885,1506,3848,1480,3844,1482
TRT000941-TEMP000002,ocean,#1e3b9a,3251,TRT000941,68,27,137,90,99,64,99,62,3876,1476,3945,1539,3907,1513,3907,1511
TRT000941-TEMP000003,ocean,#152079,2541,TRT000941,0,49,73,99,37,75,41,75,3808,1498,3881,1548,3845,1524,3849,1524
TRT000942-TEMP000001,ocean,#24418e,1556,TRT000942,7,7,64,54,40,34,41,34,4404,1611,4461,1658,4437,1638,4438,1638
TRT000942-TEMP000002,ocean,#22087b,1920,TRT000942,0,47,74,95,44,67,44,67,4397,1651,4471,1699,4441,1671,4441,1671
TRT000942-TEMP000003,ocean,#0d3d93,1971,TRT000942,55,0,110,56,80,26,80,24,4452,1604,4507,1660,4477,1630,4477,1628
TRT000942-TEMP000004,ocean,#1a1d97,2441,TRT000942,75,33,142,95,108,65,105,65,4472,1637,4539,1699,4505,1669,4502,1669
TRT000942-TEMP000005,ocean,#111aa4,1754,TRT000942,52,71,113,125,81,98,81,100,4449,1675,4510,1729,4478,1702,4478,1704
TRT000943-TEMP000001,ocean,#351884,1301,TRT000943,45,115,97,161,71,139,70,140,4527,1630,4579,1676,4553,1654,4552,1655
TRT000943-TEMP000002,ocean,#21278d,1976,TRT000943,71,76,127,136,99,105,97,107,4553,1591,4609,1651,4581,1620,4579,1622
TRT000943-TEMP000003,ocean,#1b41a0,1527,TRT000943,23,89,73,140,48,114,47,116,4505,1604,4555,1655,4530,1629,4529,1631
TRT000943-TEMP000004,ocean,#212aa9,2044,TRT000943,48,47,121,101,77,74,75,74,4530,1562,4603,1616,4559,1589,4557,1589
TRT000943-TEMP000005,ocean,#06328e,1776,TRT000943,10,23,66,75,41,50,38,51,4492,1538,4548,1590,4523,1565,4520,1566
TRT000943-TEMP000006,ocean,#3125a9,2480,TRT000943,61,0,122,70,93,33,93,34,4543,1515,4604,1585,4575,1548,4575,1549
TRT000943-TEMP000007,ocean,#083f64,1580,TRT000943,0,60,51,112,23,85,23,86,4482,1575,4533,1627,4505,1600,4505,1601
TRT000944-TEMP000001,ocean,#321d6d,2593,TRT000944,55,70,123,137,89,102,88,101,4429,1551,4497,1618,4463,1583,4462,1582
TRT000944-TEMP000002,ocean,#0e1f67,1859,TRT000944,50,27,115,79,79,58,79,55,4424,1508,4489,1560,4453,1539,4453,1536
TRT000944-TEMP000003,ocean,#243d7d,1932,TRT000944,21,60,70,132,49,93,47,90,4395,1541,4444,1613,4423,1574,4421,1571
TRT000944-TEMP000004,ocean,#3933a1,1826,TRT000944,17,0,71,59,44,30,42,31,4391,1481,4445,1540,4418,1511,4416,1512
TRT000944-TEMP000005,ocean,#1e3665,1312,TRT000944,0,38,47,89,22,63,19,64,4374,1519,4421,1570,4396,1544,4393,1545
TRT000945-TEMP000001,ocean,#03338d,1962,TRT000945,42,88,96,150,72,118,73,119,4460,1495,4514,1557,4490,1525,4491,1526
TRT000945-TEMP000002,ocean,#041a67,2458,TRT000945,0,49,67,113,36,79,36,81,4418,1456,4485,1520,4454,1486,4454,1488
TRT000945-TEMP000003,ocean,#150298,2232,TRT000945,65,40,127,98,94,73,96,74,4483,1447,4545,1505,4512,1480,4514,1481
TRT000945-TEMP000004,ocean,#0e0b82,2520,TRT000945,25,0,92,68,58,36,58,38,4443,1407,4510,1475,4476,1443,4476,1445
TRT000945-TEMP000005,ocean,#212c76,1549,TRT000945,118,72,173,123,142,98,143,98,4536,1479,4591,1530,4560,1505,4561,1505
TRT000945-TEMP000006,ocean,#303c6e,1531,TRT000945,90,91,134,141,109,116,110,115,4508,1498,4552,1548,4527,1523,4528,1522
TRT000946-TEMP000001,ocean,#083fad,1480,TRT000946,0,37,50,91,25,64,22,64,4326,1578,4376,1632,4351,1605,4348,1605
TRT000946-TEMP000002,ocean,#100087,1881,TRT000946,13,0,75,60,45,33,43,34,4339,1541,4401,1601,4371,1574,4369,1575
TRT000946-TEMP000003,ocean,#0a0d70,1793,TRT000946,48,38,103,96,77,69,76,70,4374,1579,4429,1637,4403,1610,4402,1611
TRT000946-TEMP000004,ocean,#19347e,1645,TRT000946,32,74,92,124,62,99,59,98,4358,1615,4418,1665,4388,1640,4385,1639
TRT000947-TEMP000001,ocean,#2141b2,3293,TRT000947,0,93,82,159,32,124,36,121,3885,1901,3967,1967,3917,1932,3921,1929
TRT000947-TEMP000002,ocean,#12337c,2771,TRT000947,45,44,113,119,73,85,70,78,3930,1852,3998,1927,3958,1893,3955,1886
TRT000947-TEMP000003,ocean,#38227d,1920,TRT000947,5,48,49,100,26,72,23,69,3890,1856,3934,1908,3911,1880,3908,1877
TRT000947-TEMP000004,ocean,#113a94,1390,TRT000947,8,0,58,52,29,32,26,28,3893,1808,3943,1860,3914,1840,3911,1836
TRT000948-TEMP000001,ocean,#164094,2789,TRT000948,105,34,160,110,135,73,135,72,4000,1942,4055,2018,4030,1981,4030,1980
TRT000948-TEMP000002,ocean,#342f7d,2875,TRT000948,63,0,137,64,99,33,98,34,3958,1908,4032,1972,3994,1941,3993,1942
TRT000948-TEMP000003,ocean,#2711b1,2461,TRT000948,61,62,124,114,89,91,89,92,3956,1970,4019,2022,3984,1999,3984,2000
TRT000948-TEMP000004,ocean,#183096,2265,TRT000948,3,26,81,85,49,57,48,59,3898,1934,3976,1993,3944,1965,3943,1967
TRT000948-TEMP000005,ocean,#280787,2154,TRT000948,0,60,60,123,32,92,32,93,3895,1968,3955,2031,3927,2000,3927,2001
TRT000949-TEMP000001,ocean,#1b447f,2438,TRT000949,48,15,117,75,85,51,87,52,3818,2016,3887,2076,3855,2052,3857,2053
TRT000949-TEMP000002,ocean,#014c90,2046,TRT000949,54,68,110,110,82,92,82,93,3824,2069,3880,2111,3852,2093,3852,2094
TRT000949-TEMP000003,ocean,#250371,2843,TRT000949,0,52,58,110,29,85,30,84,3770,2053,3828,2111,3799,2086,3800,2085
TRT000949-TEMP000004,ocean,#0e3ba1,2482,TRT000949,108,59,159,110,135,85,136,87,3878,2060,3929,2111,3905,2086,3906,2088
TRT000949-TEMP000005,ocean,#0e4c7b,2616,TRT000949,98,0,157,61,130,32,131,33,3868,2001,3927,2062,3900,2033,3901,2034
TRT000950-TEMP000001,ocean,#240486,3045,TRT000950,82,20,152,86,117,52,116,53,3834,1949,3904,2015,3869,1981,3868,1982
TRT000950-TEMP000002,ocean,#2112ac,2819,TRT000950,19,0,94,59,57,29,57,29,3771,1929,3846,1988,3809,1958,3809,1958
TRT000950-TEMP000003,ocean,#0d3495,2535,TRT000950,0,34,64,93,31,67,34,68,3752,1963,3816,2022,3783,1996,3786,1997
TRT000950-TEMP000004,ocean,#2c1aab,1968,TRT000950,14,91,72,144,39,113,39,115,3766,2020,3824,2073,3791,2042,3791,2044
TRT000950-TEMP000005,ocean,#1d0867,2218,TRT000950,54,54,114,116,81,84,82,87,3806,1983,3866,2045,3833,2013,3834,2016
TRT000951-TEMP000001,ocean,#071aa9,2156,TRT000951,63,0,111,67,91,36,90,35,3848,1816,3896,1883,3876,1852,3875,1851
TRT000951-TEMP000002,ocean,#2a1a8d,2723,TRT000951,63,66,106,141,84,102,87,98,3848,1882,3891,1957,3869,1918,3872,1914
TRT000951-TEMP000003,ocean,#3a0887,2765,TRT000951,0,68,62,132,35,99,39,98,3785,1884,3847,1948,3820,1915,3824,1914
TRT000951-TEMP000004,ocean,#36379f,1972,TRT000951,18,23,79,78,52,54,51,51,3803,1839,3864,1894,3837,1870,3836,1867
TRT000952-TEMP000001,ocean,#340884,1872,TRT000952,73,56,120,103,100,82,100,84,4001,2064,4048,2111,4028,2090,4028,2092
TRT000952-TEMP000002,ocean,#3703a2,2113,TRT000952,37,40,84,103,61,74,60,73,3965,2048,4012,2111,3989,2082,3988,2081
TRT000952-TEMP000003,ocean,#12468e,1770,TRT000952,0,56,47,103,21,82,21,83,3928,2064,3975,2111,3949,2090,3949,2091
TRT000952-TEMP000004,ocean,#240ea5,2822,TRT000952,60,0,120,59,93,31,93,33,3988,2008,4048,2067,4021,2039,4021,2041
TRT000952-TEMP000005,ocean,#1428ad,2420,TRT000952,0,12,61,61,29,36,28,37,3928,2020,3989,2069,3957,2044,3956,2045
TRT000953-TEMP000001,ocean,#1a2574,2097,TRT000953,145,49,193,104,172,79,173,83,5583,616,5631,671,5610,646,5611,650
TRT000953-TEMP000002,ocean,#2f2074,2570,TRT000953,94,25,162,80,125,55,128,57,5532,592,5600,647,5563,622,5566,624
TRT000953-TEMP000003,ocean,#2f026c,2057,TRT000953,93,81,156,128,127,102,129,104,5531,648,5594,695,5565,669,5567,671
TRT000953-TEMP000004,ocean,#16066a,2926,TRT000953,22,8,94,83,55,43,54,42,5460,575,5532,650,5493,610,5492,609
TRT000953-TEMP000005,ocean,#0f4086,2657,TRT000953,29,44,107,107,76,77,77,76,5467,611,5545,674,5514,644,5515,643
TRT000953-TEMP000006,ocean,#012e7e,1481,TRT000953,147,104,193,147,174,122,176,125,5585,671,5631,714,5612,689,5614,692
TRT000953-TEMP000007,ocean,#1a29a5,1674,TRT000953,0,0,52,58,24,20,22,19,5438,567,5490,625,5462,587,5460,586
TRT000954-TEMP000001,ocean,#0f25b2,2188,TRT000954,146,62,193,126,174,94,175,93,5584,562,5631,626,5612,594,5613,593
TRT000954-TEMP000002,ocean,#1303a8,2443,TRT000954,128,20,193,72,161,46,160,46,5566,520,5631,572,5599,546,5598,546
TRT000954-TEMP000003,ocean,#223f75,2392,TRT000954,65,0,132,59,100,31,100,33,5503,500,5570,559,5538,531,5538,533
TRT000954-TEMP000004,ocean,#25027b,2086,TRT000954,103,48,154,107,128,79,128,80,5541,548,5592,607,5566,579,5566,580
TRT000954-TEMP000005,ocean,#334a9c,2514,TRT000954,0,0,75,73,46,43,47,42,5438,500,5513,573,5484,543,5485,542
TRT000954-TEMP000006,ocean,#1e4c67,1651,TRT000954,51,44,106,92,82,69,81,70,5489,544,5544,592,5520,569,5519,570
TRT000955-TEMP000001,ocean,#05089e,2064,TRT000955,39,0,93,57,70,26,70,25,5542,431,5596,488,5573,457,5573,456
TRT000955-TEMP000002,ocean,#3240a3,2024,TRT000955,88,0,128,57,110,26,110,28,5591,431,5631,488,5613,457,5613,459
TRT000955-TEMP000003,ocean,#060c6d,2398,TRT000955,0,30,72,87,40,62,40,62,5503,461,5575,518,5543,493,5543,493
TRT000955-TEMP000004,ocean,#1e1688,2577,TRT000955,67,49,128,105,100,75,99,75,5570,480,5631,536,5603,506,5602,506
TRT000956-TEMP000001,ocean,#222d9c,2221,TRT000956,0,53,53,116,29,87,29,87,4269,1508,4322,1571,4298,1542,4298,1542
TRT000956-TEMP000002,ocean,#0b46af,2345,TRT000956,78,12,139,76,104,43,102,42,4347,1467,4408,1531,4373,1498,4371,1497
TRT000956-TEMP000003,ocean,#172e97,2306,TRT000956,27,0,83,66,58,35,56,36,4296,1455,4352,1521,4327,1490,4325,1491
TRT000956-TEMP000004,ocean,#0e1274,2158,TRT000956,53,55,112,114,77,83,77,83,4322,1510,4381,1569,4346,1538,4346,1538
TRT000956-TEMP000005,ocean,#254969,1934,TRT000956,15,101,74,159,47,127,46,127,4284,1556,4343,1614,4316,1582,4315,1582
TRT000957-TEMP000001,ocean,#1534ac,2604,TRT000957,105,2,157,71,127,30,128,32,4271,1439,4323,1508,4293,1467,4294,1469
TRT000957-TEMP000002,ocean,#01227a,2698,TRT000957,49,2,105,64,79,31,81,31,4215,1439,4271,1501,4245,1468,4247,1468
TRT000957-TEMP000003,ocean,#2e0f72,2616,TRT000957,56,53,128,119,95,79,93,80,4222,1490,4294,1556,4261,1516,4259,1517
TRT000957-TEMP000004,ocean,#2e0fa2,2100,TRT000957,0,0,63,57,35,20,35,19,4166,1437,4229,1494,4201,1457,4201,1456
TRT000958-TEMP000001,ocean,#021c82,1921,TRT000958,0,76,63,119,31,94,32,95,4318,1428,4381,1471,4349,1446,4350,1447
TRT000958-TEMP000002,ocean,#32489e,2491,TRT000958,0,37,73,79,35,59,34,60,4318,1389,4391,1431,4353,1411,4352,1412
TRT000958-TEMP000003,ocean,#0b018b,1797,TRT000958,49,83,111,136,78,112,77,114,4367,1435,4429,1488,4396,1464,4395,1466
TRT000958-TEMP000004,ocean,#30207b,2455,TRT000958,64,55,137,115,100,84,100,85,4382,1407,4455,1467,4418,1436,4418,1437
TRT000958-TEMP000005,ocean,#164a95,2239,TRT000958,7,1,64,44,35,21,37,21,4325,1353,4382,1396,4353,1373,4355,1373
TRT000958-TEMP000006,ocean,#152fad,2098,TRT000958,62,0,125,51,87,20,88,17,4380,1352,4443,1403,4405,1372,4406,1369
TRT000958-TEMP000007,ocean,#0309a8,2492,TRT000958,73,15,146,76,116,47,112,47,4391,1367,4464,1428,4434,1399,4430,1399
TRT000959-TEMP000001,ocean,#0f17a0,2702,TRT000959,0,30,82,85,49,65,50,64,4167,1383,4249,1438,4216,1418,4217,1417
TRT000959-TEMP000002,ocean,#060782,2758,TRT000959,82,36,151,87,115,66,114,65,4249,1389,4318,1440,4282,1419,4281,1418
TRT000959-TEMP000003,ocean,#300b8d,2515,TRT000959,43,0,105,54,77,23,77,21,4210,1353,4272,1407,4244,1376,4244,1374
TRT000959-TEMP000004,ocean,#18269a,2489,TRT000959,105,0,157,56,133,24,133,24,4272,1353,4324,1409,4300,1377,4300,1377
TRT000960-TEMP000001,ocean,#00198e,2229,TRT000960,67,24,124,93,95,61,97,66,3889,1564,3946,1633,3917,1601,3919,1606
TRT000960-TEMP000002,ocean,#143186,1835,TRT000960,62,76,126,125,90,100,88,101,3884,1616,3948,1665,3912,1640,3910,1641
TRT000960-TEMP000003,ocean,#212e9b,3315,TRT000960,0,0,104,49,58,18,60,20,3822,1540,3926,1589,3880,1558,3882,1560
TRT000960-TEMP000004,ocean,#0d2e91,2497,TRT000960,2,13,70,87,39,55,40,58,3824,1553,3892,1627,3861,1595,3862,1598
TRT000960-TEMP000005,ocean,#280282,1806,TRT000960,29,84,73,139,50,110,49,113,3851,1624,3895,1679,3872,1650,3871,1653
TRT000961-TEMP000001,ocean,#220b80,2693,TRT000961,13,43,76,107,44,73,42,71,3932,1573,3995,1637,3963,1603,3961,1601
TRT000961-TEMP000002,ocean,#300d96,2061,TRT000961,0,0,51,53,28,25,27,23,3919,1530,3970,1583,3947,1555,3946,1553
TRT000961-TEMP000003,ocean,#173486,2280,TRT000961,51,0,116,48,78,19,75,20,3970,1530,4035,1578,3997,1549,3994,1550
TRT000961-TEMP000004,ocean,#1f218c,2261,TRT000961,65,18,123,83,96,51,96,51,3984,1548,4042,1613,4015,1581,4015,1581
TRT000962-TEMP000001,ocean,#1425a7,2806,TRT000962,70,66,149,135,108,96,103,100,3934,1712,4013,1781,3972,1742,3967,1746
TRT000962-TEMP000002,ocean,#054870,2208,TRT000962,7,61,62,123,32,90,32,91,3871,1707,3926,1769,3896,1736,3896,1737
TRT000962-TEMP000003,ocean,#332eaa,2402,TRT000962,25,102,93,161,57,132,55,134,3889,1748,3957,1807,3921,1778,3919,1780
TRT000962-TEMP000004,ocean,#2d179b,2676,TRT000962,0,4,71,65,38,38,38,38,3864,1650,3935,1711,3902,1684,3902,1684
TRT000962-TEMP000005,ocean,#1934a1,2341,TRT000962,67,0,135,69,95,40,97,41,3931,1646,3999,1715,3959,1686,3961,1687
TRT000962-TEMP000006,ocean,#282987,1902,TRT000962,44,42,102,104,71,72,72,70,3908,1688,3966,1750,3935,1718,3936,1716
TRT000963-TEMP000001,ocean,#243367,2727,TRT000963,48,0,117,65,83,33,82,33,3994,1592,4063,1657,4029,1625,4028,1625
TRT000963-TEMP000002,ocean,#250f71,2486,TRT000963,0,24,66,90,34,57,32,56,3946,1616,4012,1682,3980,1649,3978,1648
TRT000963-TEMP000003,ocean,#3329ae,2518,TRT000963,31,65,94,140,65,103,62,101,3977,1657,4040,1732,4011,1695,4008,1693
TRT000963-TEMP000004,ocean,#370696,2392,TRT000963,69,49,124,122,99,81,99,82,4015,1641,4070,1714,4045,1673,4045,1674
TRT000964-TEMP000001,ocean,#0e1c81,2548,TRT000964,67,50,126,124,98,85,98,85,3814,1229,3873,1303,3845,1264,3845,1264
TRT000964-TEMP000002,ocean,#190d9b,3067,TRT000964,41,0,110,62,80,29,78,28,3788,1179,3857,1241,3827,1208,3825,1207
TRT000964-TEMP000003,ocean,#073993,3112,TRT000964,5,12,68,80,33,48,34,53,3752,1191,3815,1259,3780,1227,3781,1232
TRT000964-TEMP000004,ocean,#3a4382,1986,TRT000964,42,68,95,126,64,102,64,105,3789,1247,3842,1305,3811,1281,3811,1284
TRT000964-TEMP000005,ocean,#1b2a71,1851,TRT000964,0,72,44,123,22,100,21,101,3747,1251,3791,1302,3769,1279,3768,1280
TRT000965-TEMP000001,ocean,#314ba7,2341,TRT000965,37,72,106,139,67,112,68,110,3766,1124,3835,1191,3796,1164,3797,1162
TRT000965-TEMP000002,ocean,#1b2284,2335,TRT000965,64,57,123,131,96,90,97,88,3793,1109,3852,1183,3825,1142,3826,1140
TRT000965-TEMP000003,ocean,#2c0da1,2537,TRT000965,55,0,111,64,82,33,84,32,3784,1052,3840,1116,3811,1085,3813,1084
TRT000965-TEMP000004,ocean,#2a3e67,3220,TRT000965,0,11,66,73,34,42,37,41,3729,1063,3795,1125,3763,1094,3766,1093
TRT000965-TEMP000005,ocean,#370579,2482,TRT000965,8,68,57,139,30,99,28,99,3737,1120,3786,1191,3759,1151,3757,1151
TRT000966-TEMP000001,ocean,#1928ab,2396,TRT000966,40,43,91,111,68,79,67,77,3693,1116,3744,1184,3721,1152,3720,1150
TRT000966-TEMP000002,ocean,#094b67,1941,TRT000966,0,19,47,83,20,55,20,60,3653,1092,3700,1156,3673,1128,3673,1133
TRT000966-TEMP000003,ocean,#072c7d,2425,TRT000966,6,0,83,55,54,28,49,27,3659,1073,3736,1128,3707,1101,3702,1100
TRT000966-TEMP000004,ocean,#320f81,1695,TRT000966,3,78,59,115,27,98,27,100,3656,1151,3712,1188,3680,1171,3680,1173
TRT000967-TEMP000001,ocean,#120e6b,2851,TRT000967,49,0,102,65,77,34,77,38,3705,1184,3758,1249,3733,1218,3733,1222
TRT000967-TEMP000002,ocean,#171175,2697,TRT000967,0,1,63,54,29,27,31,26,3656,1185,3719,1238,3685,1211,3687,1210
TRT000967-TEMP000003,ocean,#2c0c94,2127,TRT000967,46,64,95,116,73,88,74,91,3702,1248,3751,1300,3729,1272,3730,1275
TRT000967-TEMP000004,ocean,#091b6e,2711,TRT000967,2,52,54,109,26,81,26,81,3658,1236,3710,1293,3682,1265,3682,1265
TRT000968-TEMP000001,ocean,#243282,1756,TRT000968,54,20,102,85,78,52,79,50,3574,1555,3622,1620,3598,1587,3599,1585
TRT000968-TEMP000002,ocean,#294f67,2301,TRT000968,6,67,74,126,42,96,42,95,3526,1602,3594,1661,3562,1631,3562,1630
TRT000968-TEMP000003,ocean,#0e159b,1842,TRT000968,17,0,72,67,47,35,47,37,3537,1535,3592,1602,3567,1570,3567,1572
TRT000968-TEMP000004,ocean,#110e82,1794,TRT000968,0,35,44,101,16,66,15,66,3520,1570,3564,1636,3536,1601,3535,1601
TRT000969-TEMP000001,ocean,#0a0385,1884,TRT000969,63,34,124,91,93,63,94,62,3627,1467,3688,1524,3657,1496,3658,1495
TRT000969-TEMP000002,ocean,#0b4a7c,2010,TRT000969,20,0,79,56,48,29,48,29,3584,1433,3643,1489,3612,1462,3612,1462
TRT000969-TEMP000003,ocean,#071fa5,1928,TRT000969,4,40,63,88,33,68,33,67,3568,1473,3627,1521,3597,1501,3597,1500
TRT000969-TEMP000004,ocean,#342e65,1919,TRT000969,47,66,100,132,70,96,70,94,3611,1499,3664,1565,3634,1529,3634,1527
TRT000969-TEMP000005,ocean,#35067e,1862,TRT000969,0,89,64,142,34,109,33,109,3564,1522,3628,1575,3598,1542,3597,1542
TRT000970-TEMP000001,ocean,#314971,1266,TRT000970,0,54,44,109,23,82,22,82,3569,1630,3613,1685,3592,1658,3591,1658
TRT000970-TEMP000002,ocean,#1823a2,1853,TRT000970,30,80,89,134,58,104,58,104,3599,1656,3658,1710,3627,1680,3627,1680
TRT000970-TEMP000003,ocean,#2e3580,1545,TRT000970,23,37,69,85,47,61,47,62,3592,1613,3638,1661,3616,1637,3616,1638
TRT000970-TEMP000004,ocean,#041d9b,1479,TRT000970,32,0,89,50,61,29,59,28,3601,1576,3658,1626,3630,1605,3628,1604
TRT000970-TEMP000005,ocean,#36488f,2131,TRT000970,70,31,123,96,92,63,92,62,3639,1607,3692,1672,3661,1639,3661,1638
TRT000971-TEMP000001,ocean,#013c97,1390,TRT000971,10,33,56,84,38,60,37,62,3635,1526,3681,1577,3663,1553,3662,1555
TRT000971-TEMP000002,ocean,#30057e,1501,TRT000971,56,38,98,85,75,63,74,61,3681,1531,3723,1578,3700,1556,3699,1554
TRT000971-TEMP000003,ocean,#1b4bb3,2178,TRT000971,41,83,102,143,69,108,68,107,3666,1576,3727,1636,3694,1601,3693,1600
TRT000971-TEMP000004,ocean,#0239ac,1521,TRT000971,40,0,101,45,69,28,69,27,3665,1493,3726,1538,3694,1521,3694,1520
TRT000971-TEMP000005,ocean,#352481,2001,TRT000971,88,36,139,101,111,67,110,67,3713,1529,3764,1594,3736,1560,3735,1560
TRT000971-TEMP000006,ocean,#214f9c,1355,TRT000971,0,68,52,116,27,90,26,91,3625,1561,3677,1609,3652,1583,3651,1584
TRT000972-TEMP000001,ocean,#3a4372,1527,TRT000972,38,10,91,62,68,39,69,39,4925,697,4978,749,4955,726,4956,726
TRT000972-TEMP000002,ocean,#270ba2,1417,TRT000972,0,43,44,102,25,69,24,69,4887,730,4931,789,4912,756,4911,756
TRT000972-TEMP000003,ocean,#034592,1562,TRT000972,75,43,123,87,99,64,99,64,4962,730,5010,774,4986,751,4986,751
TRT000972-TEMP000004,ocean,#262b84,1417,TRT000972,32,51,79,100,56,75,54,75,4919,738,4966,787,4943,762,4941,762
TRT000972-TEMP000005,ocean,#0932a8,1547,TRT000972,79,0,128,47,104,24,105,24,4966,687,5015,734,4991,711,4992,711
TRT000973-TEMP000001,ocean,#0c366d,1937,TRT000973,6,18,59,66,31,42,33,42,4876,648,4929,696,4901,672,4903,672
TRT000973-TEMP000002,ocean,#29286d,1667,TRT000973,43,37,91,93,66,64,69,61,4913,667,4961,723,4936,694,4939,691
TRT000973-TEMP000003,ocean,#044297,2400,TRT000973,0,62,59,122,24,89,25,88,4870,692,4929,752,4894,719,4895,718
TRT000973-TEMP000004,ocean,#13216c,996,TRT000973,79,23,117,67,99,47,100,46,4949,653,4987,697,4969,677,4970,676
TRT000973-TEMP000005,ocean,#2f4987,1325,TRT000973,50,0,103,41,78,21,81,19,4920,630,4973,671,4948,651,4951,649
TRT000974-TEMP000001,ocean,#2d0368,1459,TRT000974,34,25,82,76,60,53,60,53,5004,597,5052,648,5030,625,5030,625
TRT000974-TEMP000002,ocean,#2c1683,1862,TRT000974,0,49,51,106,25,77,26,77,4970,621,5021,678,4995,649,4996,649
TRT000974-TEMP000003,ocean,#1f1892,1362,TRT000974,47,72,93,123,69,93,70,95,5017,644,5063,695,5039,665,5040,667
TRT000974-TEMP000004,ocean,#2a1976,1441,TRT000974,16,91,71,134,45,115,45,116,4986,663,5041,706,5015,687,5015,688
TRT000974-TEMP000005,ocean,#294168,1834,TRT000974,51,0,110,46,80,22,81,22,5021,572,5080,618,5050,594,5051,594
TRT000974-TEMP000006,ocean,#2921b0,1352,TRT000974,72,90,118,133,96,113,97,114,5042,662,5088,705,5066,685,5067,686
TRT000974-TEMP000007,ocean,#1e3186,1572,TRT000974,76,37,113,90,98,65,98,66,5046,609,5083,662,5068,637,5068,638
TRT000975-TEMP000001,ocean,#0b2e88,1874,TRT000975,0,56,55,113,30,82,29,81,5004,758,5059,815,5034,784,5033,783
TRT000975-TEMP000002,ocean,#203571,1262,TRT000975,23,20,76,65,46,44,45,43,5027,722,5080,767,5050,746,5049,745
TRT000975-TEMP000003,ocean,#372169,1774,TRT000975,47,44,89,103,69,73,68,72,5051,746,5093,805,5073,775,5072,774
TRT000975-TEMP000004,ocean,#391d88,1613,TRT000975,38,0,86,43,66,18,65,16,5042,702,5090,745,5070,720,5069,718
TRT000975-TEMP000005,ocean,#280ea5,1452,TRT000975,0,4,40,59,20,29,19,29,5004,706,5044,761,5024,731,5023,731
TRT000976-TEMP000001,ocean,#2535a8,1521,TRT000976,56,0,106,43,78,21,80,23,4970,766,5020,809,4992,787,4994,789
TRT000976-TEMP000002,ocean,#2d31b3,1606,TRT000976,0,8,58,54,33,29,34,28,4914,774,4972,820,4947,795,4948,794
TRT000976-TEMP000003,ocean,#0b0d6e,1183,TRT000976,74,30,121,77,94,50,93,53,4988,796,5035,843,5008,816,5007,819
TRT000976-TEMP000004,ocean,#031f68,1419,TRT000976,31,34,79,85,58,60,57,60,4945,800,4993,851,4972,826,4971,826
TRT000977-TEMP000001,ocean,#1d4a6e,1205,TRT000977,24,0,66,50,46,24,48,23,4135,950,4177,1000,4157,974,4159,973
TRT000977-TEMP000002,ocean,#1e4097,1659,TRT000977,0,33,55,93,23,60,26,59,4111,983,4166,1043,4134,1010,4137,1009
TRT000977-TEMP000003,ocean,#180d6b,972,TRT000977,55,33,100,67,83,52,84,51,4166,983,4211,1017,4194,1002,4195,1001
TRT000977-TEMP000004,ocean,#331e82,1099,TRT000977,60,61,100,92,79,77,81,77,4171,1011,4211,1042,4190,1027,4192,1027
TRT000977-TEMP000005,ocean,#231664,1266,TRT000977,1,58,62,95,39,81,41,82,4112,1008,4173,1045,4150,1031,4152,1032
TRT000977-TEMP000006,ocean,#142a7c,911,TRT000977,52,9,95,53,72,31,73,31,4163,959,4206,1003,4183,981,4184,981
TRT000978-TEMP000001,ocean,#112baa,1480,TRT000978,52,0,102,33,76,15,76,15,4155,1043,4205,1076,4179,1058,4179,1058
TRT000978-TEMP000002,ocean,#29319f,1428,TRT000978,0,1,52,40,28,17,28,18,4103,1044,4155,1083,4131,1060,4131,1061
TRT000978-TEMP000003,ocean,#09189a,712,TRT000978,40,51,76,86,59,67,57,69,4143,1094,4179,1129,4162,1110,4160,1112
TRT000978-TEMP000004,ocean,#16189c,1084,TRT000978,61,67,100,115,80,87,79,86,4164,1110,4203,1158,4183,1130,4182,1129
TRT000978-TEMP000005,ocean,#3b409f,1248,TRT000978,63,27,100,68,84,48,82,48,4166,1070,4203,1111,4187,1091,4185,1091
TRT000978-TEMP000006,ocean,#3307af,1088,TRT000978,19,23,63,63,44,43,44,45,4122,1066,4166,1106,4147,1086,4147,1088
TRT000979-TEMP000001,ocean,#32008e,1134,TRT000979,44,23,76,77,60,54,59,56,4038,1013,4070,1067,4054,1044,4053,1046
TRT000979-TEMP000002,ocean,#091079,562,TRT000979,0,0,20,50,8,26,8,26,3994,990,4014,1040,4002,1016,4002,1016
TRT000979-TEMP000003,ocean,#0504a3,1405,TRT000979,43,75,99,120,65,96,65,96,4037,1065,4093,1110,4059,1086,4059,1086
TRT000979-TEMP000004,ocean,#30089e,725,TRT000979,11,44,48,83,31,63,30,62,4005,1034,4042,1073,4025,1053,4024,1052
TRT000979-TEMP000005,ocean,#30119b,1808,TRT000979,64,0,117,71,95,33,95,33,4058,990,4111,1061,4089,1023,4089,1023
TRT000980-TEMP000001,ocean,#011392,1692,TRT000980,32,65,84,110,60,88,61,86,4082,1125,4134,1170,4110,1148,4111,1146
TRT000980-TEMP000002,ocean,#351f8d,970,TRT000980,27,0,71,44,51,24,50,24,4077,1060,4121,1104,4101,1084,4100,1084
TRT000980-TEMP000003,ocean,#3042af,1338,TRT000980,81,75,135,110,107,97,107,97,4131,1135,4185,1170,4157,1157,4157,1157
TRT000980-TEMP000004,ocean,#270897,1044,TRT000980,70,46,115,89,91,69,92,68,4120,1106,4165,1149,4141,1129,4142,1128
TRT000980-TEMP000005,ocean,#341ea8,1084,TRT000980,46,25,90,66,67,47,68,45,4096,1085,4140,1126,4117,1107,4118,1105
TRT000980-TEMP000006,ocean,#3b1fae,1535,TRT000980,0,33,52,85,28,58,29,58,4050,1093,4102,1145,4078,1118,4079,1118
TRT000981-TEMP000001,ocean,#012eb2,1259,TRT000981,0,52,48,93,24,72,25,73,4065,958,4113,999,4089,978,4090,979
TRT000981-TEMP000002,ocean,#0e0185,1448,TRT000981,28,0,80,51,51,26,50,28,4093,906,4145,957,4116,932,4115,934
TRT000981-TEMP000003,ocean,#1515a8,808,TRT000981,22,72,64,111,44,90,43,93,4087,978,4129,1017,4109,996,4108,999
TRT000981-TEMP000004,ocean,#142c97,1148,TRT000981,5,11,40,56,21,37,19,38,4070,917,4105,962,4086,943,4084,944
TRT000981-TEMP000005,ocean,#12068a,1347,TRT000981,42,32,92,81,66,55,67,57,4107,938,4157,987,4131,961,4132,963
TRT000982-TEMP000001,ocean,#161391,1500,TRT000982,72,0,115,54,94,30,94,30,3558,944,3601,998,3580,974,3580,974
TRT000982-TEMP000002,ocean,#0818aa,1397,TRT000982,39,16,82,61,60,39,60,39,3525,960,3568,1005,3546,983,3546,983
TRT000982-TEMP000003,ocean,#1d3fa5,1190,TRT000982,0,25,46,66,26,46,26,47,3486,969,3532,1010,3512,990,3512,991
TRT000983-TEMP000001,ocean,#03118f,1758,TRT000983,65,39,112,90,88,63,88,61,3654,946,3701,997,3677,970,3677,968
TRT000983-TEMP000002,ocean,#0a2099,1602,TRT000983,25,50,77,92,51,74,51,73,3614,957,3666,999,3640,981,3640,980
TRT000983-TEMP000003,ocean,#17408d,1528,TRT000983,0,28,45,84,21,52,21,51,3589,935,3634,991,3610,959,3610,958
TRT000983-TEMP000004,ocean,#2e109a,1250,TRT000983,30,5,74,51,54,31,56,28,3619,912,3663,958,3643,938,3645,935
TRT000983-TEMP000005,ocean,#2c369b,987,TRT000983,61,0,100,41,80,21,80,19,3650,907,3689,948,3669,928,3669,926
TRT000984-TEMP000001,ocean,#2f067b,1725,TRT000984,42,45,97,93,69,74,70,74,3631,1043,3686,1091,3658,1072,3659,1072
TRT000984-TEMP000002,ocean,#0e386f,1828,TRT000984,22,0,73,51,48,25,50,25,3611,998,3662,1049,3637,1023,3639,1023
TRT000984-TEMP000003,ocean,#0b2068,1604,TRT000984,73,31,121,91,98,59,98,56,3662,1029,3710,1089,3687,1057,3687,1054
TRT000984-TEMP000004,ocean,#2c137b,1288,TRT000984,61,0,104,41,83,18,83,15,3650,998,3693,1039,3672,1016,3672,1013
TRT000984-TEMP000005,ocean,#303184,1672,TRT000984,0,30,53,84,28,58,27,57,3589,1028,3642,1082,3617,1056,3616,1055
TRT000985-TEMP000001,ocean,#0d16ac,1777,TRT000985,73,37,123,100,98,69,96,68,3759,998,3809,1061,3784,1030,3782,1029
TRT000985-TEMP000002,ocean,#013375,1482,TRT000985,37,20,87,68,59,46,58,43,3723,981,3773,1029,3745,1007,3744,1004
TRT000985-TEMP000003,ocean,#241f67,1490,TRT000985,49,0,100,40,75,18,75,16,3735,961,3786,1001,3761,979,3761,977
TRT000985-TEMP000004,ocean,#1842b1,1527,TRT000985,13,67,53,118,35,92,35,90,3699,1028,3739,1079,3721,1053,3721,1051
TRT000985-TEMP000005,ocean,#123069,1239,TRT000985,0,37,45,79,22,57,21,57,3686,998,3731,1040,3708,1018,3707,1018
TRT000985-TEMP000006,ocean,#1c4ba5,1293,TRT000985,52,63,99,106,71,87,71,88,3738,1024,3785,1067,3757,1048,3757,1049
TRT000985-TEMP000007,ocean,#150774,1350,TRT000985,1,3,49,41,26,23,25,24,3687,964,3735,1002,3712,984,3711,985
TRT000987-TEMP000001,ocean,#1f3d6f,1417,TRT000987,0,0,48,49,23,23,23,22,3567,698,3615,747,3590,721,3590,720
TRT000987-TEMP000002,ocean,#130d7e,1524,TRT000987,25,28,79,94,52,55,51,53,3592,726,3646,792,3619,753,3618,751
TRT000987-TEMP000003,ocean,#14217d,2290,TRT000987,56,50,138,99,93,75,92,75,3623,748,3705,797,3660,773,3659,773
TRT000986-TEMP000001,ocean,#03187a,1480,TRT000986,60,76,107,121,82,100,82,100,3731,920,3778,965,3753,944,3753,944
TRT000986-TEMP000002,ocean,#350469,1843,TRT000986,15,73,64,123,43,99,44,96,3686,917,3735,967,3714,943,3715,940
TRT000986-TEMP000003,ocean,#0045a4,1107,TRT000986,35,0,81,48,60,28,60,27,3706,844,3752,892,3731,872,3731,871
TRT000986-TEMP000004,ocean,#231eb3,1531,TRT000986,0,36,50,89,28,64,28,62,3671,880,3721,933,3699,908,3699,906
TRT000986-TEMP000005,ocean,#1727aa,1335,TRT000986,49,37,90,80,69,60,71,57,3720,881,3761,924,3740,904,3742,901
TRT000988-TEMP000001,ocean,#1d3e97,1462,TRT000988,82,26,122,81,100,50,100,49,3779,776,3819,831,3797,800,3797,799
TRT000988-TEMP000002,ocean,#0e48ab,1441,TRT000988,0,0,49,58,23,33,26,35,3697,750,3746,808,3720,783,3723,785
TRT000988-TEMP000003,ocean,#3835a3,1959,TRT000988,41,66,102,113,71,88,71,87,3738,816,3799,863,3768,838,3768,837
TRT000988-TEMP000004,ocean,#3101ad,1502,TRT000988,42,25,84,68,64,47,66,46,3739,775,3781,818,3761,797,3763,796
TRT000989-TEMP000001,ocean,#2e3e6e,1293,TRT000989,17,0,72,37,47,16,48,16,3815,774,3870,811,3845,790,3846,790
TRT000989-TEMP000002,ocean,#32047b,1453,TRT000989,7,17,57,64,32,42,33,41,3805,791,3855,838,3830,816,3831,815
TRT000989-TEMP000003,ocean,#2136ad,1492,TRT000989,55,23,119,67,78,46,79,46,3853,797,3917,841,3876,820,3877,820
TRT000989-TEMP000004,ocean,#360173,1333,TRT000989,0,48,46,97,21,71,20,71,3798,822,3844,871,3819,845,3818,845
TRT000989-TEMP000005,ocean,#13217d,1850,TRT000989,31,61,82,120,56,90,57,89,3829,835,3880,894,3854,864,3855,863
TRT000989-TEMP000006,ocean,#051b6d,975,TRT000989,69,52,112,95,90,72,93,71,3867,826,3910,869,3888,846,3891,845
TRT000990-TEMP000001,ocean,#2f26a4,1514,TRT000990,70,0,105,68,88,39,88,40,3924,825,3959,893,3942,864,3942,865
TRT000990-TEMP000002,ocean,#0c4787,1695,TRT000990,0,46,45,101,22,74,23,74,3854,871,3899,926,3876,899,3877,899
TRT000990-TEMP000003,ocean,#204b69,1870,TRT000990,0,86,63,130,34,108,34,108,3854,911,3917,955,3888,933,3888,933
TRT000990-TEMP000004,ocean,#134baf,1270,TRT000990,26,16,69,63,52,41,52,40,3880,841,3923,888,3906,866,3906,865
TRT000990-TEMP000005,ocean,#17288e,1411,TRT000990,46,52,97,99,67,74,68,74,3900,877,3951,924,3921,899,3922,899
TRT000990-TEMP000006,ocean,#0d3775,1558,TRT000990,61,69,115,119,89,95,88,96,3915,894,3969,944,3943,920,3942,921
TRT000991-TEMP000001,ocean,#18329f,1877,TRT000991,0,9,50,72,24,41,25,41,3747,856,3797,919,3771,888,3772,888
TRT000991-TEMP000002,ocean,#2b1885,1434,TRT000991,28,0,81,51,52,23,54,24,3775,847,3828,898,3799,870,3801,871
TRT000991-TEMP000003,ocean,#002b85,1493,TRT000991,51,26,106,72,79,51,80,52,3798,873,3853,919,3826,898,3827,899
TRT000991-TEMP000004,ocean,#28309e,2110,TRT000991,16,57,69,118,44,86,46,86,3763,904,3816,965,3791,933,3793,933
TRT000991-TEMP000005,ocean,#380695,1137,TRT000991,67,58,106,101,87,79,89,79,3814,905,3853,948,3834,926,3836,926
TRT000992-TEMP000001,ocean,#183aa5,1731,TRT000992,59,72,110,115,83,92,82,92,3840,1005,3891,1048,3864,1025,3863,1025
TRT000992-TEMP000002,ocean,#294975,1511,TRT000992,68,23,108,76,89,53,87,53,3849,956,3889,1009,3870,986,3868,986
TRT000992-TEMP000003,ocean,#062e92,1702,TRT000992,12,74,62,123,39,98,38,98,3793,1007,3843,1056,3820,1031,3819,1031
TRT000992-TEMP000004,ocean,#0326a3,1702,TRT000992,0,18,42,77,20,46,20,47,3781,951,3823,1010,3801,979,3801,980
TRT000992-TEMP000005,ocean,#3a2088,1656,TRT000992,34,0,102,44,65,22,66,22,3815,933,3883,977,3846,955,3847,955
TRT000992-TEMP000006,ocean,#2140ad,1385,TRT000992,27,35,70,82,50,61,50,60,3808,968,3851,1015,3831,994,3831,993
TRT000993-TEMP000001,ocean,#360094,996,TRT000993,76,31,113,76,93,55,95,56,3960,959,3997,1004,3977,983,3979,984
TRT000993-TEMP000002,ocean,#2b38a3,1361,TRT000993,42,42,83,87,61,64,64,65,3926,970,3967,1015,3945,992,3948,993
TRT000993-TEMP000003,ocean,#081a85,1589,TRT000993,48,0,100,46,74,24,76,24,3932,928,3984,974,3958,952,3960,952
TRT000993-TEMP000004,ocean,#2b3f7c,1886,TRT000993,0,12,55,57,28,37,30,37,3884,940,3939,985,3912,965,3914,965
TRT000993-TEMP000005,ocean,#362c8c,1640,TRT000993,0,51,47,104,23,77,23,76,3884,979,3931,1032,3907,1005,3907,1004
TRT000994-TEMP000001,ocean,#124c98,1990,TRT000994,88,22,147,75,116,50,119,49,3832,1739,3891,1792,3860,1767,3863,1766
TRT000994-TEMP000002,ocean,#160a76,1720,TRT000994,71,0,130,43,100,17,100,16,3815,1717,3874,1760,3844,1734,3844,1733
TRT000994-TEMP000003,ocean,#382e81,2793,TRT000994,25,4,89,68,59,35,61,35,3769,1721,3833,1785,3803,1752,3805,1752
TRT000994-TEMP000004,ocean,#160372,3044,TRT000994,48,61,113,129,82,97,84,96,3792,1778,3857,1846,3826,1814,3828,1813
TRT000994-TEMP000005,ocean,#20339e,2823,TRT000994,0,42,64,115,33,78,33,77,3744,1759,3808,1832,3777,1795,3777,1794
TRT000994-TEMP000006,ocean,#041798,1926,TRT000994,107,61,159,116,131,88,133,87,3851,1778,3903,1833,3875,1805,3877,1804
TRT000995-TEMP000001,ocean,#20378f,3264,TRT000995,0,43,63,121,34,80,36,81,3629,1679,3692,1757,3663,1716,3665,1717
TRT000995-TEMP000002,ocean,#312495,2647,TRT000995,25,0,94,67,64,34,64,34,3654,1636,3723,1703,3693,1670,3693,1670
TRT000995-TEMP000003,ocean,#294997,2161,TRT000995,86,14,142,73,111,45,112,45,3715,1650,3771,1709,3740,1681,3741,1681
TRT000995-TEMP000004,ocean,#26257b,2147,TRT000995,109,62,160,133,132,94,133,95,3738,1698,3789,1769,3761,1730,3762,1731
TRT000995-TEMP000005,ocean,#1c4c67,2630,TRT000995,49,107,130,160,92,129,92,129,3678,1743,3759,1796,3721,1765,3721,1765
TRT000995-TEMP000006,ocean,#313173,2188,TRT000995,62,57,114,109,86,84,90,85,3691,1693,3743,1745,3715,1720,3719,1721
TRT000996-TEMP000001,ocean,#0f2b9b,1717,TRT000996,12,25,71,81,48,58,44,61,3706,1569,3765,1625,3742,1602,3738,1605
TRT000996-TEMP000002,ocean,#21459c,2016,TRT000996,65,42,125,103,88,69,88,70,3759,1586,3819,1647,3782,1613,3782,1614
TRT000996-TEMP000003,ocean,#3b167f,1951,TRT000996,0,74,75,114,39,93,41,94,3694,1618,3769,1658,3733,1637,3735,1638
TRT000996-TEMP000004,ocean,#2d2fa8,3558,TRT000996,61,0,145,59,104,27,102,28,3755,1544,3839,1603,3798,1571,3796,1572
TRT000997-TEMP000001,ocean,#22329b,2398,TRT000997,68,60,121,122,96,93,96,92,3817,1654,3870,1716,3845,1687,3845,1686
TRT000997-TEMP000002,ocean,#21229b,2479,TRT000997,0,36,70,102,37,70,37,71,3749,1630,3819,1696,3786,1664,3786,1665
TRT000997-TEMP000003,ocean,#0d3264,2603,TRT000997,41,0,103,68,77,37,77,36,3790,1594,3852,1662,3826,1631,3826,1630
TRT000997-TEMP000004,ocean,#0e14a4,1822,TRT000997,23,80,86,126,56,107,58,109,3772,1674,3835,1720,3805,1701,3807,1703
TRT000998-TEMP000001,ocean,#1510a2,2637,TRT000998,67,46,134,114,98,75,99,74,3507,1794,3574,1862,3538,1823,3539,1822
TRT000998-TEMP000002,ocean,#024a92,2423,TRT000998,45,0,110,52,79,24,83,23,3485,1748,3550,1800,3519,1772,3523,1771
TRT000998-TEMP000003,ocean,#041282,1971,TRT000998,105,13,163,71,130,37,132,36,3545,1761,3603,1819,3570,1785,3572,1784
TRT000998-TEMP000004,ocean,#382397,2884,TRT000998,0,15,73,90,39,59,41,55,3440,1763,3513,1838,3479,1807,3481,1803
TRT000998-TEMP000005,ocean,#15399f,2805,TRT000998,16,75,93,141,59,105,56,104,3456,1823,3533,1889,3499,1853,3496,1852
TRT000999-TEMP000001,ocean,#1b3474,2696,TRT000999,45,19,116,79,78,49,71,45,3515,1651,3586,1711,3548,1681,3541,1677
TRT000999-TEMP000002,ocean,#000c94,3495,TRT000999,92,43,166,133,131,88,126,85,3562,1675,3636,1765,3601,1720,3596,1717
TRT000999-TEMP000003,ocean,#184476,2540,TRT000999,15,56,80,119,46,88,44,86,3485,1688,3550,1751,3516,1720,3514,1718
TRT000999-TEMP000004,ocean,#080573,1523,TRT000999,0,15,45,71,23,42,21,39,3470,1647,3515,1703,3493,1674,3491,1671
TRT000999-TEMP000005,ocean,#2d35a7,2599,TRT000999,60,76,142,142,98,112,96,112,3530,1708,3612,1774,3568,1744,3566,1744
TRT000999-TEMP000006,ocean,#2824ac,1089,TRT000999,22,0,70,41,46,19,45,16,3492,1632,3540,1673,3516,1651,3515,1648
TRT001000-TEMP000001,ocean,#082c7d,2673,TRT001000,0,37,54,109,22,74,21,70,3368,1694,3422,1766,3390,1731,3389,1727
TRT001000-TEMP000002,ocean,#1d28a0,1759,TRT001000,22,14,77,76,53,43,53,41,3390,1671,3445,1733,3421,1700,3421,1698
TRT001000-TEMP000003,ocean,#0f368b,3550,TRT001000,8,88,81,172,49,128,47,125,3376,1745,3449,1829,3417,1785,3415,1782
TRT001000-TEMP000004,ocean,#261d87,2546,TRT001000,55,46,129,95,90,70,87,68,3423,1703,3497,1752,3458,1727,3455,1725
TRT001000-TEMP000005,ocean,#3a4165,1694,TRT001000,67,0,118,53,93,27,94,26,3435,1657,3486,1710,3461,1684,3462,1683
TRT001000-TEMP000006,ocean,#0e05af,2285,TRT001000,65,80,131,149,94,109,95,110,3433,1737,3499,1806,3462,1766,3463,1767
TRT001001-TEMP000001,ocean,#1f339e,380,TRT001001,112,83,144,104,127,94,128,94,3864,83,3896,104,3879,94,3880,94
TRT001001-TEMP000002,ocean,#3042a2,670,TRT001001,78,65,115,94,96,81,100,83,3830,65,3867,94,3848,81,3852,83
TRT001001-TEMP000003,ocean,#282da9,1380,TRT001001,30,42,80,86,56,67,60,69,3782,42,3832,86,3808,67,3812,69
TRT001001-TEMP000004,ocean,#0a1b9b,1963,TRT001001,0,0,59,48,32,20,38,24,3752,0,3811,48,3784,20,3790,24
TRT001001-TEMP000005,ocean,#061a97,994,TRT001001,64,32,100,74,84,52,86,54,3816,32,3852,74,3836,52,3838,54
TRT001001-TEMP000006,ocean,#100e6e,1645,TRT001001,1,18,44,81,19,53,18,50,3753,18,3796,81,3771,53,3770,50
TRT001001-TEMP000007,ocean,#023c89,1292,TRT001001,51,0,91,42,71,19,72,18,3803,0,3843,42,3823,19,3824,18
TRT001002-TEMP000001,ocean,#0727b1,840,TRT001002,91,25,126,69,108,47,108,46,3703,29,3738,73,3720,51,3720,50
TRT001002-TEMP000002,ocean,#0c3a9d,2548,TRT001002,0,43,62,100,29,74,32,75,3612,47,3674,104,3641,78,3644,79
TRT001002-TEMP000003,ocean,#002478,1631,TRT001002,60,62,115,101,85,80,90,80,3672,66,3727,105,3697,84,3702,84
TRT001002-TEMP000004,ocean,#390668,785,TRT001002,71,15,105,56,88,36,88,35,3683,19,3717,60,3700,40,3700,39
TRT001002-TEMP000005,ocean,#0800ab,1061,TRT001002,103,0,140,40,126,20,126,20,3715,4,3752,44,3738,24,3738,24
TRT001002-TEMP000006,ocean,#0a1e94,856,TRT001002,110,40,146,79,130,59,130,60,3722,44,3758,83,3742,63,3742,64
TRT001002-TEMP000007,ocean,#0e457b,646,TRT001002,113,74,157,98,134,86,138,87,3725,78,3769,102,3746,90,3750,91
TRT001003-TEMP000001,ocean,#183190,1146,TRT001003,0,0,43,36,22,14,19,14,3836,0,3879,36,3858,14,3855,14
TRT001003-TEMP000002,ocean,#22389b,1527,TRT001003,43,0,97,36,68,14,67,13,3879,0,3933,36,3904,14,3903,13
TRT001003-TEMP000003,ocean,#231e97,1379,TRT001003,11,21,58,80,33,45,34,43,3847,21,3894,80,3869,45,3870,43
TRT001004-TEMP000001,ocean,#303592,984,TRT001004,49,25,102,59,76,39,74,38,3975,25,4028,59,4002,39,4000,38
TRT001004-TEMP000002,ocean,#2b0b78,1038,TRT001004,20,0,58,44,43,16,42,14,3946,0,3984,44,3969,16,3968,14
TRT001004-TEMP000003,ocean,#0c1786,1856,TRT001004,0,58,86,135,39,97,39,97,3926,58,4012,135,3965,97,3965,97
TRT001004-TEMP000004,ocean,#181b88,775,TRT001004,58,0,91,25,73,12,74,11,3984,0,4017,25,3999,12,4000,11
TRT001004-TEMP000005,ocean,#0f1f67,1279,TRT001004,4,0,48,62,24,29,22,27,3930,0,3974,62,3950,29,3948,27
TRT001005-TEMP000001,ocean,#322a76,1460,TRT001005,0,0,45,46,20,18,20,18,4014,0,4059,46,4034,18,4034,18
TRT001005-TEMP000002,ocean,#134370,953,TRT001005,52,0,104,21,80,9,77,12,4066,0,4118,21,4094,9,4091,12
TRT001005-TEMP000003,ocean,#182288,1082,TRT001005,103,0,164,19,131,9,130,9,4117,0,4178,19,4145,9,4144,9
TRT001005-TEMP000004,ocean,#09236a,1209,TRT001005,31,0,96,50,56,29,52,30,4045,0,4110,50,4070,29,4066,30
TRT001006-TEMP000001,ocean,#250298,1506,TRT001006,51,40,101,83,76,62,78,65,3569,1105,3619,1148,3594,1127,3596,1130
TRT001006-TEMP000002,ocean,#090467,1182,TRT001006,54,80,94,124,72,100,72,100,3572,1145,3612,1189,3590,1165,3590,1165
TRT001006-TEMP000003,ocean,#34437c,1969,TRT001006,49,0,115,48,82,27,84,28,3567,1065,3633,1113,3600,1092,3602,1093
TRT001006-TEMP000004,ocean,#3148a0,1620,TRT001006,98,19,137,78,121,49,122,52,3616,1084,3655,1143,3639,1114,3640,1117
TRT001006-TEMP000005,ocean,#073cac,1682,TRT001006,0,39,57,95,35,72,35,72,3518,1104,3575,1160,3553,1137,3553,1137
TRT001006-TEMP000006,ocean,#1b11a6,1151,TRT001006,15,88,62,124,41,106,42,107,3533,1153,3580,1189,3559,1171,3560,1172
TRT001006-TEMP000007,ocean,#292666,1135,TRT001006,86,63,137,105,108,83,107,85,3604,1128,3655,1170,3626,1148,3625,1150
TRT001007-TEMP000001,ocean,#053ca1,1167,TRT001007,63,0,111,42,86,23,87,22,3500,1147,3548,1189,3523,1170,3524,1169
TRT001007-TEMP000002,ocean,#044796,1561,TRT001007,33,14,83,68,59,44,62,42,3470,1161,3520,1215,3496,1191,3499,1189
TRT001007-TEMP000003,ocean,#2a3e6f,1449,TRT001007,71,36,118,90,95,60,96,60,3508,1183,3555,1237,3532,1207,3533,1207
TRT001007-TEMP000004,ocean,#381c96,2004,TRT001007,40,67,98,118,69,94,68,93,3477,1214,3535,1265,3506,1241,3505,1240
TRT001007-TEMP000005,ocean,#14187c,1873,TRT001007,0,48,55,107,29,79,29,77,3437,1195,3492,1254,3466,1226,3466,1224
TRT001008-TEMP000001,ocean,#002b95,1423,TRT001008,45,23,94,72,68,49,67,47,3570,1213,3619,1262,3593,1239,3592,1237
TRT001008-TEMP000002,ocean,#1208a9,1455,TRT001008,0,28,46,83,23,56,24,54,3525,1218,3571,1273,3548,1246,3549,1244
TRT001008-TEMP000003,ocean,#0c0aa8,1316,TRT001008,20,0,66,41,43,18,43,17,3545,1190,3591,1231,3568,1208,3568,1207
TRT001008-TEMP000004,ocean,#3a0fb1,1256,TRT001008,19,55,73,94,49,77,47,77,3544,1245,3598,1284,3574,1267,3572,1267
TRT001008-TEMP000005,ocean,#0a3279,1759,TRT001008,69,56,130,113,96,88,95,87,3594,1246,3655,1303,3621,1278,3620,1277
TRT001009-TEMP000001,ocean,#031699,925,TRT001009,46,97,78,147,65,120,65,122,3628,1245,3660,1295,3647,1268,3647,1270
TRT001009-TEMP000002,ocean,#190376,1427,TRT001009,16,66,75,111,47,86,48,89,3598,1214,3657,1259,3629,1234,3630,1237
TRT001009-TEMP000003,ocean,#274672,2578,TRT001009,0,0,73,69,39,37,39,38,3582,1148,3655,1217,3621,1185,3621,1186
TRT001009-TEMP000004,ocean,#342f66,1186,TRT001009,35,29,75,85,62,60,62,62,3617,1177,3657,1233,3644,1208,3644,1210
TRT001010-TEMP000001,ocean,#143393,1733,TRT001010,30,0,85,48,54,25,57,27,3450,1357,3505,1405,3474,1382,3477,1384
TRT001010-TEMP000002,ocean,#323a7f,1202,TRT001010,23,38,66,81,48,61,46,61,3443,1395,3486,1438,3468,1418,3466,1418
TRT001010-TEMP000003,ocean,#02316a,1093,TRT001010,51,80,91,120,71,100,73,102,3471,1437,3511,1477,3491,1457,3493,1459
TRT001010-TEMP000004,ocean,#3022b2,1193,TRT001010,0,69,58,107,33,87,35,89,3420,1426,3478,1464,3453,1444,3455,1446
TRT001010-TEMP000005,ocean,#2134a3,1463,TRT001010,65,33,114,85,85,60,85,64,3485,1390,3534,1442,3505,1417,3505,1421
TRT001011-TEMP000001,ocean,#241eb1,1089,TRT001011,57,14,106,53,81,39,81,40,3533,1336,3582,1375,3557,1361,3557,1362
TRT001011-TEMP000002,ocean,#03308f,1794,TRT001011,0,11,56,68,29,39,31,41,3476,1333,3532,1390,3505,1361,3507,1363
TRT001011-TEMP000003,ocean,#371b90,1191,TRT001011,31,0,83,42,58,18,58,18,3507,1322,3559,1364,3534,1340,3534,1340
TRT001011-TEMP000004,ocean,#1f1870,1150,TRT001011,32,49,76,98,55,74,56,76,3508,1371,3552,1420,3531,1396,3532,1398
TRT001011-TEMP000005,ocean,#2a4684,845,TRT001011,60,52,105,88,80,65,80,65,3536,1374,3581,1410,3556,1387,3556,1387
TRT001012-TEMP000001,ocean,#323d96,1731,TRT001012,17,73,70,125,45,98,44,97,3441,1311,3494,1363,3469,1336,3468,1335
TRT001012-TEMP000002,ocean,#30439e,1114,TRT001012,7,48,45,92,24,68,23,66,3431,1286,3469,1330,3448,1306,3447,1304
TRT001012-TEMP000003,ocean,#353e8b,841,TRT001012,0,0,44,37,18,18,18,17,3424,1238,3468,1275,3442,1256,3442,1255
TRT001012-TEMP000004,ocean,#07106a,989,TRT001012,34,20,63,74,51,51,51,49,3458,1258,3487,1312,3475,1289,3475,1287
TRT001012-TEMP000005,ocean,#1b12aa,964,TRT001012,5,14,53,51,30,34,29,35,3429,1252,3477,1289,3454,1272,3453,1273
TRT001013-TEMP000001,ocean,#191e88,919,TRT001013,48,34,88,70,65,52,66,52,3526,1289,3566,1325,3543,1307,3544,1307
TRT001013-TEMP000002,ocean,#033691,984,TRT001013,42,9,91,43,60,28,61,27,3520,1264,3569,1298,3538,1283,3539,1282
TRT001013-TEMP000003,ocean,#370d71,1325,TRT001013,0,0,41,47,22,24,22,25,3478,1255,3519,1302,3500,1279,3500,1280
TRT001013-TEMP000004,ocean,#1e2a95,1342,TRT001013,10,39,52,81,30,60,32,60,3488,1294,3530,1336,3508,1315,3510,1315
TRT001014-TEMP000001,ocean,#2d0975,1109,TRT001014,0,6,37,64,17,36,17,36,3552,1288,3589,1346,3569,1318,3569,1318
TRT001014-TEMP000002,ocean,#372b7a,1154,TRT001014,15,0,67,36,40,17,42,16,3567,1282,3619,1318,3592,1299,3594,1298
TRT001014-TEMP000003,ocean,#21448b,1502,TRT001014,27,63,81,124,58,88,56,86,3579,1345,3633,1406,3610,1370,3608,1368
TRT001014-TEMP000004,ocean,#0e038f,1340,TRT001014,15,36,62,83,38,59,40,56,3567,1318,3614,1365,3590,1341,3592,1338
TRT001014-TEMP000005,ocean,#094379,1245,TRT001014,50,15,85,68,70,41,71,40,3602,1297,3637,1350,3622,1323,3623,1322
TRT001015-TEMP000001,ocean,#013480,2583,TRT001015,48,8,112,72,76,40,74,41,3695,1970,3759,2034,3723,2002,3721,2003
TRT001015-TEMP000002,ocean,#263999,2528,TRT001015,63,48,122,105,96,80,96,81,3710,2010,3769,2067,3743,2042,3743,2043
TRT001015-TEMP000003,ocean,#1e43ad,2280,TRT001015,0,0,57,58,30,32,28,32,3647,1962,3704,2020,3677,1994,3675,1994
TRT001015-TEMP000004,ocean,#0a3e7c,2602,TRT001015,1,57,62,105,30,80,30,81,3648,2019,3709,2067,3677,2042,3677,2043
TRT001015-TEMP000005,ocean,#1e4ca1,2040,TRT001015,41,88,84,149,63,122,62,123,3688,2050,3731,2111,3710,2084,3709,2085
TRT001015-TEMP000006,ocean,#034278,1824,TRT001015,79,102,122,149,103,127,103,128,3726,2064,3769,2111,3750,2089,3750,2090
TRT001015-TEMP000007,ocean,#39279f,1548,TRT001015,9,104,48,149,26,127,25,128,3656,2066,3695,2111,3673,2089,3672,2090
TRT001016-TEMP000001,ocean,#111f8f,1781,TRT001016,0,62,61,101,32,86,28,88,3535,2072,3596,2111,3567,2096,3563,2098
TRT001016-TEMP000002,ocean,#1b4372,2569,TRT001016,14,9,70,75,41,43,41,48,3549,2019,3605,2085,3576,2053,3576,2058
TRT001016-TEMP000003,ocean,#003c8d,2919,TRT001016,58,48,126,101,92,78,91,78,3593,2058,3661,2111,3627,2088,3626,2088
TRT001016-TEMP000004,ocean,#0d336a,2636,TRT001016,50,0,117,53,86,27,84,27,3585,2010,3652,2063,3621,2037,3619,2037
TRT001017-TEMP000001,ocean,#044466,2169,TRT001017,0,63,47,130,23,95,23,99,3467,2016,3514,2083,3490,2048,3490,2052
TRT001017-TEMP000002,ocean,#1d41ab,2354,TRT001017,45,57,93,130,69,92,69,94,3512,2010,3560,2083,3536,2045,3536,2047
TRT001017-TEMP000003,ocean,#2f0089,2966,TRT001017,9,0,84,78,44,46,44,48,3476,1953,3551,2031,3511,1999,3511,2001
TRT001017-TEMP000004,ocean,#234c95,2423,TRT001017,8,114,78,158,41,139,42,141,3475,2067,3545,2111,3508,2092,3509,2094
TRT001018-TEMP000001,ocean,#314e73,1740,TRT001018,72,20,134,59,99,41,105,40,3576,1935,3638,1974,3603,1956,3609,1955
TRT001018-TEMP000002,ocean,#322db3,3409,TRT001018,0,0,72,71,36,35,39,36,3504,1915,3576,1986,3540,1950,3543,1951
TRT001018-TEMP000003,ocean,#390d72,1777,TRT001018,84,58,134,100,107,80,106,76,3588,1973,3638,2015,3611,1995,3610,1991
TRT001018-TEMP000004,ocean,#313169,1608,TRT001018,123,37,174,96,143,62,145,63,3627,1952,3678,2011,3647,1977,3649,1978
TRT001018-TEMP000005,ocean,#1312a5,2134,TRT001018,29,47,88,103,64,78,65,81,3533,1962,3592,2018,3568,1993,3569,1996
TRT001019-TEMP000001,ocean,#3000a6,3192,TRT001019,59,59,118,123,87,91,85,90,3764,1479,3823,1543,3792,1511,3790,1510
TRT001019-TEMP000002,ocean,#2c147f,2729,TRT001019,68,2,118,64,96,32,94,31,3773,1422,3823,1484,3801,1452,3799,1451
TRT001019-TEMP000003,ocean,#0e1b9e,1648,TRT001019,26,0,79,46,55,21,52,20,3731,1420,3784,1466,3760,1441,3757,1440
TRT001019-TEMP000004,ocean,#0c2399,1966,TRT001019,8,33,74,80,41,58,39,58,3713,1453,3779,1500,3746,1478,3744,1478
TRT001019-TEMP000005,ocean,#27019f,2049,TRT001019,0,69,63,125,34,95,33,94,3705,1489,3768,1545,3739,1515,3738,1514
TRT001020-TEMP000001,ocean,#2b299e,2710,TRT001020,0,57,65,120,34,90,36,87,3727,1356,3792,1419,3761,1389,3763,1386
TRT001020-TEMP000002,ocean,#072093,2313,TRT001020,7,0,73,56,41,23,43,24,3734,1299,3800,1355,3768,1322,3770,1323
TRT001020-TEMP000003,ocean,#213f73,2499,TRT001020,49,67,103,122,79,96,78,99,3776,1366,3830,1421,3806,1395,3805,1398
TRT001020-TEMP000004,ocean,#261d69,2648,TRT001020,57,4,111,69,85,37,86,37,3784,1303,3838,1368,3812,1336,3813,1336
TRT001020-TEMP000005,ocean,#220d8d,1544,TRT001020,0,20,49,84,18,55,15,54,3727,1319,3776,1383,3745,1354,3742,1353
TRT001021-TEMP000001,ocean,#103d74,2260,TRT001021,38,37,99,94,70,61,71,59,3631,1426,3692,1483,3663,1450,3664,1448
TRT001021-TEMP000002,ocean,#164ab3,2628,TRT001021,94,0,154,59,122,29,122,27,3687,1389,3747,1448,3715,1418,3715,1416
TRT001021-TEMP000003,ocean,#310e68,1742,TRT001021,42,1,99,37,72,18,70,16,3635,1390,3692,1426,3665,1407,3663,1405
TRT001021-TEMP000004,ocean,#1f307c,2299,TRT001021,77,51,139,116,108,80,108,79,3670,1440,3732,1505,3701,1469,3701,1468
TRT001021-TEMP000005,ocean,#2a309f,1984,TRT001021,0,2,55,63,30,31,30,32,3593,1391,3648,1452,3623,1420,3623,1421
TRT001022-TEMP000001,ocean,#3914af,2483,TRT001022,57,46,114,96,84,72,83,72,3674,1340,3731,1390,3701,1366,3700,1366
TRT001022-TEMP000002,ocean,#213aa4,2399,TRT001022,68,0,121,53,94,24,93,24,3685,1294,3738,1347,3711,1318,3710,1318
TRT001022-TEMP000003,ocean,#0d0483,2430,TRT001022,18,0,68,54,44,26,44,26,3635,1294,3685,1348,3661,1320,3661,1320
TRT001022-TEMP000004,ocean,#3b3f70,2223,TRT001022,0,47,58,98,33,75,32,75,3617,1341,3675,1392,3650,1369,3649,1369
TRT001023-TEMP000001,ocean,#274da1,1914,TRT001023,21,47,71,99,49,76,50,76,3175,1743,3225,1795,3203,1772,3204,1772
TRT001023-TEMP000002,ocean,#2228a5,2032,TRT001023,0,9,55,65,28,34,28,35,3154,1705,3209,1761,3182,1730,3182,1731
TRT001023-TEMP000003,ocean,#224c65,1343,TRT001023,56,25,109,66,85,48,86,48,3210,1721,3263,1762,3239,1744,3240,1744
TRT001023-TEMP000004,ocean,#2f0d8d,1431,TRT001023,46,0,97,45,71,22,71,21,3200,1696,3251,1741,3225,1718,3225,1717
TRT001023-TEMP000005,ocean,#1e2677,1143,TRT001023,71,58,112,93,90,77,92,78,3225,1754,3266,1789,3244,1773,3246,1774
TRT001024-TEMP000001,ocean,#3424ac,1230,TRT001024,51,74,103,118,78,97,77,97,3201,1863,3253,1907,3228,1886,3227,1886
TRT001024-TEMP000002,ocean,#2f1ea5,1619,TRT001024,33,45,83,90,58,65,57,65,3183,1834,3233,1879,3208,1854,3207,1854
TRT001024-TEMP000003,ocean,#2a3dab,1637,TRT001024,29,1,77,44,56,24,56,24,3179,1790,3227,1833,3206,1813,3206,1813
TRT001024-TEMP000004,ocean,#012bad,1378,TRT001024,0,27,44,79,24,54,23,53,3150,1816,3194,1868,3174,1843,3173,1842
TRT001024-TEMP000005,ocean,#221375,1948,TRT001024,76,0,123,52,96,25,96,25,3226,1789,3273,1841,3246,1814,3246,1814
TRT001024-TEMP000006,ocean,#1d4996,1465,TRT001024,79,52,127,105,101,76,101,77,3229,1841,3277,1894,3251,1865,3251,1866
TRT001024-TEMP000007,ocean,#274c93,1308,TRT001024,99,27,146,81,124,55,124,55,3249,1816,3296,1870,3274,1844,3274,1844
TRT001025-TEMP000001,ocean,#001aaa,1670,TRT001025,32,53,82,106,58,78,54,77,3277,1698,3327,1751,3303,1723,3299,1722
TRT001025-TEMP000002,ocean,#331b7c,2501,TRT001025,71,31,122,99,97,67,95,67,3316,1676,3367,1744,3342,1712,3340,1712
TRT001025-TEMP000003,ocean,#2d2564,1977,TRT001025,28,0,94,54,59,31,57,30,3273,1645,3339,1699,3304,1676,3302,1675
TRT001025-TEMP000004,ocean,#353f66,1441,TRT001025,0,30,45,81,22,57,20,57,3245,1675,3290,1726,3267,1702,3265,1702
TRT001025-TEMP000005,ocean,#263867,1122,TRT001025,10,76,60,116,32,96,32,98,3255,1721,3305,1761,3277,1741,3277,1743
TRT001026-TEMP000001,ocean,#2f2d88,1242,TRT001026,41,0,85,43,63,21,63,21,3124,1712,3168,1755,3146,1733,3146,1733
TRT001026-TEMP000002,ocean,#171f76,1901,TRT001026,0,54,55,109,30,77,30,77,3083,1766,3138,1821,3113,1789,3113,1789
TRT001026-TEMP000003,ocean,#0e1f77,1859,TRT001026,48,38,105,84,75,63,73,62,3131,1750,3188,1796,3158,1775,3156,1774
TRT001026-TEMP000004,ocean,#110c7a,2043,TRT001026,39,83,104,137,69,104,71,103,3122,1795,3187,1849,3152,1816,3154,1815
TRT001026-TEMP000005,ocean,#333091,1324,TRT001026,14,2,56,56,36,35,36,33,3097,1714,3139,1768,3119,1747,3119,1745
TRT001027-TEMP000001,ocean,#1c0ea9,2089,TRT001027,72,0,118,73,96,37,95,37,3330,1732,3376,1805,3354,1769,3353,1769
TRT001027-TEMP000002,ocean,#153e81,2018,TRT001027,26,59,89,119,55,85,56,85,3284,1791,3347,1851,3313,1817,3314,1817
TRT001027-TEMP000003,ocean,#203867,1479,TRT001027,12,22,71,67,43,44,44,45,3270,1754,3329,1799,3301,1776,3302,1777
TRT001027-TEMP000004,ocean,#383f6d,1448,TRT001027,0,30,42,99,20,62,21,64,3258,1762,3300,1831,3278,1794,3279,1796
TRT001027-TEMP000005,ocean,#222a9e,953,TRT001027,42,8,88,51,67,27,64,25,3300,1740,3346,1783,3325,1759,3322,1757
TRT001028-TEMP000001,ocean,#192f94,2089,TRT001028,79,82,131,129,102,108,105,110,3392,2064,3444,2111,3415,2090,3418,2092
TRT001028-TEMP000002,ocean,#2440b2,2005,TRT001028,119,71,161,129,143,101,144,100,3432,2053,3474,2111,3456,2083,3457,2082
TRT001028-TEMP000003,ocean,#221283,2536,TRT001028,63,15,118,87,92,57,94,59,3376,1997,3431,2069,3405,2039,3407,2041
TRT001028-TEMP000004,ocean,#3448b3,1967,TRT001028,106,22,161,80,132,54,132,53,3419,2004,3474,2062,3445,2036,3445,2035
TRT001028-TEMP000005,ocean,#022c73,3186,TRT001028,18,0,89,76,53,37,54,41,3331,1982,3402,2058,3366,2019,3367,2023
TRT001028-TEMP000006,ocean,#000683,2244,TRT001028,15,77,78,129,54,108,52,111,3328,2059,3391,2111,3367,2090,3365,2093
TRT001028-TEMP000007,ocean,#224185,2289,TRT001028,0,50,52,129,22,87,22,87,3313,2032,3365,2111,3335,2069,3335,2069
TRT001029-TEMP000001,ocean,#081f92,2887,TRT001029,0,15,66,97,32,62,34,59,3211,1954,3277,2036,3243,2001,3245,1998
TRT001029-TEMP000002,ocean,#294d9b,2545,TRT001029,41,62,118,123,81,93,81,95,3252,2001,3329,2062,3292,2032,3292,2034
TRT001029-TEMP000003,ocean,#2b2091,2474,TRT001029,77,30,144,94,111,58,111,60,3288,1969,3355,2033,3322,1997,3322,1999
TRT001029-TEMP000004,ocean,#2147a2,2357,TRT001029,24,0,100,65,61,31,66,31,3235,1939,3311,2004,3272,1970,3277,1970
TRT001030-TEMP000001,ocean,#18009d,2292,TRT001030,0,45,69,92,35,74,35,75,3175,2064,3244,2111,3210,2093,3210,2094
TRT001030-TEMP000002,ocean,#2c446d,2410,TRT001030,20,0,85,59,50,30,51,32,3195,2019,3260,2078,3225,2049,3226,2051
TRT001030-TEMP000003,ocean,#0b3bab,2653,TRT001030,61,22,119,92,89,59,91,59,3236,2041,3294,2111,3264,2078,3266,2078
TRT001030-TEMP000004,ocean,#233074,1806,TRT001030,99,37,143,92,125,69,126,71,3274,2056,3318,2111,3300,2088,3301,2090
TRT001031-TEMP000001,ocean,#034375,1430,TRT001031,16,13,65,64,41,42,42,38,2870,1531,2919,1582,2895,1560,2896,1556
TRT001031-TEMP000002,ocean,#340a89,1308,TRT001031,47,0,91,50,69,24,70,23,2901,1518,2945,1568,2923,1542,2924,1541
TRT001031-TEMP000003,ocean,#0f4a93,1377,TRT001031,69,39,112,95,89,68,90,66,2923,1557,2966,1613,2943,1586,2944,1584
TRT001031-TEMP000004,ocean,#04118c,1605,TRT001031,37,50,84,106,60,78,61,76,2891,1568,2938,1624,2914,1596,2915,1594
TRT001031-TEMP000005,ocean,#2f30ad,2033,TRT001031,0,59,51,123,23,91,24,89,2854,1577,2905,1641,2877,1609,2878,1607
TRT001032-TEMP000001,ocean,#393a65,1640,TRT001032,81,47,129,87,104,68,103,71,2939,1650,2987,1690,2962,1671,2961,1674
TRT001032-TEMP000002,ocean,#214273,1711,TRT001032,40,42,81,90,61,69,59,67,2898,1645,2939,1693,2919,1672,2917,1670
TRT001032-TEMP000003,ocean,#304da2,2061,TRT001032,70,0,122,52,95,28,96,30,2928,1603,2980,1655,2953,1631,2954,1633
TRT001032-TEMP000004,ocean,#2f0875,1752,TRT001032,0,36,41,95,21,66,21,68,2858,1639,2899,1698,2879,1669,2879,1671
TRT001032-TEMP000005,ocean,#014870,1466,TRT001032,8,13,70,55,45,35,44,34,2866,1616,2928,1658,2903,1638,2902,1637
TRT001033-TEMP000001,ocean,#35168e,1518,TRT001033,46,23,98,72,71,50,72,49,3014,1727,3066,1776,3039,1754,3040,1753
TRT001033-TEMP000002,ocean,#304767,1664,TRT001033,76,50,126,102,100,75,100,76,3044,1754,3094,1806,3068,1779,3068,1780
TRT001033-TEMP000003,ocean,#364cad,1869,TRT001033,0,40,52,98,25,67,26,66,2968,1744,3020,1802,2993,1771,2994,1770
TRT001033-TEMP000004,ocean,#0f1fa6,1551,TRT001033,14,0,66,49,39,27,40,26,2982,1704,3034,1753,3007,1731,3008,1730
TRT001033-TEMP000005,ocean,#1f4174,1680,TRT001033,29,67,85,112,58,91,58,91,2997,1771,3053,1816,3026,1795,3026,1795
TRT001034-TEMP000001,ocean,#3b40a1,2051,TRT001034,16,52,67,110,45,79,43,78,2945,1545,2996,1603,2974,1572,2972,1571
TRT001034-TEMP000002,ocean,#190aab,2141,TRT001034,0,4,57,60,31,33,31,32,2929,1497,2986,1553,2960,1526,2960,1525
TRT001034-TEMP000003,ocean,#314083,1378,TRT001034,50,0,111,29,78,14,81,14,2979,1493,3040,1522,3007,1507,3010,1507
TRT001034-TEMP000004,ocean,#024587,1737,TRT001034,65,49,119,99,90,74,88,74,2994,1542,3048,1592,3019,1567,3017,1567
TRT001034-TEMP000005,ocean,#041c8e,1666,TRT001034,54,27,114,63,82,43,80,42,2983,1520,3043,1556,3011,1536,3009,1535
TRT001035-TEMP000001,ocean,#0c2385,1529,TRT001035,44,5,88,44,68,24,70,24,2919,1691,2963,1730,2943,1710,2945,1710
TRT001035-TEMP000002,ocean,#2e4e90,2163,TRT001035,37,44,105,92,74,65,73,64,2912,1730,2980,1778,2949,1751,2948,1750
TRT001035-TEMP000003,ocean,#313a71,2213,TRT001035,0,8,52,69,29,36,28,35,2875,1694,2927,1755,2904,1722,2903,1721
TRT001035-TEMP000004,ocean,#3822a9,1499,TRT001035,87,0,122,59,103,25,105,25,2962,1686,2997,1745,2978,1711,2980,1711
TRT001036-TEMP000001,ocean,#291f9b,1991,TRT001036,29,0,84,57,58,29,54,30,2999,1573,3054,1630,3028,1602,3024,1603
TRT001036-TEMP000002,ocean,#282d7f,1538,TRT001036,64,26,115,85,90,58,90,55,3034,1599,3085,1658,3060,1631,3060,1628
TRT001036-TEMP000003,ocean,#0a346b,1627,TRT001036,41,54,94,109,65,80,65,80,3011,1627,3064,1682,3035,1653,3035,1653
TRT001036-TEMP000004,ocean,#334ab1,1792,TRT001036,9,65,56,122,32,93,31,91,2979,1638,3026,1695,3002,1666,3001,1664
TRT001036-TEMP000005,ocean,#184e88,1549,TRT001036,0,20,44,71,21,47,18,45,2970,1593,3014,1644,2991,1620,2988,1618
TRT001037-TEMP000001,ocean,#2d0a9f,1929,TRT001037,51,71,116,119,85,90,86,90,3049,1719,3114,1767,3083,1738,3084,1738
TRT001037-TEMP000002,ocean,#094d89,1619,TRT001037,61,27,119,73,88,55,87,54,3059,1675,3117,1721,3086,1703,3085,1702
TRT001037-TEMP000003,ocean,#363d8c,2128,TRT001037,0,27,62,88,36,57,36,58,2998,1675,3060,1736,3034,1705,3034,1706
TRT001037-TEMP000004,ocean,#0231b3,1616,TRT001037,39,0,104,49,73,25,70,25,3037,1648,3102,1697,3071,1673,3068,1673
TRT001038-TEMP000001,ocean,#0547a9,2586,TRT001038,77,69,150,131,114,101,115,102,3695,1926,3768,1988,3732,1958,3733,1959
TRT001038-TEMP000002,ocean,#09116c,2945,TRT001038,0,57,81,107,43,80,47,80,3618,1914,3699,1964,3661,1937,3665,1937
TRT001038-TEMP000003,ocean,#1f29a1,2257,TRT001038,63,17,124,89,90,56,92,55,3681,1874,3742,1946,3708,1913,3710,1912
TRT001038-TEMP000004,ocean,#0d22aa,2683,TRT001038,11,0,81,59,48,32,45,34,3629,1857,3699,1916,3666,1889,3663,1891
TRT001039-TEMP000001,ocean,#1a28aa,2819,TRT001039,0,54,63,123,30,88,30,92,3520,1860,3583,1929,3550,1894,3550,1898
TRT001039-TEMP000002,ocean,#133567,2782,TRT001039,18,0,93,76,59,41,56,42,3538,1806,3613,1882,3579,1847,3576,1848
TRT001039-TEMP000003,ocean,#14469d,2847,TRT001039,60,32,128,103,95,70,93,73,3580,1838,3648,1909,3615,1876,3613,1879
TRT001039-TEMP000004,ocean,#324699,2089,TRT001039,44,88,110,136,78,114,78,117,3564,1894,3630,1942,3598,1920,3598,1923
TRT001040-TEMP000001,ocean,#27346a,2436,TRT001040,67,35,134,101,100,64,100,63,3759,1828,3826,1894,3792,1857,3792,1856
TRT001040-TEMP000002,ocean,#1f3769,2280,TRT001040,16,0,85,64,52,35,52,34,3708,1793,3777,1857,3744,1828,3744,1827
TRT001040-TEMP000003,ocean,#10228e,2563,TRT001040,31,63,105,122,66,97,67,96,3723,1856,3797,1915,3758,1890,3759,1889
TRT001040-TEMP000004,ocean,#3b1a7f,2136,TRT001040,0,37,59,109,28,70,27,69,3692,1830,3751,1902,3720,1863,3719,1862
TRT001040-TEMP000005,ocean,#0f1964,1805,TRT001040,43,111,102,173,73,137,72,138,3735,1904,3794,1966,3765,1930,3764,1931
TRT001041-TEMP000001,ocean,#250769,2337,TRT001041,68,75,127,135,96,103,100,101,3649,1808,3708,1868,3677,1836,3681,1834
TRT001041-TEMP000002,ocean,#14277d,1373,TRT001041,108,45,156,94,130,68,133,68,3689,1778,3737,1827,3711,1801,3714,1801
TRT001041-TEMP000003,ocean,#0a0981,2170,TRT001041,68,11,119,77,91,50,94,51,3649,1744,3700,1810,3672,1783,3675,1784
TRT001041-TEMP000004,ocean,#014eaa,2778,TRT001041,0,68,76,135,48,92,51,94,3581,1801,3657,1868,3629,1825,3632,1827
TRT001041-TEMP000005,ocean,#14359e,2974,TRT001041,1,0,81,70,47,42,49,42,3582,1733,3662,1803,3628,1775,3630,1775
TRT001042-TEMP000001,ocean,#291270,2295,TRT001042,67,68,123,133,97,103,98,101,2829,1681,2885,1746,2859,1716,2860,1714
TRT001042-TEMP000002,ocean,#1b1270,2608,TRT001042,41,16,104,90,74,58,73,58,2803,1629,2866,1703,2836,1671,2835,1671
TRT001042-TEMP000003,ocean,#250c92,2001,TRT001042,47,116,109,180,74,146,76,144,2809,1729,2871,1793,2836,1759,2838,1757
TRT001042-TEMP000004,ocean,#134091,2385,TRT001042,0,44,55,113,24,79,22,82,2762,1657,2817,1726,2786,1692,2784,1695
TRT001042-TEMP000005,ocean,#3b3ca3,2129,TRT001042,15,87,74,150,47,116,47,118,2777,1700,2836,1763,2809,1729,2809,1731
TRT001042-TEMP000006,ocean,#1b28a6,3125,TRT001042,12,0,95,55,50,23,47,24,2774,1613,2857,1668,2812,1636,2809,1637
TRT001043-TEMP000001,ocean,#1218a3,2539,TRT001043,58,54,118,106,85,78,84,79,2708,1667,2768,1719,2735,1691,2734,1692
TRT001043-TEMP000002,ocean,#194495,2026,TRT001043,51,4,99,58,75,31,76,31,2701,1617,2749,1671,2725,1644,2726,1644
TRT001043-TEMP000003,ocean,#231480,2885,TRT001043,0,51,57,122,31,84,32,79,2650,1664,2707,1735,2681,1697,2682,1692
TRT001043-TEMP000004,ocean,#221f70,1888,TRT001043,15,4,61,51,36,27,36,23,2665,1617,2711,1664,2686,1640,2686,1636
TRT001043-TEMP000005,ocean,#0217b1,1941,TRT001043,90,0,138,64,112,26,113,26,2740,1613,2788,1677,2762,1639,2763,1639
TRT001044-TEMP000001,ocean,#0a35aa,1559,TRT001044,125,52,174,112,146,80,148,81,2775,1764,2824,1824,2796,1792,2798,1793
TRT001044-TEMP000002,ocean,#1b1391,2459,TRT001044,63,59,133,123,101,87,105,89,2713,1771,2783,1835,2751,1799,2755,1801
TRT001044-TEMP000003,ocean,#32396a,3545,TRT001044,0,8,80,81,43,40,46,42,2650,1720,2730,1793,2693,1752,2696,1754
TRT001044-TEMP000004,ocean,#222a70,1891,TRT001044,93,14,157,75,124,48,125,50,2743,1726,2807,1787,2774,1760,2775,1762
TRT001044-TEMP000005,ocean,#2e2e82,2392,TRT001044,59,0,124,58,91,24,92,22,2709,1712,2774,1770,2741,1736,2742,1734
TRT001045-TEMP000001,ocean,#30036d,2030,TRT001045,16,0,80,61,45,37,45,36,2643,1749,2707,1810,2672,1786,2672,1785
TRT001045-TEMP000002,ocean,#000c7e,2616,TRT001045,53,43,106,116,79,80,81,81,2680,1792,2733,1865,2706,1829,2708,1830
TRT001045-TEMP000003,ocean,#0a188b,2036,TRT001045,0,46,57,101,31,74,31,73,2627,1795,2684,1850,2658,1823,2658,1822
TRT001045-TEMP000004,ocean,#0444a8,1648,TRT001045,90,63,145,118,116,90,118,90,2717,1812,2772,1867,2743,1839,2745,1839
TRT001046-TEMP000001,ocean,#0b3e65,2018,TRT001046,72,3,133,48,99,21,103,18,2857,1957,2918,2002,2884,1975,2888,1972
TRT001046-TEMP000002,ocean,#183c68,2683,TRT001046,0,4,74,62,44,26,43,25,2785,1958,2859,2016,2829,1980,2828,1979
TRT001046-TEMP000003,ocean,#213f9c,3050,TRT001046,49,40,124,117,88,72,84,72,2834,1994,2909,2071,2873,2026,2869,2026
TRT001046-TEMP000004,ocean,#121f86,2731,TRT001046,106,0,185,79,139,33,134,40,2891,1954,2970,2033,2924,1987,2919,1994
TRT001047-TEMP000001,ocean,#083965,3135,TRT001047,6,52,94,106,53,79,50,80,2757,2013,2845,2067,2804,2040,2801,2041
TRT001047-TEMP000002,ocean,#360e9b,3252,TRT001047,72,71,128,150,101,117,100,117,2823,2032,2879,2111,2852,2078,2851,2078
TRT001047-TEMP000003,ocean,#142c9d,1929,TRT001047,27,106,85,150,57,131,54,132,2778,2067,2836,2111,2808,2092,2805,2093
TRT001047-TEMP000004,ocean,#341766,2198,TRT001047,11,0,77,66,40,37,43,37,2762,1961,2828,2027,2791,1998,2794,1998
TRT001047-TEMP000005,ocean,#13297b,1950,TRT001047,0,80,42,150,19,118,18,119,2751,2041,2793,2111,2770,2079,2769,2080
TRT001048-TEMP000001,ocean,#214091,2345,TRT001048,67,58,130,117,102,91,104,92,2947,2012,3010,2071,2982,2045,2984,2046
TRT001048-TEMP000002,ocean,#2c0873,2234,TRT001048,83,112,149,157,115,138,114,139,2963,2066,3029,2111,2995,2092,2994,2093
TRT001048-TEMP000003,ocean,#383eb1,2464,TRT001048,40,87,91,157,66,127,64,126,2920,2041,2971,2111,2946,2081,2944,2080
TRT001048-TEMP000004,ocean,#08038b,1978,TRT001048,0,65,61,123,33,99,28,103,2880,2019,2941,2077,2913,2053,2908,2057
TRT001048-TEMP000005,ocean,#29067e,3221,TRT001048,40,0,114,87,79,49,77,52,2920,1954,2994,2041,2959,2003,2957,2006
TRT001048-TEMP000006,ocean,#272284,1635,TRT001048,0,118,51,157,22,140,22,142,2880,2072,2931,2111,2902,2094,2902,2096
TRT001049-TEMP000001,ocean,#20257b,2628,TRT001049,28,22,96,89,63,64,63,64,3061,1997,3129,2064,3096,2039,3096,2039
TRT001049-TEMP000002,ocean,#34347a,2996,TRT001049,89,76,153,136,116,110,116,110,3122,2051,3186,2111,3149,2085,3149,2085
TRT001049-TEMP000003,ocean,#363b93,3056,TRT001049,68,0,139,78,100,38,103,41,3101,1975,3172,2053,3133,2013,3136,2016
TRT001049-TEMP000004,ocean,#2a2a64,2237,TRT001049,41,89,89,136,66,112,62,113,3074,2064,3122,2111,3099,2087,3095,2088
TRT001049-TEMP000005,ocean,#364eab,2281,TRT001049,111,35,171,106,143,71,146,71,3144,2010,3204,2081,3176,2046,3179,2046
TRT001049-TEMP000006,ocean,#1812b2,1691,TRT001049,0,76,44,136,26,113,23,115,3033,2051,3077,2111,3059,2088,3056,2090
TRT001050-TEMP000001,ocean,#0d306e,2366,TRT001050,21,97,89,167,56,132,55,132,3079,1906,3147,1976,3114,1941,3113,1941
TRT001050-TEMP000002,ocean,#382a72,2400,TRT001050,0,67,62,138,29,104,28,105,3058,1876,3120,1947,3087,1913,3086,1914
TRT001050-TEMP000003,ocean,#322b8b,3224,TRT001050,24,0,91,88,56,47,57,52,3082,1809,3149,1897,3114,1856,3115,1861
TRT001050-TEMP000004,ocean,#3a488e,2573,TRT001050,60,42,125,118,92,79,94,79,3118,1851,3183,1927,3150,1888,3152,1888
TRT001051-TEMP000001,ocean,#0b2c95,2076,TRT001051,45,48,104,117,77,78,78,76,3030,1844,3089,1913,3062,1874,3063,1872
TRT001051-TEMP000002,ocean,#1e3d8f,2109,TRT001051,63,0,122,55,94,25,95,24,3048,1796,3107,1851,3079,1821,3080,1820
TRT001051-TEMP000003,ocean,#031d79,3361,TRT001051,0,76,80,138,40,111,41,110,2985,1872,3065,1934,3025,1907,3026,1906
TRT001051-TEMP000004,ocean,#202292,1984,TRT001051,24,14,80,76,52,48,52,46,3009,1810,3065,1872,3037,1844,3037,1842
TRT001052-TEMP000001,ocean,#0337aa,2319,TRT001052,8,40,67,101,38,68,37,65,2983,1971,3042,2032,3013,1999,3012,1996
TRT001052-TEMP000002,ocean,#2e20a2,1823,TRT001052,0,0,42,51,22,23,21,22,2975,1931,3017,1982,2997,1954,2996,1953
TRT001052-TEMP000003,ocean,#052387,2329,TRT001052,49,54,112,118,80,86,80,85,3024,1985,3087,2049,3055,2017,3055,2016
TRT001052-TEMP000004,ocean,#3b456b,2217,TRT001052,72,14,133,77,104,47,103,46,3047,1945,3108,2008,3079,1978,3078,1977
TRT001052-TEMP000005,ocean,#1c4c8a,2018,TRT001052,43,0,95,55,65,24,64,22,3018,1931,3070,1986,3040,1955,3039,1953
TRT001052-TEMP000006,ocean,#204b87,2543,TRT001052,29,97,85,180,55,132,55,130,3004,2028,3060,2111,3030,2063,3030,2061
TRT001053-TEMP000001,ocean,#0b21af,3081,TRT001053,36,0,113,73,73,39,74,41,3154,1870,3231,1943,3191,1909,3192,1911
TRT001053-TEMP000002,ocean,#112d66,2021,TRT001053,15,71,76,134,48,105,48,103,3133,1941,3194,2004,3166,1975,3166,1973
TRT001053-TEMP000003,ocean,#270f93,2312,TRT001053,65,48,122,114,96,81,97,83,3183,1918,3240,1984,3214,1951,3215,1953
TRT001053-TEMP000004,ocean,#290185,1918,TRT001053,47,103,105,161,78,131,77,131,3165,1973,3223,2031,3196,2001,3195,2001
TRT001053-TEMP000005,ocean,#3906b1,1772,TRT001053,0,46,57,115,28,82,26,82,3118,1916,3175,1985,3146,1952,3144,1952
TRT001054-TEMP000001,ocean,#29457d,3049,TRT001054,57,72,133,138,96,106,97,105,3412,1957,3488,2023,3451,1991,3452,1990
TRT001054-TEMP000002,ocean,#0648a6,3121,TRT001054,0,32,68,115,35,79,35,79,3355,1917,3423,2000,3390,1964,3390,1964
TRT001054-TEMP000003,ocean,#0d0e9a,2711,TRT001054,30,19,101,85,70,50,72,50,3385,1904,3456,1970,3425,1935,3427,1935
TRT001054-TEMP000004,ocean,#1d009e,1965,TRT001054,97,45,153,102,126,69,128,67,3452,1930,3508,1987,3481,1954,3483,1952
TRT001054-TEMP000005,ocean,#1208ab,1551,TRT001054,86,9,139,55,114,32,117,31,3441,1894,3494,1940,3469,1917,3472,1916
TRT001054-TEMP000006,ocean,#224ea1,1409,TRT001054,132,0,172,52,152,24,154,22,3487,1885,3527,1937,3507,1909,3509,1907
TRT001055-TEMP000001,ocean,#0b346c,2103,TRT001055,44,22,109,85,72,57,69,53,3383,1800,3448,1863,3411,1835,3408,1831
TRT001055-TEMP000002,ocean,#3a2766,3514,TRT001055,81,56,168,128,116,97,112,96,3420,1834,3507,1906,3455,1875,3451,1874
TRT001055-TEMP000003,ocean,#052167,1781,TRT001055,9,52,64,105,36,75,36,75,3348,1830,3403,1883,3375,1853,3375,1853
TRT001055-TEMP000004,ocean,#061a80,1971,TRT001055,0,0,58,58,30,32,27,31,3339,1778,3397,1836,3369,1810,3366,1809
TRT001055-TEMP000005,ocean,#022b89,2353,TRT001055,29,84,92,139,61,112,58,113,3368,1862,3431,1917,3400,1890,3397,1891
TRT001056-TEMP000001,ocean,#122c9a,1754,TRT001056,0,58,65,113,33,89,35,88,3229,1874,3294,1929,3262,1905,3264,1904
TRT001056-TEMP000002,ocean,#2822a9,2522,TRT001056,65,96,129,165,94,132,93,131,3294,1912,3358,1981,3323,1948,3322,1947
TRT001056-TEMP000003,ocean,#053864,2535,TRT001056,97,77,152,156,126,108,127,111,3326,1893,3381,1972,3355,1924,3356,1927
TRT001056-TEMP000004,ocean,#141781,2564,TRT001056,80,0,141,82,110,45,112,48,3309,1816,3370,1898,3339,1861,3341,1864
TRT001056-TEMP000005,ocean,#0d0f97,2624,TRT001056,47,25,107,101,77,67,78,66,3276,1841,3336,1917,3306,1883,3307,1882
TRT001056-TEMP000006,ocean,#0c1fae,1837,TRT001056,8,95,74,144,46,118,44,118,3237,1911,3303,1960,3275,1934,3273,1934
TRT001057-TEMP000001,ocean,#3841aa,1857,TRT001057,41,51,97,109,69,80,71,77,2962,1373,3018,1431,2990,1402,2992,1399
TRT001057-TEMP000002,ocean,#0d2893,1365,TRT001057,32,22,83,72,55,47,53,49,2953,1344,3004,1394,2976,1369,2974,1371
TRT001057-TEMP000003,ocean,#3b0f9f,1745,TRT001057,0,0,54,43,29,21,27,21,2921,1322,2975,1365,2950,1343,2948,1343
TRT001057-TEMP000004,ocean,#3432a0,1564,TRT001057,2,41,46,96,26,67,24,65,2923,1363,2967,1418,2947,1389,2945,1387
TRT001057-TEMP000005,ocean,#311069,2259,TRT001057,55,0,111,50,84,22,82,20,2976,1322,3032,1372,3005,1344,3003,1342
TRT001058-TEMP000001,ocean,#0612a6,1728,TRT001058,63,0,128,50,91,23,90,22,2931,1411,2996,1461,2959,1434,2958,1433
TRT001058-TEMP000002,ocean,#151d66,2062,TRT001058,94,20,154,83,122,57,120,56,2962,1431,3022,1494,2990,1468,2988,1467
TRT001058-TEMP000003,ocean,#051378,1603,TRT001058,25,59,72,110,51,85,50,83,2893,1470,2940,1521,2919,1496,2918,1494
TRT001058-TEMP000004,ocean,#3105a4,1660,TRT001058,31,5,81,61,57,37,57,37,2899,1416,2949,1472,2925,1448,2925,1448
TRT001058-TEMP000005,ocean,#244c6d,1163,TRT001058,0,35,47,83,25,60,23,59,2868,1446,2915,1494,2893,1471,2891,1470
TRT001058-TEMP000006,ocean,#1e3ab0,1570,TRT001058,66,49,113,100,86,75,86,77,2934,1460,2981,1511,2954,1486,2954,1488
TRT001059-TEMP000001,ocean,#1028a1,1415,TRT001059,38,32,78,84,58,59,57,60,2857,1374,2897,1426,2877,1401,2876,1402
TRT001059-TEMP000002,ocean,#2810b2,1993,TRT001059,14,78,81,127,48,99,46,100,2833,1420,2900,1469,2867,1441,2865,1442
TRT001059-TEMP000003,ocean,#2424a5,1669,TRT001059,0,21,47,87,26,57,26,55,2819,1363,2866,1429,2845,1399,2845,1397
TRT001059-TEMP000004,ocean,#2901a1,2190,TRT001059,40,0,108,50,76,24,78,25,2859,1342,2927,1392,2895,1366,2897,1367
TRT001059-TEMP000005,ocean,#1f1aa3,1775,TRT001059,69,40,116,100,92,68,92,70,2888,1382,2935,1442,2911,1410,2911,1412
TRT001060-TEMP000001,ocean,#272870,1469,TRT001060,23,64,65,115,48,88,46,89,2857,1298,2899,1349,2882,1322,2880,1323
TRT001060-TEMP000002,ocean,#220974,1763,TRT001060,0,24,50,77,28,50,28,52,2834,1258,2884,1311,2862,1284,2862,1286
TRT001060-TEMP000003,ocean,#102198,1854,TRT001060,66,59,111,115,86,88,84,89,2900,1293,2945,1349,2920,1322,2918,1323
TRT001060-TEMP000004,ocean,#29429f,1701,TRT001060,47,25,106,72,72,51,71,49,2881,1259,2940,1306,2906,1285,2905,1283
TRT001060-TEMP000005,ocean,#1547af,1148,TRT001060,46,0,100,45,80,23,81,23,2880,1234,2934,1279,2914,1257,2915,1257
TRT001061-TEMP000001,ocean,#112086,1899,TRT001061,37,0,101,65,65,36,65,35,2812,1279,2876,1344,2840,1315,2840,1314
TRT001061-TEMP000002,ocean,#3a4c96,1868,TRT001061,43,62,100,131,63,86,62,89,2818,1341,2875,1410,2838,1365,2837,1368
TRT001061-TEMP000003,ocean,#08419b,1880,TRT001061,7,13,59,73,33,47,36,50,2782,1292,2834,1352,2808,1326,2811,1329
TRT001061-TEMP000004,ocean,#3a186f,1784,TRT001061,0,62,42,130,24,90,23,89,2775,1341,2817,1409,2799,1369,2798,1368
TRT001062-TEMP000001,ocean,#0226ae,1561,TRT001062,44,20,93,77,68,54,71,56,2967,1234,3016,1291,2991,1268,2994,1270
TRT001062-TEMP000002,ocean,#2c08a0,1798,TRT001062,12,62,59,107,37,85,38,88,2935,1276,2982,1321,2960,1299,2961,1302
TRT001062-TEMP000003,ocean,#2b11a1,2741,TRT001062,0,0,65,63,33,32,34,36,2923,1214,2988,1277,2956,1246,2957,1250
TRT001062-TEMP000004,ocean,#342d72,1341,TRT001062,59,70,102,107,79,91,80,92,2982,1284,3025,1321,3002,1305,3003,1306
TRT001063-TEMP000001,ocean,#2a1390,1741,TRT001063,18,116,73,161,46,141,47,143,2670,2066,2725,2111,2698,2091,2699,2093
TRT001063-TEMP000002,ocean,#0b0672,2239,TRT001063,3,74,63,128,34,98,33,100,2655,2024,2715,2078,2686,2048,2685,2050
TRT001063-TEMP000003,ocean,#0c029f,2620,TRT001063,50,53,115,106,81,79,80,80,2702,2003,2767,2056,2733,2029,2732,2030
TRT001063-TEMP000004,ocean,#064a78,2109,TRT001063,59,106,103,161,84,132,84,132,2711,2056,2755,2111,2736,2082,2736,2082
TRT001063-TEMP000005,ocean,#100199,3182,TRT001063,53,0,122,63,92,32,89,32,2705,1950,2774,2013,2744,1982,2741,1982
TRT001063-TEMP000006,ocean,#2c086e,2846,TRT001063,0,15,62,77,30,48,28,49,2652,1965,2714,2027,2682,1998,2680,1999
TRT001064-TEMP000001,ocean,#2a4897,2526,TRT001064,21,64,82,138,53,92,54,92,2633,1897,2694,1971,2665,1925,2666,1925
TRT001064-TEMP000002,ocean,#261392,2046,TRT001064,29,7,81,65,53,39,51,37,2641,1840,2693,1898,2665,1872,2663,1870
TRT001064-TEMP000003,ocean,#0c3aa1,2369,TRT001064,65,24,128,83,94,56,93,55,2677,1857,2740,1916,2706,1889,2705,1888
TRT001064-TEMP000004,ocean,#090ea1,2172,TRT001064,103,58,157,127,130,95,131,93,2715,1891,2769,1960,2742,1928,2743,1926
TRT001064-TEMP000005,ocean,#173c8e,2174,TRT001064,57,84,123,138,90,113,93,112,2669,1917,2735,1971,2702,1946,2705,1945
TRT001064-TEMP000006,ocean,#342895,1819,TRT001064,0,0,40,73,20,32,18,32,2612,1833,2652,1906,2632,1865,2630,1865
TRT001065-TEMP000001,ocean,#2b1f9a,2250,TRT001065,60,0,120,51,89,21,91,18,2597,2003,2657,2054,2626,2024,2628,2021
TRT001065-TEMP000002,ocean,#303cb0,2094,TRT001065,71,31,142,101,109,61,110,61,2608,2034,2679,2104,2646,2064,2647,2064
TRT001065-TEMP000003,ocean,#181364,3344,TRT001065,0,3,72,61,37,31,40,33,2537,2006,2609,2064,2574,2034,2577,2036
TRT001065-TEMP000004,ocean,#1c0d7a,2703,TRT001065,10,56,65,108,37,83,35,84,2547,2059,2602,2111,2574,2086,2572,2087
TRT001065-TEMP000005,ocean,#1f4a71,2478,TRT001065,63,59,145,108,95,91,93,90,2600,2062,2682,2111,2632,2094,2630,2093
TRT001066-TEMP000001,ocean,#320478,2688,TRT001066,30,61,112,102,70,79,73,79,2560,1921,2642,1962,2600,1939,2603,1939
TRT001066-TEMP000002,ocean,#290e97,2265,TRT001066,87,66,135,142,111,110,112,110,2617,1926,2665,2002,2641,1970,2642,1970
TRT001066-TEMP000003,ocean,#1945ac,2114,TRT001066,36,0,110,60,75,42,73,42,2566,1860,2640,1920,2605,1902,2603,1902
TRT001066-TEMP000004,ocean,#364290,1942,TRT001066,45,100,98,145,69,124,69,124,2575,1960,2628,2005,2599,1984,2599,1984
TRT001066-TEMP000005,ocean,#1c0b76,2354,TRT001066,0,77,48,152,26,120,25,120,2530,1937,2578,2012,2556,1980,2555,1980
TRT001067-TEMP000001,ocean,#27066b,2166,TRT001067,41,0,96,64,73,35,72,35,2527,1687,2582,1751,2559,1722,2558,1722
TRT001067-TEMP000002,ocean,#092e8a,1952,TRT001067,0,43,62,102,35,74,33,73,2486,1730,2548,1789,2521,1761,2519,1760
TRT001067-TEMP000003,ocean,#2b03a4,2574,TRT001067,44,64,104,129,77,93,73,93,2530,1751,2590,1816,2563,1780,2559,1780
TRT001067-TEMP000004,ocean,#230465,2452,TRT001067,85,2,137,76,110,39,109,40,2571,1689,2623,1763,2596,1726,2595,1727
TRT001067-TEMP000005,ocean,#352869,3484,TRT001067,91,73,163,147,126,109,125,107,2577,1760,2649,1834,2612,1796,2611,1794
TRT001067-TEMP000006,ocean,#210c66,2285,TRT001067,120,17,167,89,146,53,147,51,2606,1704,2653,1776,2632,1740,2633,1738
TRT001068-TEMP000001,ocean,#123a8f,1990,TRT001068,0,117,63,168,29,141,31,141,2455,1720,2518,1771,2484,1744,2486,1744
TRT001068-TEMP000002,ocean,#2a3aa7,1965,TRT001068,0,70,38,131,18,98,16,103,2455,1673,2493,1734,2473,1701,2471,1706
TRT001068-TEMP000003,ocean,#373696,2404,TRT001068,34,69,100,133,62,100,60,99,2489,1672,2555,1736,2517,1703,2515,1702
TRT001068-TEMP000004,ocean,#031783,2684,TRT001068,46,29,113,95,81,63,79,62,2501,1632,2568,1698,2536,1666,2534,1665
TRT001068-TEMP000005,ocean,#1d2e9e,3074,TRT001068,3,0,60,73,26,39,25,40,2458,1603,2515,1676,2481,1642,2480,1643
TRT001069-TEMP000001,ocean,#291d90,1691,TRT001069,35,109,101,157,69,134,68,134,2595,1665,2661,1713,2629,1690,2628,1690
TRT001069-TEMP000002,ocean,#05469d,1737,TRT001069,59,82,104,138,86,106,88,109,2619,1638,2664,1694,2646,1662,2648,1665
TRT001069-TEMP000003,ocean,#0a1267,2352,TRT001069,51,23,112,88,81,62,79,61,2611,1579,2672,1644,2641,1618,2639,1617
TRT001069-TEMP000004,ocean,#10006e,2884,TRT001069,0,70,60,136,29,101,30,103,2560,1626,2620,1692,2589,1657,2590,1659
TRT001069-TEMP000005,ocean,#381797,2156,TRT001069,18,0,76,76,49,42,46,44,2578,1556,2636,1632,2609,1598,2606,1600
TRT001070-TEMP000001,ocean,#162d95,2067,TRT001070,80,25,141,85,106,54,109,56,2538,1565,2599,1625,2564,1594,2567,1596
TRT001070-TEMP000002,ocean,#2c3da5,3038,TRT001070,0,20,80,88,46,54,50,54,2458,1560,2538,1628,2504,1594,2508,1594
TRT001070-TEMP000003,ocean,#250974,1753,TRT001070,52,60,118,113,86,86,86,88,2510,1600,2576,1653,2544,1626,2544,1628
TRT001070-TEMP000004,ocean,#121367,2068,TRT001070,80,0,155,50,124,23,124,23,2538,1540,2613,1590,2582,1563,2582,1563
TRT001071-TEMP000001,ocean,#10286d,1607,TRT001071,17,54,74,98,45,75,45,74,3440,1617,3497,1661,3468,1638,3468,1637
TRT001071-TEMP000002,ocean,#051167,1223,TRT001071,8,0,51,35,29,15,29,15,3431,1563,3474,1598,3452,1578,3452,1578
TRT001071-TEMP000003,ocean,#3013ac,1094,TRT001071,32,14,72,56,52,37,53,36,3455,1577,3495,1619,3475,1600,3476,1599
TRT001071-TEMP000004,ocean,#081b89,1260,TRT001071,62,28,96,77,81,52,83,50,3485,1591,3519,1640,3504,1615,3506,1613
TRT001071-TEMP000005,ocean,#221365,1243,TRT001071,0,28,38,81,17,52,16,51,3423,1591,3461,1644,3440,1615,3439,1614
TRT001071-TEMP000006,ocean,#0d4572,1151,TRT001071,52,0,96,33,75,15,74,13,3475,1563,3519,1596,3498,1578,3497,1576
TRT001072-TEMP000001,ocean,#290b79,1553,TRT001072,24,0,86,41,54,23,53,23,3450,1459,3512,1500,3480,1482,3479,1482
TRT001072-TEMP000002,ocean,#213c82,1025,TRT001072,36,38,79,74,55,58,56,59,3462,1497,3505,1533,3481,1517,3482,1518
TRT001072-TEMP000003,ocean,#2d06ac,1070,TRT001072,36,74,78,103,56,90,55,90,3462,1533,3504,1562,3482,1549,3481,1549
TRT001072-TEMP000004,ocean,#27047e,1144,TRT001072,9,15,46,66,27,45,27,46,3435,1474,3472,1525,3453,1504,3453,1505
TRT001072-TEMP000005,ocean,#300d72,1283,TRT001072,0,64,38,103,20,84,20,84,3426,1523,3464,1562,3446,1543,3446,1543
TRT001073-TEMP000001,ocean,#30476b,1360,TRT001073,16,0,71,37,43,16,43,16,3371,1621,3426,1658,3398,1637,3398,1637
TRT001073-TEMP000002,ocean,#393eb0,1008,TRT001073,36,22,74,66,56,44,58,41,3391,1643,3429,1687,3411,1665,3413,1662
TRT001073-TEMP000003,ocean,#2b1964,1528,TRT001073,0,29,48,81,23,57,24,57,3355,1650,3403,1702,3378,1678,3379,1678
TRT001073-TEMP000004,ocean,#34196a,817,TRT001073,64,4,100,51,79,31,81,33,3419,1625,3455,1672,3434,1652,3436,1654
TRT001074-TEMP000001,ocean,#1440a7,1190,TRT001074,66,3,109,52,89,25,89,26,3392,1540,3435,1589,3415,1562,3415,1563
TRT001074-TEMP000002,ocean,#190995,1316,TRT001074,25,0,68,56,51,25,48,29,3351,1537,3394,1593,3377,1562,3374,1566
TRT001074-TEMP000003,ocean,#19039b,1388,TRT001074,39,54,99,89,68,72,69,72,3365,1591,3425,1626,3394,1609,3395,1609
TRT001074-TEMP000004,ocean,#2e3267,1095,TRT001074,52,28,104,65,78,49,74,46,3378,1565,3430,1602,3404,1586,3400,1583
TRT001074-TEMP000005,ocean,#210e6f,1233,TRT001074,0,27,47,75,26,50,23,50,3326,1564,3373,1612,3352,1587,3349,1587
TRT001075-TEMP000001,ocean,#1c0a68,1219,TRT001075,0,11,43,70,23,46,24,43,3300,1600,3343,1659,3323,1635,3324,1632
TRT001075-TEMP000002,ocean,#1a2e7b,1436,TRT001075,30,0,79,56,53,31,55,32,3330,1589,3379,1645,3353,1620,3355,1621
TRT001075-TEMP000003,ocean,#263890,1496,TRT001075,16,50,72,99,47,71,46,70,3316,1639,3372,1688,3347,1660,3346,1659
TRT001076-TEMP000001,ocean,#182b73,1249,TRT001076,7,58,50,100,29,77,31,77,3366,1499,3409,1541,3388,1518,3390,1518
TRT001076-TEMP000002,ocean,#39297e,1371,TRT001076,0,18,46,66,25,45,24,45,3359,1459,3405,1507,3384,1486,3383,1486
TRT001076-TEMP000003,ocean,#0c02a7,1566,TRT001076,34,0,96,38,63,21,63,21,3393,1441,3455,1479,3422,1462,3422,1462
TRT001076-TEMP000004,ocean,#220e79,1286,TRT001076,44,33,89,72,66,52,66,52,3403,1474,3448,1513,3425,1493,3425,1493
TRT001076-TEMP000005,ocean,#111f82,1033,TRT001076,38,69,76,105,58,88,58,89,3397,1510,3435,1546,3417,1529,3417,1530
TRT001077-TEMP000001,ocean,#20487d,2577,TRT001077,10,58,74,122,48,86,49,85,2390,1414,2454,1478,2428,1442,2429,1441
TRT001077-TEMP000002,ocean,#020ea5,3090,TRT001077,0,0,75,68,39,35,39,34,2380,1356,2455,1424,2419,1391,2419,1390
TRT001077-TEMP000003,ocean,#131081,2328,TRT001077,62,19,135,76,93,55,93,55,2442,1375,2515,1432,2473,1411,2473,1411
TRT001077-TEMP000004,ocean,#322eab,2091,TRT001077,63,75,125,122,93,98,95,98,2443,1431,2505,1478,2473,1454,2475,1454
TRT001078-TEMP000001,ocean,#143c6c,2399,TRT001078,70,0,127,61,98,30,96,32,2446,1479,2503,1540,2474,1509,2472,1511
TRT001078-TEMP000002,ocean,#3b4fb1,2269,TRT001078,47,53,107,109,79,82,78,83,2423,1532,2483,1588,2455,1561,2454,1562
TRT001078-TEMP000003,ocean,#0e1d9d,2199,TRT001078,99,39,155,102,124,72,124,72,2475,1518,2531,1581,2500,1551,2500,1551
TRT001078-TEMP000004,ocean,#361065,2168,TRT001078,0,34,63,91,33,63,33,63,2376,1513,2439,1570,2409,1542,2409,1542
TRT001078-TEMP000005,ocean,#39296e,1878,TRT001078,30,0,84,54,58,25,57,23,2406,1479,2460,1533,2434,1504,2433,1502
TRT001079-TEMP000001,ocean,#204766,2617,TRT001079,74,47,137,119,107,79,107,79,2556,1439,2619,1511,2589,1471,2589,1471
TRT001079-TEMP000002,ocean,#394c84,2629,TRT001079,64,0,137,57,98,31,99,31,2546,1392,2619,1449,2580,1423,2581,1423
TRT001079-TEMP000003,ocean,#06096d,2875,TRT001079,15,15,82,82,50,51,51,52,2497,1407,2564,1474,2532,1443,2533,1444
TRT001079-TEMP000004,ocean,#2e1169,2151,TRT001079,0,63,52,139,28,97,28,98,2482,1455,2534,1531,2510,1489,2510,1490
TRT001079-TEMP000005,ocean,#1f4a80,2153,TRT001079,35,77,100,140,66,107,66,108,2517,1469,2582,1532,2548,1499,2548,1500
TRT001079-TEMP000006,ocean,#1a2d96,2610,TRT001079,36,114,115,169,79,141,80,142,2518,1506,2597,1561,2561,1533,2562,1534
TRT001080-TEMP000001,ocean,#253970,2531,TRT001080,88,52,154,125,118,89,118,91,2512,1337,2578,1410,2542,1374,2542,1376
TRT001080-TEMP000002,ocean,#27186e,2837,TRT001080,35,0,110,73,71,39,72,40,2459,1285,2534,1358,2495,1324,2496,1325
TRT001080-TEMP000003,ocean,#223d66,2572,TRT001080,0,36,77,103,40,70,43,71,2424,1321,2501,1388,2464,1355,2467,1356
TRT001080-TEMP000004,ocean,#16477c,2128,TRT001080,50,72,112,133,83,105,83,108,2474,1357,2536,1418,2507,1390,2507,1393
TRT001081-TEMP000001,ocean,#05196c,2257,TRT001081,25,0,91,64,58,36,58,37,2344,1405,2410,1469,2377,1441,2377,1442
TRT001081-TEMP000002,ocean,#2d209b,2042,TRT001081,0,36,52,100,25,70,24,69,2319,1441,2371,1505,2344,1475,2343,1474
TRT001081-TEMP000003,ocean,#2022b2,2099,TRT001081,11,86,75,146,44,113,42,113,2330,1491,2394,1551,2363,1518,2361,1518
TRT001081-TEMP000004,ocean,#26187c,2391,TRT001081,48,50,111,117,78,80,76,82,2367,1455,2430,1522,2397,1485,2395,1487
TRT001082-TEMP000001,ocean,#282a95,2109,TRT001082,67,54,126,113,96,79,99,76,2695,1517,2754,1576,2724,1542,2727,1539
TRT001082-TEMP000002,ocean,#1134a0,2020,TRT001082,34,10,89,85,63,51,65,49,2662,1473,2717,1548,2691,1514,2693,1512
TRT001082-TEMP000003,ocean,#1e37b3,2644,TRT001082,0,60,67,138,34,97,34,96,2628,1523,2695,1601,2662,1560,2662,1559
TRT001082-TEMP000004,ocean,#1b3764,2915,TRT001082,31,89,102,153,68,127,68,124,2659,1552,2730,1616,2696,1590,2696,1587
TRT001082-TEMP000005,ocean,#334384,1800,TRT001082,69,0,132,56,100,33,101,32,2697,1463,2760,1519,2728,1496,2729,1495
TRT001083-TEMP000001,ocean,#341b69,2241,TRT001083,40,83,101,154,72,115,74,116,2822,1520,2883,1591,2854,1552,2856,1553
TRT001083-TEMP000002,ocean,#302a68,2877,TRT001083,22,0,96,75,58,38,60,43,2804,1437,2878,1512,2840,1475,2842,1480
TRT001083-TEMP000003,ocean,#173377,2164,TRT001083,66,45,126,109,97,77,101,79,2848,1482,2908,1546,2879,1514,2883,1516
TRT001083-TEMP000004,ocean,#240981,2371,TRT001083,0,37,66,107,33,71,32,73,2782,1474,2848,1544,2815,1508,2814,1510
TRT001084-TEMP000001,ocean,#31299c,2056,TRT001084,52,15,103,89,80,55,79,56,2650,1424,2701,1498,2678,1464,2677,1465
TRT001084-TEMP000002,ocean,#183cb3,2565,TRT001084,7,61,80,122,44,86,47,90,2605,1470,2678,1531,2642,1495,2645,1499
TRT001084-TEMP000003,ocean,#15368a,2531,TRT001084,0,78,53,159,23,121,21,117,2598,1487,2651,1568,2621,1530,2619,1526
TRT001084-TEMP000004,ocean,#2c298d,2464,TRT001084,15,0,83,62,48,34,48,34,2613,1409,2681,1471,2646,1443,2646,1443
TRT001086-TEMP000001,ocean,#0d40b1,2091,TRT001086,79,70,147,116,115,99,117,100,2794,1566,2862,1612,2830,1595,2832,1596
TRT001086-TEMP000002,ocean,#11268c,2257,TRT001086,60,33,126,100,91,68,93,68,2775,1529,2841,1596,2806,1564,2808,1564
TRT001086-TEMP000003,ocean,#33126b,2625,TRT001086,26,0,92,67,58,36,58,35,2741,1496,2807,1563,2773,1532,2773,1531
TRT001086-TEMP000004,ocean,#260a90,3339,TRT001086,0,59,78,120,41,94,43,94,2715,1555,2793,1616,2756,1590,2758,1590
TRT001087-TEMP000001,ocean,#384982,2322,TRT001087,41,57,97,110,66,86,63,86,2896,1903,2952,1956,2921,1932,2918,1932
TRT001087-TEMP000002,ocean,#1c49b3,1894,TRT001087,7,11,55,69,30,44,28,45,2862,1857,2910,1915,2885,1890,2883,1891
TRT001087-TEMP000003,ocean,#02138c,1620,TRT001087,0,67,45,111,23,90,22,91,2855,1913,2900,1957,2878,1936,2877,1937
TRT001087-TEMP000004,ocean,#171b68,2401,TRT001087,34,0,104,57,67,29,64,28,2889,1846,2959,1903,2922,1875,2919,1874
TRT001087-TEMP000005,ocean,#0a11ae,3180,TRT001087,78,29,142,110,109,69,107,69,2933,1875,2997,1956,2964,1915,2962,1915
TRT001085-TEMP000001,ocean,#141479,2169,TRT001085,84,55,149,121,113,83,114,80,2760,1423,2825,1489,2789,1451,2790,1448
TRT001085-TEMP000002,ocean,#353072,2794,TRT001085,45,0,115,66,82,32,82,31,2721,1368,2791,1434,2758,1400,2758,1399
TRT001085-TEMP000003,ocean,#163ea9,2910,TRT001085,35,65,110,135,76,101,77,100,2711,1433,2786,1503,2752,1469,2753,1468
TRT001085-TEMP000004,ocean,#0a24a1,3076,TRT001085,0,23,70,102,35,59,35,59,2676,1391,2746,1470,2711,1427,2711,1427
TRT001085-TEMP000005,ocean,#160884,1740,TRT001085,102,17,158,77,129,50,130,49,2778,1385,2834,1445,2805,1418,2806,1417
TRT001088-TEMP000001,ocean,#263a7f,3660,TRT001088,0,0,67,89,34,45,35,47,2915,1770,2982,1859,2949,1815,2950,1817
TRT001088-TEMP000002,ocean,#0c3a8c,2258,TRT001088,57,25,114,90,84,58,84,60,2972,1795,3029,1860,2999,1828,2999,1830
TRT001088-TEMP000003,ocean,#300bae,2282,TRT001088,20,70,96,126,63,96,64,98,2935,1840,3011,1896,2978,1866,2979,1868
TRT001089-TEMP000001,ocean,#054d9d,2680,TRT001089,87,81,143,151,117,113,116,110,2808,1887,2864,1957,2838,1919,2837,1916
TRT001089-TEMP000002,ocean,#36336a,1979,TRT001089,46,108,121,154,82,136,84,137,2767,1914,2842,1960,2803,1942,2805,1943
TRT001089-TEMP000003,ocean,#31169a,2444,TRT001089,30,70,90,134,60,100,58,101,2751,1876,2811,1940,2781,1906,2779,1907
TRT001089-TEMP000004,ocean,#1c3580,3089,TRT001089,47,0,113,78,81,39,80,42,2768,1806,2834,1884,2802,1845,2801,1848
TRT001089-TEMP000005,ocean,#0d0865,1883,TRT001089,0,36,63,94,34,66,32,65,2721,1842,2784,1900,2755,1872,2753,1871
TRT001089-TEMP000006,ocean,#3a1f75,2380,TRT001089,90,29,148,90,122,64,124,63,2811,1835,2869,1896,2843,1870,2845,1869
TRT001090-TEMP000001,ocean,#282e79,2818,TRT001090,74,0,138,74,104,39,102,39,2878,1739,2942,1813,2908,1778,2906,1778
TRT001090-TEMP000002,ocean,#344587,2827,TRT001090,53,61,121,122,85,91,84,90,2857,1800,2925,1861,2889,1830,2888,1829
TRT001090-TEMP000003,ocean,#083ab3,1995,TRT001090,28,4,80,72,60,42,57,44,2832,1743,2884,1811,2864,1781,2861,1783
TRT001090-TEMP000004,ocean,#0a15ab,1861,TRT001090,0,49,61,108,35,76,33,77,2804,1788,2865,1847,2839,1815,2837,1816
TRT001091-TEMP000001,ocean,#2c1e9b,2154,TRT001091,31,100,103,155,68,125,66,125,2623,1230,2695,1285,2660,1255,2658,1255
TRT001091-TEMP000002,ocean,#2800ae,2154,TRT001091,23,57,86,114,57,87,56,86,2615,1187,2678,1244,2649,1217,2648,1216
TRT001091-TEMP000003,ocean,#114c96,1897,TRT001091,0,30,55,98,29,65,29,63,2592,1160,2647,1228,2621,1195,2621,1193
TRT001091-TEMP000004,ocean,#114a86,2814,TRT001091,43,0,113,71,76,38,78,39,2635,1130,2705,1201,2668,1168,2670,1169
TRT001091-TEMP000005,ocean,#354f95,3198,TRT001091,83,53,152,130,114,92,113,94,2675,1183,2744,1260,2706,1222,2705,1224
TRT001092-TEMP000001,ocean,#2d05b2,2811,TRT001092,98,44,165,115,129,79,129,80,2586,1247,2653,1318,2617,1282,2617,1283
TRT001092-TEMP000002,ocean,#183c78,2396,TRT001092,49,32,109,94,79,64,82,64,2537,1235,2597,1297,2567,1267,2570,1267
TRT001092-TEMP000003,ocean,#082e6a,2291,TRT001092,0,47,64,118,36,84,37,82,2488,1250,2552,1321,2524,1287,2525,1285
TRT001092-TEMP000004,ocean,#262473,2175,TRT001092,64,0,135,56,102,30,102,29,2552,1203,2623,1259,2590,1233,2590,1232
TRT001092-TEMP000005,ocean,#2942ad,2579,TRT001092,33,87,111,144,71,115,69,115,2521,1290,2599,1347,2559,1318,2557,1318
TRT001093-TEMP000001,ocean,#2a4273,2306,TRT001093,23,100,84,163,55,129,55,129,2676,1333,2737,1396,2708,1362,2708,1362
TRT001093-TEMP000002,ocean,#2b20a2,2112,TRT001093,76,90,131,149,101,118,101,119,2729,1323,2784,1382,2754,1351,2754,1352
TRT001093-TEMP000003,ocean,#192eaa,2652,TRT001093,0,29,59,104,30,65,30,65,2653,1262,2712,1337,2683,1298,2683,1298
TRT001093-TEMP000004,ocean,#2c19a5,2717,TRT001093,41,0,115,62,79,33,79,34,2694,1233,2768,1295,2732,1266,2732,1267
TRT001093-TEMP000005,ocean,#0c3e83,2450,TRT001093,89,30,146,99,118,67,118,67,2742,1263,2799,1332,2771,1300,2771,1300
TRT001093-TEMP000006,ocean,#13309e,2115,TRT001093,38,59,99,112,70,85,70,87,2691,1292,2752,1345,2723,1318,2723,1320
TRT001094-TEMP000001,ocean,#26458a,2003,TRT001094,0,30,51,106,31,66,30,67,2547,1320,2598,1396,2578,1356,2577,1357
TRT001094-TEMP000002,ocean,#171d78,2867,TRT001094,51,0,129,67,94,35,94,35,2598,1290,2676,1357,2641,1325,2641,1325
TRT001094-TEMP000003,ocean,#0a0997,2940,TRT001094,91,52,156,125,122,90,122,90,2638,1342,2703,1415,2669,1380,2669,1380
TRT001094-TEMP000004,ocean,#200aae,2150,TRT001094,43,34,96,101,67,70,64,71,2590,1324,2643,1391,2614,1360,2611,1361
TRT001094-TEMP000005,ocean,#2337a8,2335,TRT001094,38,88,111,142,76,114,76,115,2585,1378,2658,1432,2623,1404,2623,1405
TRT001095-TEMP000001,ocean,#204da3,1397,TRT001095,29,37,73,78,52,57,50,56,2925,1136,2969,1177,2948,1156,2946,1155
TRT001095-TEMP000002,ocean,#263f84,1380,TRT001095,0,32,39,94,20,65,19,65,2896,1131,2935,1193,2916,1164,2915,1164
TRT001095-TEMP000003,ocean,#2832ae,1540,TRT001095,20,78,74,127,47,100,47,100,2916,1177,2970,1226,2943,1199,2943,1199
TRT001095-TEMP000004,ocean,#054776,1637,TRT001095,20,0,75,41,47,23,48,22,2916,1099,2971,1140,2943,1122,2944,1121
TRT001096-TEMP000001,ocean,#242091,1366,TRT001096,8,22,51,67,29,47,31,47,2841,1094,2884,1139,2862,1119,2864,1119
TRT001096-TEMP000002,ocean,#1a0c68,1050,TRT001096,32,63,71,99,50,83,49,86,2865,1135,2904,1171,2883,1155,2882,1158
TRT001096-TEMP000003,ocean,#14479f,1344,TRT001096,49,28,93,79,69,51,69,55,2882,1100,2926,1151,2902,1123,2902,1127
TRT001096-TEMP000004,ocean,#1c1db0,1042,TRT001096,0,59,36,101,19,82,19,82,2833,1131,2869,1173,2852,1154,2852,1154
TRT001096-TEMP000005,ocean,#2c4a93,1485,TRT001096,14,0,69,39,43,18,45,19,2847,1072,2902,1111,2876,1090,2878,1091
TRT001097-TEMP000001,ocean,#032e78,1572,TRT001097,42,0,90,48,63,21,64,22,2867,1172,2915,1220,2888,1193,2889,1194
TRT001097-TEMP000002,ocean,#0e2ba2,1247,TRT001097,0,0,46,34,23,15,23,14,2825,1172,2871,1206,2848,1187,2848,1186
TRT001097-TEMP000003,ocean,#082986,1379,TRT001097,64,23,114,74,89,48,90,48,2889,1195,2939,1246,2914,1220,2915,1220
TRT001097-TEMP000004,ocean,#123f6f,1251,TRT001097,11,28,57,74,31,47,31,47,2836,1200,2882,1246,2856,1219,2856,1219
TRT001097-TEMP000005,ocean,#16118c,1503,TRT001097,22,47,80,95,50,71,52,71,2847,1219,2905,1267,2875,1243,2877,1243
TRT001098-TEMP000001,ocean,#3b0567,986,TRT001098,75,61,113,104,94,81,96,81,2816,1240,2854,1283,2835,1260,2837,1260
TRT001098-TEMP000002,ocean,#180577,1252,TRT001098,34,41,77,85,56,62,57,61,2775,1220,2818,1264,2797,1241,2798,1240
TRT001098-TEMP000003,ocean,#0e2b77,1347,TRT001098,32,76,86,116,62,94,64,94,2773,1255,2827,1295,2803,1273,2805,1273
TRT001098-TEMP000004,ocean,#12316e,1142,TRT001098,66,16,104,68,85,45,86,48,2807,1195,2845,1247,2826,1224,2827,1227
TRT001098-TEMP000005,ocean,#064f8e,1697,TRT001098,0,21,43,86,23,52,24,55,2741,1200,2784,1265,2764,1231,2765,1234
TRT001098-TEMP000006,ocean,#2b3587,1767,TRT001098,23,0,88,40,58,20,57,21,2764,1179,2829,1219,2799,1199,2798,1200
TRT001099-TEMP000001,ocean,#2e36ab,983,TRT001099,29,71,74,107,49,91,50,94,2782,1145,2827,1181,2802,1165,2803,1168
TRT001099-TEMP000002,ocean,#2f1568,1329,TRT001099,47,53,87,103,70,74,69,77,2800,1127,2840,1177,2823,1148,2822,1151
TRT001099-TEMP000003,ocean,#0c389e,1629,TRT001099,0,17,54,79,27,47,29,52,2753,1091,2807,1153,2780,1121,2782,1126
TRT001099-TEMP000004,ocean,#1c08a4,1331,TRT001099,63,0,100,58,81,29,82,34,2816,1074,2853,1132,2834,1103,2835,1108
TRT001099-TEMP000005,ocean,#06447e,1138,TRT001099,23,9,71,55,52,31,52,30,2776,1083,2824,1129,2805,1105,2805,1104
TRT001100-TEMP000001,ocean,#1e49b2,1809,TRT001100,0,5,47,59,22,33,23,33,2674,1096,2721,1150,2696,1124,2697,1124
TRT001100-TEMP000002,ocean,#0a1a64,1332,TRT001100,9,52,56,101,34,74,35,75,2683,1143,2730,1192,2708,1165,2709,1166
TRT001100-TEMP000003,ocean,#3944b3,927,TRT001100,67,22,103,67,85,46,86,46,2741,1113,2777,1158,2759,1137,2760,1137
TRT001100-TEMP000004,ocean,#04056c,1508,TRT001100,43,79,96,130,69,102,71,101,2717,1170,2770,1221,2743,1193,2745,1192
TRT001100-TEMP000005,ocean,#0b4da5,1398,TRT001100,37,0,86,38,62,19,63,18,2711,1091,2760,1129,2736,1110,2737,1109
TRT001100-TEMP000006,ocean,#194a9d,1221,TRT001100,40,39,81,81,61,59,62,59,2714,1130,2755,1172,2735,1150,2736,1150
TRT001100-TEMP000007,ocean,#040392,1137,TRT001100,77,59,117,105,98,81,100,80,2751,1150,2791,1196,2772,1172,2774,1171
TRT001101-TEMP000001,ocean,#0c4885,2223,TRT001101,63,69,125,124,97,95,98,96,2282,1834,2344,1889,2316,1860,2317,1861
TRT001101-TEMP000002,ocean,#38367f,2193,TRT001101,63,20,125,79,93,55,92,55,2282,1785,2344,1844,2312,1820,2311,1820
TRT001101-TEMP000003,ocean,#264397,2586,TRT001101,0,45,70,104,37,73,38,75,2219,1810,2289,1869,2256,1838,2257,1840
TRT001101-TEMP000004,ocean,#22488b,2168,TRT001101,23,0,86,58,56,30,54,31,2242,1765,2305,1823,2275,1795,2273,1796
TRT001102-TEMP000001,ocean,#270680,2678,TRT001102,60,69,129,136,95,99,93,98,2141,1862,2210,1929,2176,1892,2174,1891
TRT001102-TEMP000002,ocean,#081f94,2502,TRT001102,27,102,113,150,69,133,68,132,2108,1895,2194,1943,2150,1926,2149,1925
TRT001102-TEMP000003,ocean,#3b158e,2560,TRT001102,0,68,61,148,29,102,28,101,2081,1861,2142,1941,2110,1895,2109,1894
TRT001102-TEMP000004,ocean,#0433a1,2309,TRT001102,13,32,79,89,49,61,49,58,2094,1825,2160,1882,2130,1854,2130,1851
TRT001102-TEMP000005,ocean,#1e116b,2428,TRT001102,79,26,139,87,109,57,109,56,2160,1819,2220,1880,2190,1850,2190,1849
TRT001102-TEMP000006,ocean,#2f06a4,1744,TRT001102,34,0,97,50,64,26,64,24,2115,1793,2178,1843,2145,1819,2145,1817
TRT001103-TEMP000001,ocean,#2f1e97,2747,TRT001103,0,51,88,97,50,80,57,79,2190,1896,2278,1942,2240,1925,2247,1924
TRT001103-TEMP000002,ocean,#03136e,2123,TRT001103,67,16,137,72,93,44,97,44,2257,1861,2327,1917,2283,1889,2287,1889
TRT001103-TEMP000003,ocean,#3a49b1,2768,TRT001103,8,0,67,78,39,38,37,42,2198,1845,2257,1923,2229,1883,2227,1887
TRT001103-TEMP000004,ocean,#381da6,2151,TRT001103,88,43,143,97,118,74,119,76,2278,1888,2333,1942,2308,1919,2309,1921
TRT001104-TEMP000001,ocean,#194c93,1792,TRT001104,0,33,49,97,27,66,27,66,2128,1748,2177,1812,2155,1781,2155,1781
TRT001104-TEMP000002,ocean,#0f1db2,2303,TRT001104,25,0,92,51,58,25,55,25,2153,1715,2220,1766,2186,1740,2183,1740
TRT001104-TEMP000003,ocean,#30169a,2986,TRT001104,77,0,147,75,108,42,106,42,2205,1715,2275,1790,2236,1757,2234,1757
TRT001104-TEMP000004,ocean,#271069,1942,TRT001104,38,48,90,107,63,75,64,74,2166,1763,2218,1822,2191,1790,2192,1789
TRT001104-TEMP000005,ocean,#274175,1816,TRT001104,63,66,122,123,92,93,91,95,2191,1781,2250,1838,2220,1808,2219,1810
TRT001105-TEMP000001,ocean,#043693,1699,TRT001105,0,0,43,45,19,23,19,24,2388,1119,2431,1164,2407,1142,2407,1143
TRT001105-TEMP000002,ocean,#20018a,2078,TRT001105,43,33,109,86,73,59,71,56,2431,1152,2497,1205,2461,1178,2459,1175
TRT001105-TEMP000003,ocean,#183387,1672,TRT001105,20,61,79,114,48,89,47,88,2408,1180,2467,1233,2436,1208,2435,1207
TRT001105-TEMP000004,ocean,#012f6c,1466,TRT001105,32,0,80,42,55,17,55,15,2420,1119,2468,1161,2443,1136,2443,1134
TRT001105-TEMP000005,ocean,#090281,1583,TRT001105,0,44,44,93,20,63,18,64,2388,1163,2432,1212,2408,1182,2406,1183
TRT001105-TEMP000006,ocean,#194d84,1546,TRT001105,73,0,111,59,93,26,94,26,2461,1119,2499,1178,2481,1145,2482,1145
TRT001106-TEMP000001,ocean,#17318d,1728,TRT001106,64,91,121,146,91,119,92,120,2599,1109,2656,1164,2626,1137,2627,1138
TRT001106-TEMP000002,ocean,#0038b3,1544,TRT001106,23,75,84,124,55,96,55,97,2558,1093,2619,1142,2590,1114,2590,1115
TRT001106-TEMP000003,ocean,#331c72,2135,TRT001106,87,56,141,118,118,88,118,89,2622,1074,2676,1136,2653,1106,2653,1107
TRT001106-TEMP000004,ocean,#383173,1500,TRT001106,48,0,111,62,73,35,81,39,2583,1018,2646,1080,2608,1053,2616,1057
TRT001106-TEMP000005,ocean,#0b2c6f,1453,TRT001106,51,45,102,91,74,68,71,65,2586,1063,2637,1109,2609,1086,2606,1083
TRT001106-TEMP000006,ocean,#2d4b98,1869,TRT001106,0,20,56,87,33,58,34,56,2535,1038,2591,1105,2568,1076,2569,1074
TRT001107-TEMP000001,ocean,#1613a9,1806,TRT001107,13,0,67,44,37,20,36,20,2403,991,2457,1035,2427,1011,2426,1011
TRT001107-TEMP000002,ocean,#214771,1845,TRT001107,40,8,94,75,67,46,65,43,2430,999,2484,1066,2457,1037,2455,1034
TRT001107-TEMP000003,ocean,#1b266e,2539,TRT001107,61,62,117,127,89,97,87,95,2451,1053,2507,1118,2479,1088,2477,1086
TRT001107-TEMP000004,ocean,#0b2f6b,1635,TRT001107,29,77,75,127,52,105,48,105,2419,1068,2465,1118,2442,1096,2438,1096
TRT001107-TEMP000005,ocean,#030c74,1704,TRT001107,13,42,60,91,32,66,30,67,2403,1033,2450,1082,2422,1057,2420,1058
TRT001107-TEMP000006,ocean,#2f3a75,996,TRT001107,0,88,38,127,20,111,18,113,2390,1079,2428,1118,2410,1102,2408,1104
TRT001108-TEMP000001,ocean,#2310b1,1811,TRT001108,9,39,69,89,41,60,40,60,2464,1014,2524,1064,2496,1035,2495,1035
TRT001108-TEMP000002,ocean,#172569,2120,TRT001108,60,0,106,58,83,28,83,34,2515,975,2561,1033,2538,1003,2538,1009
TRT001108-TEMP000003,ocean,#2237b2,1520,TRT001108,39,73,89,122,63,100,63,101,2494,1048,2544,1097,2518,1075,2518,1076
TRT001108-TEMP000004,ocean,#00236f,1541,TRT001108,98,12,142,70,117,42,117,40,2553,987,2597,1045,2572,1017,2572,1015
TRT001108-TEMP000005,ocean,#3127a2,1645,TRT001108,65,55,118,106,90,76,91,78,2520,1030,2573,1081,2545,1051,2546,1053
TRT001108-TEMP000006,ocean,#0519a2,1997,TRT001108,0,0,71,40,38,22,42,21,2455,975,2526,1015,2493,997,2497,996
TRT001109-TEMP000001,ocean,#3b40ac,1655,TRT001109,0,51,39,103,21,74,20,74,2495,1144,2534,1196,2516,1167,2515,1167
TRT001109-TEMP000002,ocean,#290ea2,1602,TRT001109,29,88,93,130,62,106,60,107,2524,1181,2588,1223,2557,1199,2555,1200
TRT001109-TEMP000003,ocean,#023375,1653,TRT001109,42,4,96,57,64,35,64,35,2537,1097,2591,1150,2559,1128,2559,1128
TRT001109-TEMP000004,ocean,#224ea9,1453,TRT001109,37,50,79,90,57,70,57,71,2532,1143,2574,1183,2552,1163,2552,1164
TRT001109-TEMP000005,ocean,#2d4f7a,2128,TRT001109,77,44,133,111,100,76,99,78,2572,1137,2628,1204,2595,1169,2594,1171
TRT001109-TEMP000006,ocean,#084daf,2026,TRT001109,0,0,49,51,24,27,23,28,2495,1093,2544,1144,2519,1120,2518,1121
TRT001110-TEMP000001,ocean,#320386,1654,TRT001110,39,57,94,106,65,82,66,84,2472,1236,2527,1285,2498,1261,2499,1263
TRT001110-TEMP000002,ocean,#2f357f,1961,TRT001110,70,16,128,78,96,47,95,47,2503,1195,2561,1257,2529,1226,2528,1226
TRT001110-TEMP000003,ocean,#0e3ba2,1912,TRT001110,25,0,84,60,58,31,56,33,2458,1179,2517,1239,2491,1210,2489,1212
TRT001110-TEMP000004,ocean,#0d1c87,1602,TRT001110,0,37,56,93,30,63,31,66,2433,1216,2489,1272,2463,1242,2464,1245
TRT001111-TEMP000001,ocean,#203c8d,1546,TRT001111,59,30,115,68,86,49,87,49,2174,1648,2230,1686,2201,1667,2202,1667
TRT001111-TEMP000002,ocean,#3b45a8,1278,TRT001111,61,0,109,34,83,15,81,15,2176,1618,2224,1652,2198,1633,2196,1633
TRT001111-TEMP000003,ocean,#322ea0,1661,TRT001111,0,29,59,77,29,52,31,52,2115,1647,2174,1695,2144,1670,2146,1670
TRT001111-TEMP000004,ocean,#313177,1456,TRT001111,25,56,71,102,53,81,51,82,2140,1674,2186,1720,2168,1699,2166,1700
TRT001111-TEMP000005,ocean,#0c1d6f,1547,TRT001111,72,60,122,102,94,81,92,82,2187,1678,2237,1720,2209,1699,2207,1700
TRT001111-TEMP000006,ocean,#1e2583,1986,TRT001111,100,2,154,65,124,31,124,30,2215,1620,2269,1683,2239,1649,2239,1648
TRT001111-TEMP000007,ocean,#310584,1295,TRT001111,23,0,66,45,49,22,47,21,2138,1618,2181,1663,2164,1640,2162,1639
TRT001112-TEMP000001,ocean,#2b367d,1826,TRT001112,0,0,45,58,26,29,25,30,2137,1520,2182,1578,2163,1549,2162,1550
TRT001112-TEMP000002,ocean,#2f149b,1923,TRT001112,13,50,63,98,40,74,40,75,2150,1570,2200,1618,2177,1594,2177,1595
TRT001112-TEMP000003,ocean,#08376b,1358,TRT001112,57,66,108,104,82,85,82,86,2194,1586,2245,1624,2219,1605,2219,1606
TRT001112-TEMP000004,ocean,#32309f,1797,TRT001112,43,4,100,54,65,26,64,28,2180,1524,2237,1574,2202,1546,2201,1548
TRT001112-TEMP000005,ocean,#0f436d,1359,TRT001112,60,19,103,72,86,51,87,53,2197,1539,2240,1592,2223,1571,2224,1573
TRT001113-TEMP000001,ocean,#3032a2,1416,TRT001113,0,66,51,109,26,86,26,87,2172,1490,2223,1533,2198,1510,2198,1511
TRT001113-TEMP000002,ocean,#10247e,1765,TRT001113,44,54,83,110,64,81,64,79,2216,1478,2255,1534,2236,1505,2236,1503
TRT001113-TEMP000003,ocean,#314169,1751,TRT001113,30,0,88,55,59,30,59,30,2202,1424,2260,1479,2231,1454,2231,1454
TRT001113-TEMP000004,ocean,#374e8f,1203,TRT001113,15,18,57,70,35,50,34,50,2187,1442,2229,1494,2207,1474,2206,1474
TRT001114-TEMP000001,ocean,#3338b3,1495,TRT001114,0,0,56,40,29,16,31,16,2238,1528,2294,1568,2267,1544,2269,1544
TRT001114-TEMP000002,ocean,#343a8b,2217,TRT001114,3,52,65,120,31,81,33,79,2241,1580,2303,1648,2269,1609,2271,1607
TRT001114-TEMP000003,ocean,#18297f,2000,TRT001114,45,4,94,65,67,31,69,29,2283,1532,2332,1593,2305,1559,2307,1557
TRT001114-TEMP000004,ocean,#3708a9,1419,TRT001114,0,19,45,71,18,45,16,44,2238,1547,2283,1599,2256,1573,2254,1572
TRT001115-TEMP000001,ocean,#02178c,1732,TRT001115,11,64,64,121,39,89,41,89,2065,1598,2118,1655,2093,1623,2095,1623
TRT001115-TEMP000002,ocean,#360198,1897,TRT001115,53,41,105,93,82,67,82,65,2107,1575,2159,1627,2136,1601,2136,1599
TRT001115-TEMP000003,ocean,#331e90,1672,TRT001115,13,12,65,63,40,38,41,39,2067,1546,2119,1597,2094,1572,2095,1573
TRT001115-TEMP000004,ocean,#051481,1457,TRT001115,47,0,93,45,72,22,72,21,2101,1534,2147,1579,2126,1556,2126,1555
TRT001115-TEMP000005,ocean,#0116b3,1586,TRT001115,40,84,95,139,66,110,67,109,2094,1618,2149,1673,2120,1644,2121,1643
TRT001115-TEMP000006,ocean,#2905aa,1380,TRT001115,0,31,38,92,15,62,14,62,2054,1565,2092,1626,2069,1596,2068,1596
TRT001116-TEMP000001,ocean,#042774,1366,TRT001116,40,15,88,77,61,43,61,42,2289,1465,2337,1527,2310,1493,2310,1492
TRT001116-TEMP000002,ocean,#382a82,1878,TRT001116,4,0,47,65,22,31,22,31,2253,1450,2296,1515,2271,1481,2271,1481
TRT001116-TEMP000003,ocean,#363a70,1860,TRT001116,0,47,87,87,44,69,45,68,2249,1497,2336,1537,2293,1519,2294,1518
TRT001117-TEMP000001,ocean,#2c4890,2819,TRT001117,0,26,62,89,30,63,29,64,2258,870,2320,933,2288,907,2287,908
TRT001117-TEMP000002,ocean,#304e86,2353,TRT001117,60,12,112,79,91,52,92,52,2318,856,2370,923,2349,896,2350,896
TRT001117-TEMP000003,ocean,#342f64,2356,TRT001117,25,0,106,55,66,24,65,24,2283,844,2364,899,2324,868,2323,868
TRT001117-TEMP000004,ocean,#102e91,2993,TRT001117,57,75,123,129,87,104,86,103,2315,919,2381,973,2345,948,2344,947
TRT001117-TEMP000005,ocean,#0c228d,2406,TRT001117,4,86,60,137,30,110,31,111,2262,930,2318,981,2288,954,2289,955
TRT001118-TEMP000001,ocean,#1c4792,1827,TRT001118,72,80,133,118,104,102,104,103,2202,944,2263,982,2234,966,2234,967
TRT001118-TEMP000002,ocean,#2d0378,2458,TRT001118,16,56,85,118,56,85,57,85,2146,920,2215,982,2186,949,2187,949
TRT001118-TEMP000003,ocean,#1d0596,1996,TRT001118,54,13,110,69,77,40,79,40,2184,877,2240,933,2207,904,2209,904
TRT001118-TEMP000004,ocean,#302470,1884,TRT001118,82,31,131,90,111,63,111,66,2212,895,2261,954,2241,927,2241,930
TRT001118-TEMP000005,ocean,#144e66,2842,TRT001118,0,0,54,78,30,41,30,41,2130,864,2184,942,2160,905,2160,905
TRT001119-TEMP000001,ocean,#353780,2097,TRT001119,36,85,84,147,62,118,61,117,2190,829,2238,891,2216,862,2215,861
TRT001119-TEMP000002,ocean,#0f0d90,2593,TRT001119,80,87,138,157,107,121,106,121,2234,831,2292,901,2261,865,2260,865
TRT001119-TEMP000003,ocean,#141f84,2072,TRT001119,52,42,118,102,84,76,84,74,2206,786,2272,846,2238,820,2238,818
TRT001119-TEMP000004,ocean,#2b1aaa,2753,TRT001119,20,0,79,84,50,45,48,49,2174,744,2233,828,2204,789,2202,793
TRT001119-TEMP000005,ocean,#2d1575,1903,TRT001119,0,71,50,134,26,103,23,106,2154,815,2204,878,2180,847,2177,850
TRT001120-TEMP000001,ocean,#362399,1462,TRT001120,0,0,62,47,33,14,31,13,2202,741,2264,788,2235,755,2233,754
TRT001120-TEMP000002,ocean,#0d08a6,2811,TRT001120,35,2,95,73,68,36,65,36,2237,743,2297,814,2270,777,2267,777
TRT001120-TEMP000003,ocean,#301774,2572,TRT001120,59,47,117,117,94,81,95,81,2261,788,2319,858,2296,822,2297,822
TRT001120-TEMP000004,ocean,#300c92,2979,TRT001120,93,6,157,59,125,31,124,31,2295,747,2359,800,2327,772,2326,772
TRT001120-TEMP000005,ocean,#26107c,2078,TRT001120,116,50,157,107,138,81,139,82,2318,791,2359,848,2340,822,2341,823
TRT001121-TEMP000001,ocean,#3137a9,3000,TRT001121,0,87,55,160,29,127,31,126,2369,2038,2424,2111,2398,2078,2400,2077
TRT001121-TEMP000002,ocean,#183898,2389,TRT001121,20,5,75,92,46,55,47,53,2389,1956,2444,2043,2415,2006,2416,2004
TRT001121-TEMP000003,ocean,#263fa5,2308,TRT001121,49,51,110,105,81,79,82,77,2418,2002,2479,2056,2450,2030,2451,2028
TRT001121-TEMP000004,ocean,#261787,2483,TRT001121,48,0,124,54,86,28,87,27,2417,1951,2493,2005,2455,1979,2456,1978
TRT001121-TEMP000005,ocean,#0b2c6c,2173,TRT001121,47,101,95,160,69,130,71,130,2416,2052,2464,2111,2438,2081,2440,2081
TRT001122-TEMP000001,ocean,#244184,2785,TRT001122,0,63,60,143,31,106,33,102,2447,2031,2507,2111,2478,2074,2480,2070
TRT001122-TEMP000002,ocean,#282178,2889,TRT001122,26,0,90,70,57,37,58,37,2473,1968,2537,2038,2504,2005,2505,2005
TRT001122-TEMP000003,ocean,#282980,2143,TRT001122,49,50,99,112,78,82,81,83,2496,2018,2546,2080,2525,2050,2528,2051
TRT001122-TEMP000004,ocean,#2e1269,2079,TRT001122,34,104,104,143,71,127,69,128,2481,2072,2551,2111,2518,2095,2516,2096
TRT001123-TEMP000001,ocean,#041977,2145,TRT001123,37,14,99,64,66,42,65,40,2355,1940,2417,1990,2384,1968,2383,1966
TRT001123-TEMP000002,ocean,#130a8a,2087,TRT001123,38,63,83,129,59,92,61,87,2356,1989,2401,2055,2377,2018,2379,2013
TRT001123-TEMP000003,ocean,#0214b0,2364,TRT001123,0,56,44,117,21,86,22,84,2318,1982,2362,2043,2339,2012,2340,2010
TRT001123-TEMP000004,ocean,#230b96,3967,TRT001123,0,115,67,185,29,150,30,148,2318,2041,2385,2111,2347,2076,2348,2074
TRT001123-TEMP000005,ocean,#2e199a,2055,TRT001123,3,0,49,55,23,29,22,27,2321,1926,2367,1981,2341,1955,2340,1953
TRT001124-TEMP000001,ocean,#17359a,1573,TRT001124,25,0,86,54,53,30,53,30,1662,2003,1723,2057,1690,2033,1690,2033
TRT001124-TEMP000002,ocean,#050bae,1390,TRT001124,13,32,62,78,37,57,35,56,1650,2035,1699,2081,1674,2060,1672,2059
TRT001124-TEMP000003,ocean,#11379d,1793,TRT001124,49,68,107,108,75,93,71,92,1686,2071,1744,2111,1712,2096,1708,2095
TRT001124-TEMP000004,ocean,#293669,1648,TRT001124,60,30,108,90,86,61,87,62,1697,2033,1745,2093,1723,2064,1724,2065
TRT001124-TEMP000005,ocean,#230a79,1457,TRT001124,0,70,48,108,27,92,26,91,1637,2073,1685,2111,1664,2095,1663,2094
TRT001125-TEMP000001,ocean,#2a1a66,1764,TRT001125,33,105,82,153,53,133,51,129,1591,2063,1640,2111,1611,2091,1609,2087
TRT001125-TEMP000002,ocean,#1135a9,1308,TRT001125,68,48,114,92,90,69,90,68,1626,2006,1672,2050,1648,2027,1648,2026
TRT001125-TEMP000003,ocean,#0d1597,1625,TRT001125,10,60,68,108,41,87,41,84,1568,2018,1626,2066,1599,2045,1599,2042
TRT001125-TEMP000004,ocean,#080789,1758,TRT001125,0,95,34,153,16,127,16,128,1558,2053,1592,2111,1574,2085,1574,2086
TRT001125-TEMP000005,ocean,#314c6f,991,TRT001125,45,28,85,79,66,54,66,52,1603,1986,1643,2037,1624,2012,1624,2010
TRT001125-TEMP000006,ocean,#211573,1205,TRT001125,66,0,115,49,88,30,89,30,1624,1958,1673,2007,1646,1988,1647,1988
TRT001125-TEMP000007,ocean,#06339f,1476,TRT001125,55,85,99,144,78,109,78,109,1613,2043,1657,2102,1636,2067,1636,2067
TRT001126-TEMP000001,ocean,#364965,1626,TRT001126,65,32,114,69,92,52,94,49,1810,2074,1859,2111,1837,2094,1839,2091
TRT001126-TEMP000002,ocean,#194a96,1268,TRT001126,35,10,81,62,61,33,61,29,1780,2052,1826,2104,1806,2075,1806,2071
TRT001126-TEMP000003,ocean,#0a2e8e,1998,TRT001126,0,27,64,69,29,53,33,53,1745,2069,1809,2111,1774,2095,1778,2095
TRT001126-TEMP000004,ocean,#344c6e,1007,TRT001126,73,0,114,33,95,18,95,15,1818,2042,1859,2075,1840,2060,1840,2057
TRT001127-TEMP000001,ocean,#1c1868,1738,TRT001127,0,30,52,77,27,50,25,50,1731,2035,1783,2082,1758,2055,1756,2055
TRT001127-TEMP000002,ocean,#19129e,1005,TRT001127,21,0,84,24,53,11,54,11,1752,2005,1815,2029,1784,2016,1785,2016
TRT001127-TEMP000003,ocean,#321280,1662,TRT001127,47,11,110,61,75,35,73,37,1778,2016,1841,2066,1806,2040,1804,2042
TRT001128-TEMP000001,ocean,#032e99,1877,TRT001128,47,35,107,82,80,56,78,55,2432,732,2492,779,2465,753,2463,752
TRT001128-TEMP000002,ocean,#1c2075,2693,TRT001128,0,0,59,74,32,33,32,33,2385,697,2444,771,2417,730,2417,730
TRT001128-TEMP000003,ocean,#1c00a7,1590,TRT001128,54,6,107,44,82,23,83,22,2439,703,2492,741,2467,720,2468,719
TRT001128-TEMP000004,ocean,#004ab1,1982,TRT001128,34,63,105,119,67,87,69,88,2419,760,2490,816,2452,784,2454,785
TRT001129-TEMP000001,ocean,#143785,1478,TRT001129,35,0,93,38,65,19,67,18,2399,833,2457,871,2429,852,2431,851
TRT001129-TEMP000002,ocean,#213276,2555,TRT001129,0,13,51,80,25,47,27,44,2364,846,2415,913,2389,880,2391,877
TRT001129-TEMP000003,ocean,#3a076e,1570,TRT001129,44,38,96,82,70,60,71,58,2408,871,2460,915,2434,893,2435,891
TRT001129-TEMP000004,ocean,#38269c,2761,TRT001129,7,78,65,157,34,116,33,114,2371,911,2429,990,2398,949,2397,947
TRT001129-TEMP000005,ocean,#144491,1763,TRT001129,34,70,90,133,62,94,63,94,2398,903,2454,966,2426,927,2427,927
TRT001129-TEMP000006,ocean,#200793,1099,TRT001129,75,11,112,68,95,40,96,39,2439,844,2476,901,2459,873,2460,872
TRT001130-TEMP000001,ocean,#372683,1784,TRT001130,36,0,84,56,61,27,63,28,2484,781,2532,837,2509,808,2511,809
TRT001130-TEMP000002,ocean,#07336e,1801,TRT001130,0,7,48,68,25,40,26,39,2448,788,2496,849,2473,821,2474,820
TRT001130-TEMP000003,ocean,#104194,2001,TRT001130,65,60,116,114,91,85,91,85,2513,841,2564,895,2539,866,2539,866
TRT001130-TEMP000004,ocean,#272087,1979,TRT001130,16,50,72,102,47,76,47,76,2464,831,2520,883,2495,857,2495,857
TRT001130-TEMP000005,ocean,#1c0871,1436,TRT001130,72,13,118,61,94,37,96,36,2520,794,2566,842,2542,818,2544,817
TRT001131-TEMP000001,ocean,#3b4d75,2219,TRT001131,10,57,48,127,27,92,26,87,2360,782,2398,852,2377,817,2376,812
TRT001131-TEMP000002,ocean,#1229af,1737,TRT001131,0,0,49,57,24,28,23,26,2350,725,2399,782,2374,753,2373,751
TRT001131-TEMP000003,ocean,#34186a,2211,TRT001131,39,65,101,123,70,94,68,94,2389,790,2451,848,2420,819,2418,819
TRT001131-TEMP000004,ocean,#28257b,1570,TRT001131,25,26,83,75,52,54,53,51,2375,751,2433,800,2402,779,2403,776
TRT001132-TEMP000001,ocean,#0444ae,1618,TRT001132,49,0,100,47,75,20,76,20,2469,877,2520,924,2495,897,2496,897
TRT001132-TEMP000002,ocean,#0c189a,1678,TRT001132,21,18,74,71,50,49,48,46,2441,895,2494,948,2470,926,2468,923
TRT001132-TEMP000003,ocean,#343378,2955,TRT001132,0,64,77,113,41,91,44,88,2420,941,2497,990,2461,968,2464,965
TRT001132-TEMP000004,ocean,#224d95,1654,TRT001132,74,28,133,77,98,54,101,52,2494,905,2553,954,2518,931,2521,929
TRT001132-TEMP000005,ocean,#1938af,1670,TRT001132,76,61,137,101,107,83,109,83,2496,938,2557,978,2527,960,2529,960
TRT001132-TEMP000006,ocean,#0d0072,1333,TRT001132,98,9,144,53,122,27,122,25,2518,886,2564,930,2542,904,2542,902
TRT001133-TEMP000001,ocean,#2e339f,1563,TRT001133,0,39,53,82,31,61,33,63,2491,752,2544,795,2522,774,2524,776
TRT001133-TEMP000002,ocean,#034998,1495,TRT001133,53,38,97,88,72,63,74,62,2544,751,2588,801,2563,776,2565,775
TRT001133-TEMP000003,ocean,#222e83,1914,TRT001133,0,0,54,55,23,28,23,29,2491,713,2545,768,2514,741,2514,742
TRT001133-TEMP000004,ocean,#1c4993,1500,TRT001133,53,19,116,53,83,33,84,32,2544,732,2607,766,2574,746,2575,745
TRT001134-TEMP000001,ocean,#1d398e,1839,TRT001134,79,0,128,61,104,31,105,32,2058,2004,2107,2065,2083,2035,2084,2036
TRT001134-TEMP000002,ocean,#2f478e,2376,TRT001134,7,16,78,77,45,48,46,48,1986,2020,2057,2081,2024,2052,2025,2052
TRT001134-TEMP000003,ocean,#2925aa,1598,TRT001134,41,0,102,46,73,17,76,15,2020,2004,2081,2050,2052,2021,2055,2019
TRT001134-TEMP000004,ocean,#1e3fa8,2772,TRT001134,59,53,117,107,89,83,91,82,2038,2057,2096,2111,2068,2087,2070,2086
TRT001134-TEMP000005,ocean,#061277,2588,TRT001134,0,54,60,107,27,86,28,87,1979,2058,2039,2111,2006,2090,2007,2091
TRT001135-TEMP000001,ocean,#1a27a1,1862,TRT001135,0,50,64,111,33,82,31,84,1890,1953,1954,2014,1923,1985,1921,1987
TRT001135-TEMP000002,ocean,#252fa0,2856,TRT001135,72,52,143,120,106,89,103,91,1962,1955,2033,2023,1996,1992,1993,1994
TRT001135-TEMP000003,ocean,#01339e,1768,TRT001135,31,79,84,140,60,109,58,111,1921,1982,1974,2043,1950,2012,1948,2014
TRT001135-TEMP000004,ocean,#071a8f,2957,TRT001135,34,0,105,79,69,44,68,44,1924,1903,1995,1982,1959,1947,1958,1947
TRT001135-TEMP000005,ocean,#080d76,1736,TRT001135,64,111,124,160,92,133,92,135,1954,2014,2014,2063,1982,2036,1982,2038
TRT001136-TEMP000001,ocean,#2c1674,2438,TRT001136,62,17,130,69,93,38,95,39,2028,1894,2096,1946,2059,1915,2061,1916
TRT001136-TEMP000002,ocean,#300478,1801,TRT001136,88,40,141,91,119,70,120,71,2054,1917,2107,1968,2085,1947,2086,1948
TRT001136-TEMP000003,ocean,#3a4b81,2186,TRT001136,17,43,83,107,52,71,52,73,1983,1920,2049,1984,2018,1948,2018,1950
TRT001136-TEMP000004,ocean,#11188e,2771,TRT001136,0,0,66,61,32,28,33,29,1966,1877,2032,1938,1998,1905,1999,1906
TRT001136-TEMP000005,ocean,#2f2a6c,2070,TRT001136,53,69,105,128,82,103,84,102,2019,1946,2071,2005,2048,1980,2050,1979
TRT001136-TEMP000006,ocean,#1527a3,1369,TRT001136,101,89,141,126,123,109,124,110,2067,1966,2107,2003,2089,1986,2090,1987
TRT001137-TEMP000001,ocean,#1d3fb0,2595,TRT001137,72,44,118,115,96,84,96,85,1932,2040,1978,2111,1956,2080,1956,2081
TRT001137-TEMP000002,ocean,#081f66,2072,TRT001137,33,60,79,115,57,89,55,88,1893,2056,1939,2111,1917,2085,1915,2084
TRT001137-TEMP000003,ocean,#1f0072,2484,TRT001137,16,0,88,62,49,33,49,34,1876,1996,1948,2058,1909,2029,1909,2030
TRT001137-TEMP000004,ocean,#1705af,1632,TRT001137,0,21,45,78,20,57,18,58,1860,2017,1905,2074,1880,2053,1878,2054
TRT001137-TEMP000005,ocean,#231681,1407,TRT001137,0,79,43,115,19,98,18,99,1860,2075,1903,2111,1879,2094,1878,2095
TRT001138-TEMP000001,ocean,#204270,1796,TRT001138,38,17,89,62,63,37,59,37,2233,1211,2284,1256,2258,1231,2254,1231
TRT001138-TEMP000002,ocean,#1d2d95,907,TRT001138,0,17,44,53,27,31,24,30,2195,1211,2239,1247,2222,1225,2219,1224
TRT001138-TEMP000003,ocean,#0c4f7e,2200,TRT001138,88,0,142,59,120,26,120,25,2283,1194,2337,1253,2315,1220,2315,1219
TRT001138-TEMP000004,ocean,#0327a4,2162,TRT001138,68,32,134,97,95,63,96,62,2263,1226,2329,1291,2290,1257,2291,1256
TRT001139-TEMP000001,ocean,#1a409f,1725,TRT001139,40,1,94,55,64,33,64,34,2373,1195,2427,1249,2397,1227,2397,1228
TRT001139-TEMP000002,ocean,#0c2073,1602,TRT001139,77,36,131,87,99,64,100,64,2410,1230,2464,1281,2432,1258,2433,1258
TRT001139-TEMP000003,ocean,#163496,1530,TRT001139,34,55,85,95,59,76,61,76,2367,1249,2418,1289,2392,1270,2394,1270
TRT001139-TEMP000004,ocean,#371998,1630,TRT001139,0,38,49,89,25,58,25,59,2333,1232,2382,1283,2358,1252,2358,1253
TRT001139-TEMP000005,ocean,#15196f,1692,TRT001139,5,0,55,38,26,18,26,18,2338,1194,2388,1232,2359,1212,2359,1212
TRT001140-TEMP000001,ocean,#0c1b64,1675,TRT001140,16,24,73,75,43,56,45,59,2221,1331,2278,1382,2248,1363,2250,1366
TRT001140-TEMP000002,ocean,#35477a,2359,TRT001140,47,0,111,78,76,41,75,41,2252,1307,2316,1385,2281,1348,2280,1348
TRT001140-TEMP000003,ocean,#132ea3,1414,TRT001140,0,64,31,124,14,94,13,94,2205,1371,2236,1431,2219,1401,2218,1401
TRT001140-TEMP000004,ocean,#2e2f83,1060,TRT001140,25,73,79,107,46,87,44,89,2230,1380,2284,1414,2251,1394,2249,1396
TRT001141-TEMP000001,ocean,#38179a,1311,TRT001141,18,15,73,51,46,31,46,30,2371,1282,2426,1318,2399,1298,2399,1297
TRT001141-TEMP000002,ocean,#1d2e99,1899,TRT001141,56,20,108,87,78,53,79,49,2409,1287,2461,1354,2431,1320,2432,1316
TRT001141-TEMP000003,ocean,#0e10af,1406,TRT001141,74,0,129,48,103,21,105,21,2427,1267,2482,1315,2456,1288,2458,1288
TRT001141-TEMP000004,ocean,#38488e,2302,TRT001141,0,81,70,136,31,102,33,101,2353,1348,2423,1403,2384,1369,2386,1368
TRT001141-TEMP000005,ocean,#392098,1740,TRT001141,10,38,64,82,35,64,34,62,2363,1305,2417,1349,2388,1331,2387,1329
TRT001142-TEMP000001,ocean,#0f2880,1631,TRT001142,50,42,102,80,76,60,73,59,2318,1295,2370,1333,2344,1313,2341,1312
TRT001142-TEMP000002,ocean,#080e9d,1559,TRT001142,47,0,103,44,72,26,74,27,2315,1253,2371,1297,2340,1279,2342,1280
TRT001142-TEMP000003,ocean,#36159c,1292,TRT001142,6,54,55,101,35,73,33,73,2274,1307,2323,1354,2303,1326,2301,1326
TRT001142-TEMP000004,ocean,#0448ad,1705,TRT001142,42,77,95,117,70,96,70,95,2310,1330,2363,1370,2338,1349,2338,1348
TRT001142-TEMP000005,ocean,#31269c,1597,TRT001142,0,14,53,60,29,40,29,39,2268,1267,2321,1313,2297,1293,2297,1292
TRT001143-TEMP000001,ocean,#050d92,1641,TRT001143,57,43,106,97,78,69,80,69,2276,1408,2325,1462,2297,1434,2299,1434
TRT001143-TEMP000002,ocean,#183eaa,1204,TRT001143,27,22,77,68,56,45,52,46,2246,1387,2296,1433,2275,1410,2271,1411
TRT001143-TEMP000003,ocean,#174d96,1224,TRT001143,74,61,126,112,101,86,101,88,2293,1426,2345,1477,2320,1451,2320,1453
TRT001143-TEMP000004,ocean,#2f35b2,1862,TRT001143,66,0,126,49,95,23,95,23,2285,1365,2345,1414,2314,1388,2314,1388
TRT001143-TEMP000005,ocean,#072167,2095,TRT001143,103,4,160,72,129,40,129,42,2322,1369,2379,1437,2348,1405,2348,1407
TRT001143-TEMP000006,ocean,#2b17a0,1324,TRT001143,0,47,56,90,31,67,33,70,2219,1412,2275,1455,2250,1432,2252,1435
TRT001144-TEMP000001,ocean,#00187b,1879,TRT001144,0,33,45,105,22,67,22,67,2011,1812,2056,1884,2033,1846,2033,1846
TRT001144-TEMP000002,ocean,#242684,2056,TRT001144,10,0,73,51,43,25,46,24,2021,1779,2084,1830,2054,1804,2057,1803
TRT001144-TEMP000003,ocean,#120d96,1670,TRT001144,44,39,95,93,67,65,67,64,2055,1818,2106,1872,2078,1844,2078,1843
TRT001144-TEMP000004,ocean,#0c2f87,1887,TRT001144,0,74,77,114,42,99,45,99,2011,1853,2088,1893,2053,1878,2056,1878
TRT001144-TEMP000005,ocean,#0c0485,1356,TRT001144,66,13,111,63,88,36,91,37,2077,1792,2122,1842,2099,1815,2102,1816
TRT001145-TEMP000001,ocean,#15288f,1671,TRT001145,45,45,102,97,75,69,74,66,1943,1828,2000,1880,1973,1852,1972,1849
TRT001145-TEMP000002,ocean,#191da7,993,TRT001145,0,0,51,40,29,14,28,14,1898,1783,1949,1823,1927,1797,1926,1797
TRT001145-TEMP000003,ocean,#1b1471,1758,TRT001145,39,10,100,54,67,30,65,29,1937,1793,1998,1837,1965,1813,1963,1812
TRT001145-TEMP000004,ocean,#3a0fae,2074,TRT001145,85,16,122,101,105,54,105,55,1983,1799,2020,1884,2003,1837,2003,1838
TRT001146-TEMP000001,ocean,#3016a7,1807,TRT001146,0,51,73,93,47,72,49,73,1893,1752,1966,1794,1940,1773,1942,1774
TRT001146-TEMP000002,ocean,#1b4487,1545,TRT001146,91,20,149,68,118,45,116,46,1984,1721,2042,1769,2011,1746,2009,1747
TRT001146-TEMP000003,ocean,#331786,1545,TRT001146,114,49,155,105,134,76,134,77,2007,1750,2048,1806,2027,1777,2027,1778
TRT001146-TEMP000004,ocean,#192d8a,1645,TRT001146,71,53,115,100,92,77,94,79,1964,1754,2008,1801,1985,1778,1987,1780
TRT001146-TEMP000005,ocean,#043370,1512,TRT001146,7,6,67,55,43,32,44,35,1900,1707,1960,1756,1936,1733,1937,1736
TRT001146-TEMP000006,ocean,#38189d,1611,TRT001146,63,0,110,54,85,29,85,27,1956,1701,2003,1755,1978,1730,1978,1728
TRT001147-TEMP000001,ocean,#3907ac,1561,TRT001147,68,8,117,64,85,40,85,40,2110,1673,2159,1729,2127,1705,2127,1705
TRT001147-TEMP000002,ocean,#1f16b0,1773,TRT001147,25,0,69,68,52,41,52,41,2067,1665,2111,1733,2094,1706,2094,1706
TRT001147-TEMP000003,ocean,#2a1891,1476,TRT001147,73,52,121,112,97,77,96,79,2115,1717,2163,1777,2139,1742,2138,1744
TRT001147-TEMP000004,ocean,#071678,1573,TRT001147,43,64,91,119,66,90,66,91,2085,1729,2133,1784,2108,1755,2108,1756
TRT001147-TEMP000005,ocean,#261fa7,1972,TRT001147,0,51,46,116,23,84,22,82,2042,1716,2088,1781,2065,1749,2064,1747
TRT001147-TEMP000006,ocean,#202276,1528,TRT001147,16,96,88,138,56,117,52,117,2058,1761,2130,1803,2098,1782,2094,1782
TRT001148-TEMP000001,ocean,#1c49a2,1574,TRT001148,0,50,51,103,27,77,26,78,1982,1667,2033,1720,2009,1694,2008,1695
TRT001148-TEMP000002,ocean,#2443a6,1144,TRT001148,24,79,72,128,51,104,50,103,2006,1696,2054,1745,2033,1721,2032,1720
TRT001148-TEMP000003,ocean,#080d7b,1848,TRT001148,32,0,79,67,60,37,58,41,2014,1617,2061,1684,2042,1654,2040,1658
TRT001148-TEMP000004,ocean,#05066c,1765,TRT001148,74,8,119,74,94,46,92,45,2056,1625,2101,1691,2076,1663,2074,1662
TRT001148-TEMP000005,ocean,#0f239c,1415,TRT001148,52,60,103,109,75,81,74,84,2034,1677,2085,1726,2057,1698,2056,1701
TRT001149-TEMP000001,ocean,#28408a,1819,TRT001149,71,59,129,105,99,85,99,86,2014,1093,2072,1139,2042,1119,2042,1120
TRT001149-TEMP000002,ocean,#3605a0,1628,TRT001149,88,6,145,51,117,27,118,28,2031,1040,2088,1085,2060,1061,2061,1062
TRT001149-TEMP000003,ocean,#220670,2349,TRT001149,51,6,105,73,78,41,80,43,1994,1040,2048,1107,2021,1075,2023,1077
TRT001149-TEMP000004,ocean,#173298,724,TRT001149,78,101,117,140,97,117,96,120,2021,1135,2060,1174,2040,1151,2039,1154
TRT001149-TEMP000005,ocean,#101969,1461,TRT001149,104,37,152,93,129,60,131,61,2047,1071,2095,1127,2072,1094,2074,1095
TRT001149-TEMP000006,ocean,#141dab,2344,TRT001149,0,0,70,59,38,28,39,28,1943,1034,2013,1093,1981,1062,1982,1062
TRT001150-TEMP000001,ocean,#16318c,1522,TRT001150,58,24,110,74,85,49,87,49,2099,1118,2151,1168,2126,1143,2128,1143
TRT001150-TEMP000002,ocean,#3a2890,1431,TRT001150,90,52,138,99,116,73,116,75,2131,1146,2179,1193,2157,1167,2157,1169
TRT001150-TEMP000003,ocean,#364e81,1486,TRT001150,38,58,92,106,66,82,67,84,2079,1152,2133,1200,2107,1176,2108,1178
TRT001150-TEMP000004,ocean,#372c72,1911,TRT001150,36,0,97,44,66,19,68,18,2077,1094,2138,1138,2107,1113,2109,1112
TRT001150-TEMP000005,ocean,#2a186a,1670,TRT001150,96,7,138,54,119,30,121,31,2137,1101,2179,1148,2160,1124,2162,1125
TRT001150-TEMP000006,ocean,#253366,2286,TRT001150,0,26,60,99,31,63,33,61,2041,1120,2101,1193,2072,1157,2074,1155
TRT001150-TEMP000007,ocean,#3837b0,1245,TRT001150,75,82,123,122,99,104,99,105,2116,1176,2164,1216,2140,1198,2140,1199
TRT001151-TEMP000001,ocean,#040a91,1035,TRT001151,52,0,92,38,73,19,73,16,2033,933,2073,971,2054,952,2054,949
TRT001151-TEMP000002,ocean,#090dac,1370,TRT001151,21,19,72,67,48,44,51,41,2002,952,2053,1000,2029,977,2032,974
TRT001151-TEMP000003,ocean,#21316e,1412,TRT001151,57,36,105,76,81,59,82,58,2038,969,2086,1009,2062,992,2063,991
TRT001151-TEMP000004,ocean,#0e43b1,2312,TRT001151,0,52,60,108,32,84,33,82,1981,985,2041,1041,2013,1017,2014,1015
TRT001151-TEMP000005,ocean,#2c4068,1742,TRT001151,55,75,110,111,82,93,83,93,2036,1008,2091,1044,2063,1026,2064,1026
TRT001152-TEMP000001,ocean,#142087,1769,TRT001152,51,1,101,72,75,36,78,38,2112,928,2162,999,2136,963,2139,965
TRT001152-TEMP000002,ocean,#092f87,1297,TRT001152,76,34,132,78,103,57,105,57,2137,961,2193,1005,2164,984,2166,984
TRT001152-TEMP000003,ocean,#0b0b7a,2166,TRT001152,15,40,75,94,44,65,44,64,2076,967,2136,1021,2105,992,2105,991
TRT001152-TEMP000004,ocean,#1b2783,2196,TRT001152,0,0,68,46,34,19,35,18,2061,927,2129,973,2095,946,2096,945
TRT001153-TEMP000001,ocean,#25207c,2040,TRT001153,0,44,53,105,26,75,25,74,2080,1032,2133,1093,2106,1063,2105,1062
TRT001153-TEMP000002,ocean,#281e6a,1631,TRT001153,35,77,100,118,69,99,68,100,2115,1065,2180,1106,2149,1087,2148,1088
TRT001153-TEMP000003,ocean,#2c428a,1890,TRT001153,53,47,108,95,84,69,81,70,2133,1035,2188,1083,2164,1057,2161,1058
TRT001153-TEMP000004,ocean,#100aa0,1826,TRT001153,8,16,69,66,44,41,44,40,2088,1004,2149,1054,2124,1029,2124,1028
TRT001153-TEMP000005,ocean,#013c9f,1733,TRT001153,65,0,110,55,90,29,91,29,2145,988,2190,1043,2170,1017,2171,1017
TRT001154-TEMP000001,ocean,#31249d,2645,TRT001154,1,60,60,128,27,97,28,98,2097,2003,2156,2071,2123,2040,2124,2041
TRT001154-TEMP000002,ocean,#2c1770,1922,TRT001154,0,117,57,168,21,141,20,143,2096,2060,2153,2111,2117,2084,2116,2086
TRT001154-TEMP000003,ocean,#141073,2214,TRT001154,12,0,61,59,33,23,33,24,2108,1943,2157,2002,2129,1966,2129,1967
TRT001154-TEMP000004,ocean,#1b1baf,2335,TRT001154,60,0,108,62,86,27,88,28,2156,1943,2204,2005,2182,1970,2184,1971
TRT001154-TEMP000005,ocean,#304a9c,1928,TRT001154,13,29,85,81,52,56,55,55,2109,1972,2181,2024,2148,1999,2151,1998
TRT001154-TEMP000006,ocean,#270189,2166,TRT001154,51,61,110,125,78,87,76,89,2147,2004,2206,2068,2174,2030,2172,2032
TRT001155-TEMP000001,ocean,#1c2592,2488,TRT001155,58,36,121,84,91,60,89,59,2257,1978,2320,2026,2290,2002,2288,2001
TRT001155-TEMP000002,ocean,#0c3e86,2590,TRT001155,58,77,121,139,94,105,95,105,2257,2019,2320,2081,2293,2047,2294,2047
TRT001155-TEMP000003,ocean,#0b0d98,2477,TRT001155,4,48,69,108,40,75,40,76,2203,1990,2268,2050,2239,2017,2239,2018
TRT001155-TEMP000004,ocean,#0b4b68,2969,TRT001155,0,1,62,59,31,26,30,27,2199,1943,2261,2001,2230,1968,2229,1969
TRT001155-TEMP000005,ocean,#1342b1,2366,TRT001155,60,0,121,42,92,20,92,19,2259,1942,2320,1984,2291,1962,2291,1961
TRT001156-TEMP000001,ocean,#324f9a,1884,TRT001156,70,53,133,92,96,76,97,76,2186,2072,2249,2111,2212,2095,2213,2095
TRT001156-TEMP000002,ocean,#353465,2180,TRT001156,0,41,70,92,43,73,43,74,2116,2060,2186,2111,2159,2092,2159,2093
TRT001156-TEMP000003,ocean,#051eae,2258,TRT001156,51,0,116,59,86,32,85,33,2167,2019,2232,2078,2202,2051,2201,2052
TRT001156-TEMP000004,ocean,#220d99,2135,TRT001156,103,20,159,92,130,52,129,51,2219,2039,2275,2111,2246,2071,2245,2070
TRT001156-TEMP000005,ocean,#043f6f,2233,TRT001156,135,46,201,92,171,74,171,74,2251,2065,2317,2111,2287,2093,2287,2093
TRT001157-TEMP000001,ocean,#1d1a9d,1767,TRT001157,33,51,86,113,62,80,63,77,1518,2007,1571,2069,1547,2036,1548,2033
TRT001157-TEMP000002,ocean,#0f2788,1219,TRT001157,68,36,110,91,88,62,90,63,1553,1992,1595,2047,1573,2018,1575,2019
TRT001157-TEMP000003,ocean,#193877,1565,TRT001157,0,18,52,74,27,46,28,46,1485,1974,1537,2030,1512,2002,1513,2002
TRT001157-TEMP000004,ocean,#002d70,1480,TRT001157,30,0,81,53,55,28,55,27,1515,1956,1566,2009,1540,1984,1540,1983
TRT001158-TEMP000001,ocean,#2c0379,2009,TRT001158,28,41,87,98,59,66,58,66,1564,1966,1623,2023,1595,1991,1594,1991
TRT001158-TEMP000002,ocean,#202571,1597,TRT001158,0,2,44,60,22,29,22,29,1536,1927,1580,1985,1558,1954,1558,1954
TRT001158-TEMP000003,ocean,#372978,1858,TRT001158,63,0,111,58,87,26,85,27,1599,1925,1647,1983,1623,1951,1621,1952
TRT001158-TEMP000004,ocean,#2b4ca9,1292,TRT001158,28,2,74,42,52,19,51,17,1564,1927,1610,1967,1588,1944,1587,1942
TRT001159-TEMP000001,ocean,#0b4f8e,2202,TRT001159,70,44,130,114,97,73,95,74,1483,1927,1543,1997,1510,1956,1508,1957
TRT001159-TEMP000002,ocean,#054877,1885,TRT001159,26,41,74,112,55,73,52,71,1439,1924,1487,1995,1468,1956,1465,1954
TRT001159-TEMP000003,ocean,#200895,2331,TRT001159,56,11,129,56,89,34,86,34,1469,1894,1542,1939,1502,1917,1499,1917
TRT001159-TEMP000004,ocean,#134e90,1232,TRT001159,8,0,62,39,36,19,32,17,1421,1883,1475,1922,1449,1902,1445,1900
TRT001159-TEMP000005,ocean,#311c8d,1345,TRT001159,0,23,55,68,24,44,24,42,1413,1906,1468,1951,1437,1927,1437,1925
TRT001160-TEMP000001,ocean,#1a0770,1555,TRT001160,7,0,49,54,30,29,29,29,1541,1826,1583,1880,1564,1855,1563,1855
TRT001160-TEMP000002,ocean,#1c0583,1922,TRT001160,38,57,92,100,62,80,61,79,1572,1883,1626,1926,1596,1906,1595,1905
TRT001160-TEMP000003,ocean,#0025a0,1597,TRT001160,41,11,94,56,64,36,62,34,1575,1837,1628,1882,1598,1862,1596,1860
TRT001160-TEMP000004,ocean,#3b33ab,2162,TRT001160,75,31,134,100,101,64,100,63,1609,1857,1668,1926,1635,1890,1634,1889
TRT001160-TEMP000005,ocean,#1b1588,1790,TRT001160,0,51,41,102,21,76,19,76,1534,1877,1575,1928,1555,1902,1553,1902
TRT001161-TEMP000001,ocean,#02376b,1556,TRT001161,28,7,79,51,58,31,58,31,1459,1816,1510,1860,1489,1840,1489,1840
TRT001161-TEMP000002,ocean,#2a1883,1790,TRT001161,76,0,125,48,99,25,99,26,1507,1809,1556,1857,1530,1834,1530,1835
TRT001161-TEMP000003,ocean,#2809a4,1303,TRT001161,81,47,117,96,95,68,96,69,1512,1856,1548,1905,1526,1877,1527,1878
TRT001161-TEMP000004,ocean,#0b2069,1404,TRT001161,40,47,80,90,63,70,66,69,1471,1856,1511,1899,1494,1879,1497,1878
TRT001161-TEMP000005,ocean,#3617a9,1957,TRT001161,0,27,47,84,24,57,24,58,1431,1836,1478,1893,1455,1866,1455,1867
TRT001162-TEMP000001,ocean,#0f3b94,2171,TRT001162,42,73,91,130,69,100,67,102,2287,657,2336,714,2314,684,2312,686
TRT001162-TEMP000002,ocean,#3a4e67,2510,TRT001162,45,8,96,74,72,44,72,45,2290,592,2341,658,2317,628,2317,629
TRT001162-TEMP000003,ocean,#2e416e,2643,TRT001162,0,0,61,62,30,33,31,33,2245,584,2306,646,2275,617,2276,617
TRT001162-TEMP000004,ocean,#0c2786,2285,TRT001162,6,62,54,129,29,90,28,91,2251,646,2299,713,2274,674,2273,675
TRT001162-TEMP000005,ocean,#1b1867,2462,TRT001162,20,118,87,162,55,142,56,144,2265,702,2332,746,2300,726,2301,728
TRT001163-TEMP000001,ocean,#0b2397,1547,TRT001163,38,5,99,35,66,19,64,18,2168,608,2229,638,2196,622,2194,621
TRT001163-TEMP000002,ocean,#07078a,2176,TRT001163,0,0,43,63,19,30,18,29,2130,603,2173,666,2149,633,2148,632
TRT001163-TEMP000003,ocean,#322d6a,2356,TRT001163,83,8,126,78,105,46,105,45,2213,611,2256,681,2235,649,2235,648
TRT001163-TEMP000004,ocean,#2f4b76,4058,TRT001163,55,76,141,141,100,110,98,109,2185,679,2271,744,2230,713,2228,712
TRT001163-TEMP000005,ocean,#0d47a7,1943,TRT001163,10,52,73,119,45,81,41,78,2140,655,2203,722,2175,684,2171,681
TRT001163-TEMP000006,ocean,#280bab,1710,TRT001163,36,36,90,83,66,56,64,53,2166,639,2220,686,2196,659,2194,656
TRT001164-TEMP000001,ocean,#164a8a,1784,TRT001164,0,38,51,93,23,61,22,59,2273,533,2324,588,2296,556,2295,554
TRT001164-TEMP000002,ocean,#180087,1660,TRT001164,0,0,49,43,22,23,19,23,2273,495,2322,538,2295,518,2292,518
TRT001164-TEMP000003,ocean,#1b1e88,2181,TRT001164,20,49,83,109,55,82,50,82,2293,544,2356,604,2328,577,2323,577
TRT001164-TEMP000004,ocean,#09459a,2871,TRT001164,48,10,128,58,83,29,78,29,2321,505,2401,553,2356,524,2351,524
TRT001164-TEMP000005,ocean,#372889,2903,TRT001164,73,30,128,103,104,68,101,68,2346,525,2401,598,2377,563,2374,563
TRT001165-TEMP000001,ocean,#194b77,3140,TRT001165,4,18,79,84,34,55,37,52,2337,604,2412,670,2367,641,2370,638
TRT001165-TEMP000002,ocean,#20067d,2412,TRT001165,27,67,79,140,56,100,55,104,2360,653,2412,726,2389,686,2388,690
TRT001165-TEMP000003,ocean,#031a6f,2643,TRT001165,0,80,47,160,18,122,17,118,2333,666,2380,746,2351,708,2350,704
TRT001165-TEMP000004,ocean,#1d2096,1855,TRT001165,13,0,79,55,54,24,55,22,2346,586,2412,641,2387,610,2388,608
TRT001166-TEMP000001,ocean,#1b2c7b,2322,TRT001166,30,56,81,113,56,86,54,84,2165,551,2216,608,2191,581,2189,579
TRT001166-TEMP000002,ocean,#354083,2388,TRT001166,75,62,142,115,103,91,102,90,2210,557,2277,610,2238,586,2237,585
TRT001166-TEMP000003,ocean,#2c0eac,2664,TRT001166,28,0,95,62,66,34,67,33,2163,495,2230,557,2201,529,2202,528
TRT001166-TEMP000004,ocean,#340ca4,2143,TRT001166,0,41,42,112,20,79,18,79,2135,536,2177,607,2155,574,2153,574
TRT001166-TEMP000005,ocean,#1339a0,1710,TRT001166,81,0,137,36,112,16,113,14,2216,495,2272,531,2247,511,2248,509
TRT001166-TEMP000006,ocean,#374477,2033,TRT001166,86,31,142,85,118,55,118,53,2221,526,2277,580,2253,550,2253,548
TRT001167-TEMP000001,ocean,#21316b,1957,TRT001167,138,28,181,96,156,63,157,66,2411,1711,2454,1779,2429,1746,2430,1749
TRT001167-TEMP000002,ocean,#0b19a2,2760,TRT001167,51,0,138,62,92,33,93,31,2324,1683,2411,1745,2365,1716,2366,1714
TRT001167-TEMP000003,ocean,#0e3f87,2399,TRT001167,88,30,139,106,120,69,120,67,2361,1713,2412,1789,2393,1752,2393,1750
TRT001167-TEMP000004,ocean,#1a098d,3193,TRT001167,48,59,114,139,79,99,78,93,2321,1742,2387,1822,2352,1782,2351,1776
TRT001167-TEMP000005,ocean,#00059a,2417,TRT001167,0,39,67,115,40,75,38,79,2273,1722,2340,1798,2313,1758,2311,1762
TRT001168-TEMP000001,ocean,#1b0c70,2516,TRT001168,10,45,84,102,49,75,52,75,2235,1649,2309,1706,2274,1679,2277,1679
TRT001168-TEMP000002,ocean,#252485,2092,TRT001168,45,0,106,60,74,31,73,30,2270,1604,2331,1664,2299,1635,2298,1634
TRT001168-TEMP000003,ocean,#231f79,2514,TRT001168,80,27,141,93,112,62,112,60,2305,1631,2366,1697,2337,1666,2337,1664
TRT001168-TEMP000004,ocean,#0303af,2921,TRT001168,0,86,72,158,37,120,37,120,2225,1690,2297,1762,2262,1724,2262,1724
TRT001168-TEMP000005,ocean,#06219f,2164,TRT001168,61,74,125,140,87,104,90,104,2286,1678,2350,1744,2312,1708,2315,1708
TRT001169-TEMP000001,ocean,#1b117f,2041,TRT001169,74,33,145,91,105,60,106,62,2369,1559,2440,1617,2400,1586,2401,1588
TRT001169-TEMP000002,ocean,#354a9c,2009,TRT001169,28,65,95,121,63,92,63,94,2323,1591,2390,1647,2358,1618,2358,1620
TRT001169-TEMP000003,ocean,#080aa9,2076,TRT001169,0,29,63,100,32,67,34,65,2295,1555,2358,1626,2327,1593,2329,1591
TRT001169-TEMP000004,ocean,#163088,2287,TRT001169,32,0,97,65,61,33,66,35,2327,1526,2392,1591,2356,1559,2361,1561
TRT001170-TEMP000001,ocean,#353572,1908,TRT001170,47,0,101,47,79,27,81,24,2403,1579,2457,1626,2435,1606,2437,1603
TRT001170-TEMP000002,ocean,#23179a,2712,TRT001170,0,30,60,104,33,68,35,62,2356,1609,2416,1683,2389,1647,2391,1641
TRT001170-TEMP000003,ocean,#174eaf,3296,TRT001170,12,84,100,154,65,115,61,112,2368,1663,2456,1733,2421,1694,2417,1691
TRT001170-TEMP000004,ocean,#2a4ba7,2069,TRT001170,57,47,101,104,82,72,82,70,2413,1626,2457,1683,2438,1651,2438,1649
TRT001171-TEMP000001,ocean,#2247b0,1101,TRT001171,12,0,70,33,39,14,42,13,1607,1514,1665,1547,1634,1528,1637,1527
TRT001171-TEMP000002,ocean,#034573,1437,TRT001171,0,18,42,78,20,46,20,46,1595,1532,1637,1592,1615,1560,1615,1560
TRT001171-TEMP000003,ocean,#32148f,1317,TRT001171,38,6,84,55,63,31,60,33,1633,1520,1679,1569,1658,1545,1655,1547
TRT001171-TEMP000004,ocean,#1b1e6a,1236,TRT001171,18,78,60,127,41,102,41,101,1613,1592,1655,1641,1636,1616,1636,1615
TRT001171-TEMP000005,ocean,#353a75,1298,TRT001171,22,48,70,87,48,68,49,68,1617,1562,1665,1601,1643,1582,1644,1582
TRT001172-TEMP000001,ocean,#002cb3,1300,TRT001172,54,40,91,85,70,62,71,61,1564,1592,1601,1637,1580,1614,1581,1613
TRT001172-TEMP000002,ocean,#3a4ea2,1288,TRT001172,14,41,57,85,40,62,40,63,1524,1593,1567,1637,1550,1614,1550,1615
TRT001172-TEMP000003,ocean,#2c2f7e,1385,TRT001172,22,0,68,42,46,20,46,20,1532,1552,1578,1594,1556,1572,1556,1572
TRT001172-TEMP000004,ocean,#1e31ab,1379,TRT001172,0,3,34,58,15,30,14,31,1510,1555,1544,1610,1525,1582,1524,1583
TRT001172-TEMP000005,ocean,#014879,1326,TRT001172,62,0,102,47,80,25,81,25,1572,1552,1612,1599,1590,1577,1591,1577
TRT001172-TEMP000006,ocean,#174588,1165,TRT001172,79,43,123,89,100,70,100,71,1589,1595,1633,1641,1610,1622,1610,1623
TRT001173-TEMP000001,ocean,#37029d,1386,TRT001173,62,38,113,83,89,60,89,59,1572,1485,1623,1530,1599,1507,1599,1506
TRT001173-TEMP000002,ocean,#2237a2,1564,TRT001173,46,62,96,107,68,87,70,87,1556,1509,1606,1554,1578,1534,1580,1534
TRT001173-TEMP000003,ocean,#0f3ba2,1496,TRT001173,4,36,57,81,29,61,30,61,1514,1483,1567,1528,1539,1508,1540,1508
TRT001173-TEMP000004,ocean,#34279d,1257,TRT001173,28,14,73,63,53,38,54,36,1538,1461,1583,1510,1563,1485,1564,1483
TRT001173-TEMP000005,ocean,#3a11af,945,TRT001173,59,0,98,43,78,24,79,23,1569,1447,1608,1490,1588,1471,1589,1470
TRT001173-TEMP000006,ocean,#2e47a2,1494,TRT001173,0,72,48,113,22,94,24,94,1510,1519,1558,1560,1532,1541,1534,1541
TRT001174-TEMP000001,ocean,#014a98,1468,TRT001174,49,70,93,110,74,92,76,92,1641,1479,1685,1519,1666,1501,1668,1501
TRT001174-TEMP000002,ocean,#0c4fb3,1456,TRT001174,54,22,101,70,78,48,79,48,1646,1431,1693,1479,1670,1457,1671,1457
TRT001174-TEMP000003,ocean,#092289,1014,TRT001174,87,35,124,77,106,60,107,60,1679,1444,1716,1486,1698,1469,1699,1469
TRT001174-TEMP000004,ocean,#39459f,1839,TRT001174,13,50,64,104,40,76,40,75,1605,1459,1656,1513,1632,1485,1632,1484
TRT001174-TEMP000005,ocean,#2740a7,1396,TRT001174,0,9,44,64,22,39,22,37,1592,1418,1636,1473,1614,1448,1614,1446
TRT001174-TEMP000006,ocean,#164293,975,TRT001174,94,73,126,107,109,90,111,90,1686,1482,1718,1516,1701,1499,1703,1499
TRT001174-TEMP000007,ocean,#0c0f67,1353,TRT001174,29,0,77,52,51,25,52,25,1621,1409,1669,1461,1643,1434,1644,1434
TRT001175-TEMP000001,ocean,#102e82,1187,TRT001175,8,37,57,85,28,61,27,62,1659,1548,1708,1596,1679,1572,1678,1573
TRT001175-TEMP000002,ocean,#252f8c,1729,TRT001175,0,86,48,130,21,112,21,111,1651,1597,1699,1641,1672,1623,1672,1622
TRT001175-TEMP000003,ocean,#0f1c78,1063,TRT001175,17,57,61,108,43,83,43,83,1668,1568,1712,1619,1694,1594,1694,1594
TRT001175-TEMP000004,ocean,#14106c,1618,TRT001175,21,0,66,56,46,27,46,28,1672,1511,1717,1567,1697,1538,1697,1539
TRT001176-TEMP000001,ocean,#120979,2537,TRT001176,26,0,95,68,60,33,61,34,1427,1460,1496,1528,1461,1493,1462,1494
TRT001176-TEMP000002,ocean,#34479d,2073,TRT001176,7,72,75,132,48,101,48,103,1408,1532,1476,1592,1449,1561,1449,1563
TRT001176-TEMP000003,ocean,#3b1e81,2235,TRT001176,4,105,60,167,27,137,26,138,1405,1565,1461,1627,1428,1597,1427,1598
TRT001176-TEMP000004,ocean,#1d1b85,2368,TRT001176,58,92,108,150,85,121,85,120,1459,1552,1509,1610,1486,1581,1486,1580
TRT001176-TEMP000005,ocean,#090f7c,2388,TRT001176,0,34,58,104,23,69,23,69,1401,1494,1459,1564,1424,1529,1424,1529
TRT001176-TEMP000006,ocean,#122dac,2237,TRT001176,59,31,112,93,90,66,92,65,1460,1491,1513,1553,1491,1526,1493,1525
TRT001177-TEMP000001,ocean,#323a7b,1701,TRT001177,78,60,118,115,99,91,100,92,1338,1543,1378,1598,1359,1574,1360,1575
TRT001177-TEMP000002,ocean,#172e69,3179,TRT001177,51,15,133,75,87,45,81,47,1311,1498,1393,1558,1347,1528,1341,1530
TRT001177-TEMP000003,ocean,#0733b1,2834,TRT001177,0,0,61,74,32,37,30,35,1260,1483,1321,1557,1292,1520,1290,1518
TRT001177-TEMP000004,ocean,#033da8,2644,TRT001177,67,115,154,161,109,136,104,138,1327,1598,1414,1644,1369,1619,1364,1621
TRT001177-TEMP000005,ocean,#1c1fa4,2184,TRT001177,114,32,149,130,131,83,132,90,1374,1515,1409,1613,1391,1566,1392,1573
TRT001177-TEMP000006,ocean,#392183,2102,TRT001177,32,66,84,135,62,97,62,99,1292,1549,1344,1618,1322,1580,1322,1582
TRT001178-TEMP000001,ocean,#3522a9,2769,TRT001178,41,53,102,113,76,83,74,80,1325,1452,1386,1512,1360,1482,1358,1479
TRT001178-TEMP000002,ocean,#0f216c,2187,TRT001178,35,0,104,53,73,28,73,26,1319,1399,1388,1452,1357,1427,1357,1425
TRT001178-TEMP000003,ocean,#23119d,2591,TRT001178,0,26,58,99,31,64,30,63,1284,1425,1342,1498,1315,1463,1314,1462
TRT001178-TEMP000004,ocean,#2034a3,2269,TRT001178,89,4,154,66,116,39,116,39,1373,1403,1438,1465,1400,1438,1400,1438
TRT001178-TEMP000005,ocean,#263ea3,2801,TRT001178,101,49,178,117,131,80,130,81,1385,1448,1462,1516,1415,1479,1414,1480
TRT001179-TEMP000001,ocean,#242797,2928,TRT001179,58,51,132,120,95,87,94,87,1175,1304,1249,1373,1212,1340,1211,1340
TRT001179-TEMP000002,ocean,#2c0a9f,2307,TRT001179,0,26,61,89,29,61,29,61,1117,1279,1178,1342,1146,1314,1146,1314
TRT001179-TEMP000003,ocean,#254fab,1862,TRT001179,45,99,108,156,73,129,73,128,1162,1352,1225,1409,1190,1382,1190,1381
TRT001179-TEMP000004,ocean,#273472,2035,TRT001179,17,84,66,151,42,112,41,114,1134,1337,1183,1404,1159,1365,1158,1367
TRT001179-TEMP000005,ocean,#1614af,2240,TRT001179,27,0,90,73,58,37,58,37,1144,1253,1207,1326,1175,1290,1175,1290
TRT001180-TEMP000001,ocean,#1926a5,3763,TRT001180,0,0,77,72,41,39,41,41,1054,1290,1131,1362,1095,1329,1095,1331
TRT001180-TEMP000002,ocean,#032fa1,1428,TRT001180,19,103,83,150,47,125,50,125,1073,1393,1137,1440,1101,1415,1104,1415
TRT001180-TEMP000003,ocean,#383091,1687,TRT001180,11,67,53,125,31,93,31,99,1065,1357,1107,1415,1085,1383,1085,1389
TRT001180-TEMP000004,ocean,#31047d,2076,TRT001180,47,51,98,121,72,88,73,90,1101,1341,1152,1411,1126,1378,1127,1380
TRT001181-TEMP000001,ocean,#2c2385,1527,TRT001181,8,90,51,133,32,109,31,110,1092,1493,1135,1536,1116,1512,1115,1513
TRT001181-TEMP000002,ocean,#114b73,3301,TRT001181,56,0,121,77,85,40,82,41,1140,1403,1205,1480,1169,1443,1166,1444
TRT001181-TEMP000003,ocean,#2f1cad,1818,TRT001181,0,0,70,54,39,32,37,31,1084,1403,1154,1457,1123,1435,1121,1434
TRT001181-TEMP000004,ocean,#1f21ad,3072,TRT001181,81,53,150,129,114,92,112,92,1165,1456,1234,1532,1198,1495,1196,1495
TRT001181-TEMP000005,ocean,#33216e,2120,TRT001181,2,43,66,91,32,70,30,70,1086,1446,1150,1494,1116,1473,1114,1473
TRT001181-TEMP000006,ocean,#0a33ae,2255,TRT001181,49,74,102,132,72,108,69,111,1133,1477,1186,1535,1156,1511,1153,1514
TRT001182-TEMP000001,ocean,#0644a1,2100,TRT001182,0,36,46,115,24,71,23,72,1185,1386,1231,1465,1209,1421,1208,1422
TRT001182-TEMP000002,ocean,#08359e,3504,TRT001182,26,106,103,169,65,134,64,133,1211,1456,1288,1519,1250,1484,1249,1483
TRT001182-TEMP000003,ocean,#1c0473,2065,TRT001182,33,57,86,109,61,83,61,80,1218,1407,1271,1459,1246,1433,1246,1430
TRT001182-TEMP000004,ocean,#1c48ac,2405,TRT001182,25,0,99,56,63,34,61,33,1210,1350,1284,1406,1248,1384,1246,1383
TRT001182-TEMP000005,ocean,#320e98,2511,TRT001182,79,36,129,119,101,75,101,75,1264,1386,1314,1469,1286,1425,1286,1425
TRT001183-TEMP000001,ocean,#08269e,992,TRT001183,0,82,35,137,16,110,16,109,1523,1762,1558,1817,1539,1790,1539,1789
TRT001183-TEMP000002,ocean,#392867,1100,TRT001183,17,104,63,143,39,123,39,124,1540,1784,1586,1823,1562,1803,1562,1804
TRT001183-TEMP000003,ocean,#341cae,1753,TRT001183,8,0,53,65,30,33,29,37,1531,1680,1576,1745,1553,1713,1552,1717
TRT001183-TEMP000004,ocean,#021e8c,1191,TRT001183,50,69,82,117,68,91,69,92,1573,1749,1605,1797,1591,1771,1592,1772
TRT001183-TEMP000005,ocean,#2306ab,1433,TRT001183,39,20,79,72,61,49,60,49,1562,1700,1602,1752,1584,1729,1583,1729
TRT001183-TEMP000006,ocean,#18159d,1548,TRT001183,8,59,57,104,33,80,38,84,1531,1739,1580,1784,1556,1760,1561,1764
TRT001184-TEMP000001,ocean,#2b378e,1914,TRT001184,59,40,123,89,92,61,92,60,1614,1824,1678,1873,1647,1845,1647,1844
TRT001184-TEMP000002,ocean,#1935a3,1778,TRT001184,0,8,65,65,38,38,39,37,1555,1792,1620,1849,1593,1822,1594,1821
TRT001184-TEMP000003,ocean,#314064,1276,TRT001184,40,0,82,47,64,18,66,17,1595,1784,1637,1831,1619,1802,1621,1801
TRT001184-TEMP000004,ocean,#242879,937,TRT001184,77,4,113,41,93,22,95,21,1632,1788,1668,1825,1648,1806,1650,1805
TRT001185-TEMP000001,ocean,#381779,2311,TRT001185,0,0,55,55,28,24,29,25,1542,1638,1597,1693,1570,1662,1571,1663
TRT001185-TEMP000002,ocean,#091a65,1367,TRT001185,51,0,100,33,75,15,78,14,1593,1638,1642,1671,1617,1653,1620,1652
TRT001185-TEMP000003,ocean,#38328b,1094,TRT001185,100,4,146,34,119,17,122,17,1642,1642,1688,1672,1661,1655,1664,1655
TRT001185-TEMP000004,ocean,#0836ab,1282,TRT001185,60,27,101,75,83,48,82,46,1602,1665,1643,1713,1625,1686,1624,1684
TRT001185-TEMP000005,ocean,#08388a,1137,TRT001185,96,31,139,69,115,51,116,50,1638,1669,1681,1707,1657,1689,1658,1688
TRT001185-TEMP000006,ocean,#3603a2,1258,TRT001185,30,32,80,77,55,58,57,61,1572,1670,1622,1715,1597,1696,1599,1699
TRT001185-TEMP000007,ocean,#3a0693,931,TRT001185,126,4,156,57,143,32,144,33,1668,1642,1698,1695,1685,1670,1686,1671
TRT001186-TEMP000001,ocean,#114aa7,1458,TRT001186,0,14,46,55,24,36,24,35,1602,1706,1648,1747,1626,1728,1626,1727
TRT001186-TEMP000002,ocean,#0e26b1,1552,TRT001186,28,47,69,99,48,74,47,73,1630,1739,1671,1791,1650,1766,1649,1765
TRT001186-TEMP000003,ocean,#334f82,1110,TRT001186,1,48,32,92,16,71,15,70,1603,1740,1634,1784,1618,1763,1617,1762
TRT001186-TEMP000004,ocean,#042a95,1563,TRT001186,43,0,91,55,66,27,66,27,1645,1692,1693,1747,1668,1719,1668,1719
TRT001187-TEMP000001,ocean,#0645a2,2840,TRT001187,0,72,56,153,32,116,32,117,2076,749,2132,830,2108,793,2108,794
TRT001187-TEMP000002,ocean,#131cab,2214,TRT001187,64,33,125,100,97,70,96,69,2140,710,2201,777,2173,747,2172,746
TRT001187-TEMP000003,ocean,#1e4372,1849,TRT001187,30,131,95,182,66,153,67,155,2106,808,2171,859,2142,830,2143,832
TRT001187-TEMP000004,ocean,#26408f,2610,TRT001187,33,0,98,82,68,44,66,45,2109,677,2174,759,2144,721,2142,722
TRT001187-TEMP000005,ocean,#2d3697,2341,TRT001187,52,83,110,141,79,111,79,114,2128,760,2186,818,2155,788,2155,791
TRT001188-TEMP000001,ocean,#1f498a,2554,TRT001188,64,59,130,117,94,91,92,90,2069,870,2135,928,2099,902,2097,901
TRT001188-TEMP000002,ocean,#3a459f,1678,TRT001188,15,78,76,121,49,103,48,104,2020,889,2081,932,2054,914,2053,915
TRT001188-TEMP000003,ocean,#2946b3,2807,TRT001188,37,0,111,66,74,34,74,34,2042,811,2116,877,2079,845,2079,845
TRT001188-TEMP000004,ocean,#112872,2317,TRT001188,93,25,149,100,122,60,123,61,2098,836,2154,911,2127,871,2128,872
TRT001188-TEMP000005,ocean,#362d9f,2164,TRT001188,0,36,66,98,34,71,33,71,2005,847,2071,909,2039,882,2038,882
TRT001190-TEMP000001,ocean,#180a73,2308,TRT001190,0,48,72,114,43,79,42,79,1967,705,2039,771,2010,736,2009,736
TRT001190-TEMP000002,ocean,#001d80,2299,TRT001190,51,23,110,88,83,57,81,57,2018,680,2077,745,2050,714,2048,714
TRT001190-TEMP000003,ocean,#383e9b,2656,TRT001190,102,30,161,103,128,66,127,64,2069,687,2128,760,2095,723,2094,721
TRT001190-TEMP000004,ocean,#1531a2,3137,TRT001190,57,82,135,153,97,114,97,113,2024,739,2102,810,2064,771,2064,770
TRT001190-TEMP000005,ocean,#34058e,2273,TRT001190,107,0,181,58,149,27,150,26,2074,657,2148,715,2116,684,2117,683
TRT001189-TEMP000001,ocean,#023083,2308,TRT001189,0,49,59,105,25,76,26,78,1939,777,1998,833,1964,804,1965,806
TRT001189-TEMP000002,ocean,#272079,3353,TRT001189,58,42,133,116,92,81,91,82,1997,770,2072,844,2031,809,2030,810
TRT001189-TEMP000003,ocean,#201a8d,3085,TRT001189,7,0,81,65,39,34,39,35,1946,728,2020,793,1978,762,1978,763
TRT001189-TEMP000004,ocean,#140591,1934,TRT001189,45,104,103,166,72,132,71,133,1984,832,2042,894,2011,860,2010,861
TRT001189-TEMP000005,ocean,#3a4f87,1589,TRT001189,13,85,68,139,44,109,42,112,1952,813,2007,867,1983,837,1981,840
TRT001191-TEMP000001,ocean,#062da0,1961,TRT001191,36,60,88,116,64,93,64,93,2375,1815,2427,1871,2403,1848,2403,1848
TRT001191-TEMP000002,ocean,#23169a,2845,TRT001191,40,0,115,67,86,40,85,40,2379,1755,2454,1822,2425,1795,2424,1795
TRT001191-TEMP000003,ocean,#033994,2561,TRT001191,0,40,56,114,28,80,28,80,2339,1795,2395,1869,2367,1835,2367,1835
TRT001191-TEMP000004,ocean,#13447e,1877,TRT001191,79,57,116,119,100,89,101,87,2418,1812,2455,1874,2439,1844,2440,1842
TRT001192-TEMP000001,ocean,#1d2173,2448,TRT001192,25,67,93,122,59,100,57,101,2479,1820,2547,1875,2513,1853,2511,1854
TRT001192-TEMP000002,ocean,#2833b1,2338,TRT001192,94,65,167,119,130,93,128,95,2548,1818,2621,1872,2584,1846,2582,1848
TRT001192-TEMP000003,ocean,#2f226a,3075,TRT001192,0,0,75,71,32,40,37,41,2454,1753,2529,1824,2486,1793,2491,1794
TRT001192-TEMP000004,ocean,#240b75,2253,TRT001192,1,52,44,129,18,89,16,85,2455,1805,2498,1882,2472,1842,2470,1838
TRT001192-TEMP000005,ocean,#0a297d,2252,TRT001192,61,38,124,107,90,69,95,69,2515,1791,2578,1860,2544,1822,2549,1822
TRT001193-TEMP000001,ocean,#391096,2643,TRT001193,49,3,125,54,82,24,77,25,2383,1870,2459,1921,2416,1891,2411,1892
TRT001193-TEMP000002,ocean,#07069f,1926,TRT001193,0,0,49,50,22,21,21,21,2334,1867,2383,1917,2356,1888,2355,1888
TRT001193-TEMP000003,ocean,#1433a7,2736,TRT001193,67,23,125,96,100,62,99,61,2401,1890,2459,1963,2434,1929,2433,1928
TRT001193-TEMP000004,ocean,#254c7c,2065,TRT001193,0,32,67,83,39,57,35,57,2334,1899,2401,1950,2373,1924,2369,1924
TRT001194-TEMP000001,ocean,#2e34ae,2240,TRT001194,26,9,85,64,56,32,53,34,2483,1873,2542,1928,2513,1896,2510,1898
TRT001194-TEMP000002,ocean,#314694,2366,TRT001194,54,37,109,114,82,71,83,69,2511,1901,2566,1978,2539,1935,2540,1933
TRT001194-TEMP000003,ocean,#1a1e84,2456,TRT001194,0,60,74,116,36,88,37,89,2457,1924,2531,1980,2493,1952,2494,1953
TRT001194-TEMP000004,ocean,#2613a9,1868,TRT001194,0,12,40,79,17,45,16,45,2457,1876,2497,1943,2474,1909,2473,1909
TRT001194-TEMP000005,ocean,#322b77,2253,TRT001194,81,0,152,52,113,21,113,20,2538,1864,2609,1916,2570,1885,2570,1884
TRT001195-TEMP000001,ocean,#1513b3,1521,TRT001195,65,13,111,61,91,40,92,40,2555,575,2601,623,2581,602,2582,602
TRT001195-TEMP000002,ocean,#2e0ba9,2039,TRT001195,10,44,68,97,44,72,47,71,2500,606,2558,659,2534,634,2537,633
TRT001195-TEMP000003,ocean,#393471,1460,TRT001195,64,55,111,99,85,76,87,76,2554,617,2601,661,2575,638,2577,638
TRT001195-TEMP000004,ocean,#1c2ca4,1992,TRT001195,0,9,52,70,24,38,25,39,2490,571,2542,632,2514,600,2515,601
TRT001195-TEMP000005,ocean,#0a196b,1611,TRT001195,34,0,89,47,61,20,63,18,2524,562,2579,609,2551,582,2553,580
TRT001196-TEMP000001,ocean,#230065,1845,TRT001196,45,10,104,58,72,36,72,37,2447,529,2506,577,2474,555,2474,556
TRT001196-TEMP000002,ocean,#1427ad,1642,TRT001196,46,51,99,91,70,71,69,72,2448,570,2501,610,2472,590,2471,591
TRT001196-TEMP000003,ocean,#1a1d89,1174,TRT001196,0,18,44,65,16,44,14,43,2402,537,2446,584,2418,563,2416,562
TRT001196-TEMP000004,ocean,#1a4198,1485,TRT001196,0,0,58,45,30,19,30,20,2402,519,2460,564,2432,538,2432,539
TRT001196-TEMP000005,ocean,#2b247a,1587,TRT001196,0,50,47,92,26,74,25,74,2402,569,2449,611,2428,593,2427,593
TRT001197-TEMP000001,ocean,#1d117c,1287,TRT001197,0,48,49,85,25,69,25,69,2402,489,2451,526,2427,510,2427,510
TRT001197-TEMP000002,ocean,#060489,1218,TRT001197,16,9,59,58,39,37,37,38,2418,450,2461,499,2441,478,2439,479
TRT001197-TEMP000003,ocean,#2a1a8c,1665,TRT001197,46,42,94,87,68,64,68,62,2448,483,2496,528,2470,505,2470,503
TRT001197-TEMP000004,ocean,#2e2a65,1683,TRT001197,47,0,105,46,74,24,73,23,2449,441,2507,487,2476,465,2475,464
TRT001198-TEMP000001,ocean,#31356f,1269,TRT001198,0,62,38,107,20,84,21,84,2572,698,2610,743,2592,720,2593,720
TRT001198-TEMP000002,ocean,#2900a1,1719,TRT001198,43,21,94,79,72,51,71,53,2615,657,2666,715,2644,687,2643,689
TRT001198-TEMP000003,ocean,#15316f,1259,TRT001198,0,19,38,70,14,48,12,49,2572,655,2610,706,2586,684,2584,685
TRT001198-TEMP000004,ocean,#2d26a6,1727,TRT001198,10,0,67,57,38,26,37,28,2582,636,2639,693,2610,662,2609,664
TRT001198-TEMP000005,ocean,#350d88,1219,TRT001198,35,57,81,102,52,79,52,82,2607,693,2653,738,2624,715,2624,718
TRT001199-TEMP000001,ocean,#041f8a,1787,TRT001199,19,0,76,51,51,27,49,27,2621,559,2678,610,2653,586,2651,586
TRT001199-TEMP000002,ocean,#2e4196,1496,TRT001199,38,42,89,94,65,67,63,67,2640,601,2691,653,2667,626,2665,626
TRT001199-TEMP000003,ocean,#211171,1365,TRT001199,17,68,78,114,49,90,47,90,2619,627,2680,673,2651,649,2649,649
TRT001199-TEMP000004,ocean,#02399e,1893,TRT001199,73,32,127,89,97,56,96,56,2675,591,2729,648,2699,615,2698,615
TRT001199-TEMP000005,ocean,#1d3486,1791,TRT001199,0,24,41,86,18,55,16,55,2602,583,2643,645,2620,614,2618,614
TRT001200-TEMP000001,ocean,#003c72,1714,TRT001200,39,48,89,99,65,74,61,73,2519,510,2569,561,2545,536,2541,535
TRT001200-TEMP000002,ocean,#350873,1920,TRT001200,15,0,72,51,43,23,44,23,2495,462,2552,513,2523,485,2524,485
TRT001200-TEMP000003,ocean,#291d82,1612,TRT001200,0,31,44,90,21,61,20,61,2480,493,2524,552,2501,523,2500,523
TRT001200-TEMP000004,ocean,#2b3589,1576,TRT001200,55,8,99,66,79,37,80,39,2535,470,2579,528,2559,499,2560,501
TRT001200-TEMP000005,ocean,#2146b1,1147,TRT001200,12,74,71,108,40,94,43,95,2492,536,2551,570,2520,556,2523,557
TRT001201-TEMP000001,ocean,#1806a6,1522,TRT001201,40,0,88,40,61,17,61,17,2451,609,2499,649,2472,626,2472,626
TRT001201-TEMP000002,ocean,#3936b2,1704,TRT001201,2,36,48,89,21,58,23,56,2413,645,2459,698,2432,667,2434,665
TRT001201-TEMP000003,ocean,#351266,1504,TRT001201,47,25,95,78,71,49,72,49,2458,634,2506,687,2482,658,2483,658
TRT001201-TEMP000004,ocean,#1c39b1,1360,TRT001201,0,2,40,39,20,20,19,19,2411,611,2451,648,2431,629,2430,628
TRT001201-TEMP000005,ocean,#061895,1438,TRT001201,9,57,74,95,44,80,44,80,2420,666,2485,704,2455,689,2455,689
TRT001202-TEMP000001,ocean,#083885,1748,TRT001202,72,21,113,82,94,52,95,52,2638,502,2679,563,2660,533,2661,533
TRT001202-TEMP000002,ocean,#2437a1,1780,TRT001202,31,59,89,111,57,82,56,82,2597,540,2655,592,2623,563,2622,563
TRT001202-TEMP000003,ocean,#353075,1600,TRT001202,0,52,42,105,21,74,20,75,2566,533,2608,586,2587,555,2586,556
TRT001202-TEMP000004,ocean,#010592,1764,TRT001202,40,13,88,60,62,35,62,37,2606,494,2654,541,2628,516,2628,518
TRT001202-TEMP000005,ocean,#131287,1684,TRT001202,3,0,47,53,25,29,24,30,2569,481,2613,534,2591,510,2590,511
TRT001203-TEMP000001,ocean,#082c9d,1333,TRT001203,50,47,96,80,76,65,76,66,2525,698,2571,731,2551,716,2551,717
TRT001203-TEMP000002,ocean,#184975,1438,TRT001203,57,5,96,49,78,28,81,29,2532,656,2571,700,2553,679,2556,680
TRT001203-TEMP000003,ocean,#0017a9,1760,TRT001203,0,31,63,74,35,50,40,48,2475,682,2538,725,2510,701,2515,699
TRT001203-TEMP000004,ocean,#0a3792,1297,TRT001203,12,0,63,36,39,18,37,18,2487,651,2538,687,2514,669,2512,669
TRT001204-TEMP000001,ocean,#3a0a79,1034,TRT001204,7,42,44,85,28,60,27,61,1380,805,1417,848,1401,823,1400,824
TRT001204-TEMP000002,ocean,#140091,1118,TRT001204,0,0,40,46,21,27,21,27,1373,763,1413,809,1394,790,1394,790
TRT001204-TEMP000003,ocean,#0b11b1,1184,TRT001204,29,1,70,40,50,18,50,20,1402,764,1443,803,1423,781,1423,783
TRT001204-TEMP000004,ocean,#2f24b1,1136,TRT001204,41,38,81,75,59,56,58,58,1414,801,1454,838,1432,819,1431,821
TRT001204-TEMP000005,ocean,#1a0178,1099,TRT001204,62,2,100,51,79,25,79,26,1435,765,1473,814,1452,788,1452,789
TRT001205-TEMP000001,ocean,#3b116e,1105,TRT001205,24,0,65,45,48,22,48,22,1310,707,1351,752,1334,729,1334,729
TRT001205-TEMP000002,ocean,#1c0da8,1295,TRT001205,4,19,46,62,24,44,23,45,1290,726,1332,769,1310,751,1309,752
TRT001205-TEMP000003,ocean,#2c1579,1031,TRT001205,0,61,38,92,21,77,20,78,1286,768,1324,799,1307,784,1306,785
TRT001205-TEMP000004,ocean,#073d73,991,TRT001205,46,30,91,67,68,47,70,48,1332,737,1377,774,1354,754,1356,755
TRT001205-TEMP000005,ocean,#102390,1065,TRT001205,62,0,101,39,81,20,81,19,1348,707,1387,746,1367,727,1367,726
TRT001205-TEMP000006,ocean,#0f456b,1088,TRT001205,74,39,107,93,90,65,92,64,1360,746,1393,800,1376,772,1378,771
TRT001205-TEMP000007,ocean,#390a6e,1279,TRT001205,38,54,82,93,57,77,56,76,1324,761,1368,800,1343,784,1342,783
TRT001206-TEMP000001,ocean,#27027d,1343,TRT001206,37,4,71,46,54,24,55,23,1321,800,1355,842,1338,820,1339,819
TRT001206-TEMP000002,ocean,#32228f,1225,TRT001206,66,36,115,73,93,53,91,53,1350,832,1399,869,1377,849,1375,849
TRT001206-TEMP000003,ocean,#112c6c,1289,TRT001206,0,0,37,42,18,20,18,21,1284,796,1321,838,1302,816,1302,817
TRT001206-TEMP000004,ocean,#19397a,1280,TRT001206,30,46,70,92,52,69,52,69,1314,842,1354,888,1336,865,1336,865
TRT001206-TEMP000005,ocean,#133eaf,1064,TRT001206,6,34,49,80,28,52,28,53,1290,830,1333,876,1312,848,1312,849
TRT001206-TEMP000006,ocean,#140d81,945,TRT001206,70,5,104,42,84,23,86,24,1354,801,1388,838,1368,819,1370,820
TRT001206-TEMP000007,ocean,#0129a3,810,TRT001206,64,60,110,89,84,76,83,77,1348,856,1394,885,1368,872,1367,873
TRT001207-TEMP000001,ocean,#2b05a8,1119,TRT001207,30,5,71,50,49,26,48,26,1479,702,1520,747,1498,723,1497,723
TRT001207-TEMP000002,ocean,#1e1c85,1493,TRT001207,0,38,44,90,22,60,21,58,1449,735,1493,787,1471,757,1470,755
TRT001207-TEMP000003,ocean,#200f6a,856,TRT001207,6,0,36,38,20,21,20,18,1455,697,1485,735,1469,718,1469,715
TRT001208-TEMP000001,ocean,#17379f,1262,TRT001208,46,21,80,68,63,48,66,43,1422,717,1456,764,1439,744,1442,739
TRT001208-TEMP000002,ocean,#3541a6,1244,TRT001208,30,0,87,37,58,16,53,18,1406,696,1463,733,1434,712,1429,714
TRT001208-TEMP000003,ocean,#331474,1620,TRT001208,0,13,45,67,25,42,26,43,1376,709,1421,763,1401,738,1402,739
TRT001209-TEMP000001,ocean,#0944ad,1573,TRT001209,10,0,60,58,35,31,35,33,1636,539,1686,597,1661,570,1661,572
TRT001209-TEMP000002,ocean,#2636a5,938,TRT001209,61,58,102,100,79,77,78,79,1687,597,1728,639,1705,616,1704,618
TRT001209-TEMP000003,ocean,#2724b1,1330,TRT001209,22,59,65,109,46,85,46,84,1648,598,1691,648,1672,624,1672,623
TRT001209-TEMP000004,ocean,#144b6e,1278,TRT001209,0,41,39,92,17,65,15,67,1626,580,1665,631,1643,604,1641,606
TRT001209-TEMP000005,ocean,#21458f,1073,TRT001209,41,29,89,71,64,52,66,53,1667,568,1715,610,1690,591,1692,592
TRT001210-TEMP000001,ocean,#1b2895,1316,TRT001210,52,14,95,56,75,37,75,34,1640,635,1683,677,1663,658,1663,655
TRT001210-TEMP000002,ocean,#190564,1013,TRT001210,23,0,65,38,43,19,42,17,1611,621,1653,659,1631,640,1630,638
TRT001210-TEMP000003,ocean,#360aa6,1667,TRT001210,43,52,95,94,71,73,70,72,1631,673,1683,715,1659,694,1658,693
TRT001210-TEMP000004,ocean,#2e047b,891,TRT001210,0,9,35,52,18,30,17,29,1588,630,1623,673,1606,651,1605,650
TRT001210-TEMP000005,ocean,#093888,1456,TRT001210,15,36,59,88,38,60,37,57,1603,657,1647,709,1626,681,1625,678
TRT001211-TEMP000001,ocean,#242791,1399,TRT001211,0,26,41,70,20,50,18,52,1684,634,1725,678,1704,658,1702,660
TRT001211-TEMP000002,ocean,#071777,1254,TRT001211,19,0,73,44,45,22,44,22,1703,608,1757,652,1729,630,1728,630
TRT001211-TEMP000003,ocean,#151580,1477,TRT001211,40,23,92,63,66,46,63,47,1724,631,1776,671,1750,654,1747,655
TRT001211-TEMP000004,ocean,#3445a7,1132,TRT001211,21,66,61,116,42,94,40,93,1705,674,1745,724,1726,702,1724,701
TRT001211-TEMP000005,ocean,#320189,876,TRT001211,0,65,33,101,14,81,13,82,1684,673,1717,709,1698,689,1697,690
TRT001211-TEMP000006,ocean,#36216e,979,TRT001211,41,61,84,100,63,76,64,77,1725,669,1768,708,1747,684,1748,685
TRT001212-TEMP000001,ocean,#2f4a72,498,TRT001212,15,96,48,132,34,110,34,112,1667,797,1700,833,1686,811,1686,813
TRT001212-TEMP000002,ocean,#1b25a0,1161,TRT001212,10,61,59,100,37,83,37,86,1662,762,1711,801,1689,784,1689,787
TRT001212-TEMP000003,ocean,#1e20a4,1739,TRT001212,3,0,58,49,29,24,30,25,1655,701,1710,750,1681,725,1682,726
TRT001212-TEMP000004,ocean,#172988,1318,TRT001212,0,38,39,90,16,62,15,64,1652,739,1691,791,1668,763,1667,765
TRT001212-TEMP000005,ocean,#371698,1775,TRT001212,36,12,86,73,61,42,60,45,1688,713,1738,774,1713,743,1712,746
TRT001213-TEMP000001,ocean,#091f88,1458,TRT001213,63,8,99,71,84,37,83,37,1620,713,1656,776,1641,742,1640,742
TRT001213-TEMP000002,ocean,#1c2b6d,1220,TRT001213,38,40,84,73,57,58,55,58,1595,745,1641,778,1614,763,1612,763
TRT001213-TEMP000003,ocean,#0015af,1202,TRT001213,29,0,79,39,55,22,55,21,1586,705,1636,744,1612,727,1612,726
TRT001213-TEMP000004,ocean,#192c8b,1323,TRT001213,0,30,38,76,21,57,21,57,1557,735,1595,781,1578,762,1578,762
TRT001214-TEMP000001,ocean,#2e319d,1370,TRT001214,11,58,63,107,34,82,35,80,1551,701,1603,750,1574,725,1575,723
TRT001214-TEMP000002,ocean,#130679,1116,TRT001214,8,0,56,45,35,24,32,25,1548,643,1596,688,1575,667,1572,668
TRT001214-TEMP000003,ocean,#1b3081,1242,TRT001214,34,23,77,74,55,51,55,47,1574,666,1617,717,1595,694,1595,690
TRT001214-TEMP000004,ocean,#2f1e66,1082,TRT001214,0,31,36,77,16,53,15,54,1540,674,1576,720,1556,696,1555,697
TRT001215-TEMP000001,ocean,#330e78,1192,TRT001215,61,0,107,37,82,18,86,18,1620,775,1666,812,1641,793,1645,793
TRT001215-TEMP000002,ocean,#324cb1,1227,TRT001215,45,28,92,65,70,48,74,48,1604,803,1651,840,1629,823,1633,823
TRT001215-TEMP000003,ocean,#0c0895,2057,TRT001215,0,3,64,57,37,24,40,25,1559,778,1623,832,1596,799,1599,800
TRT001215-TEMP000004,ocean,#330c95,915,TRT001215,92,23,127,59,108,45,110,46,1651,798,1686,834,1667,820,1669,821
TRT001216-TEMP000001,ocean,#2a0095,1785,TRT001216,51,25,110,78,77,54,78,53,1738,786,1797,839,1764,815,1765,814
TRT001216-TEMP000002,ocean,#2d1e84,2154,TRT001216,0,42,56,101,27,70,29,69,1687,803,1743,862,1714,831,1716,830
TRT001216-TEMP000003,ocean,#193a79,1518,TRT001216,73,59,114,111,97,86,97,88,1760,820,1801,872,1784,847,1784,849
TRT001216-TEMP000004,ocean,#274865,1622,TRT001216,22,72,78,130,55,98,56,100,1709,833,1765,891,1742,859,1743,861
TRT001216-TEMP000005,ocean,#160f9b,1436,TRT001216,60,102,116,146,88,122,88,122,1747,863,1803,907,1775,883,1775,883
TRT001216-TEMP000006,ocean,#1b488a,1799,TRT001216,14,0,72,51,42,28,42,27,1701,761,1759,812,1729,789,1729,788
TRT001217-TEMP000001,ocean,#3116ac,1382,TRT001217,0,30,61,76,37,48,35,48,1725,752,1786,798,1762,770,1760,770
TRT001217-TEMP000002,ocean,#173899,1481,TRT001217,0,0,53,37,28,18,31,18,1725,722,1778,759,1753,740,1756,740
TRT001217-TEMP000003,ocean,#374c89,2158,TRT001217,50,43,112,100,79,69,79,66,1775,765,1837,822,1804,791,1804,788
TRT001217-TEMP000004,ocean,#032064,1498,TRT001217,52,6,100,44,74,23,74,21,1777,728,1825,766,1799,745,1799,743
TRT001217-TEMP000005,ocean,#1f397b,1769,TRT001217,88,8,130,70,110,37,111,36,1813,730,1855,792,1835,759,1836,758
TRT001218-TEMP000001,ocean,#1d4780,1488,TRT001218,56,94,96,145,77,116,78,118,1905,768,1945,819,1926,790,1927,792
TRT001218-TEMP000002,ocean,#3a3ba4,1190,TRT001218,11,89,64,131,43,108,42,110,1860,763,1913,805,1892,782,1891,784
TRT001218-TEMP000003,ocean,#3b1b81,1836,TRT001218,54,37,96,93,75,70,78,70,1903,711,1945,767,1924,744,1927,744
TRT001218-TEMP000004,ocean,#1d2489,2031,TRT001218,0,59,58,104,27,78,34,80,1849,733,1907,778,1876,752,1883,754
TRT001218-TEMP000005,ocean,#293086,2367,TRT001218,1,0,70,59,36,37,35,39,1850,674,1919,733,1885,711,1884,713
TRT001219-TEMP000001,ocean,#052591,2327,TRT001219,0,31,65,88,32,60,31,61,1802,807,1867,864,1834,836,1833,837
TRT001219-TEMP000002,ocean,#242d69,1729,TRT001219,18,0,81,53,53,27,52,26,1820,776,1883,829,1855,803,1854,802
TRT001219-TEMP000003,ocean,#374d94,1170,TRT001219,0,64,46,114,14,89,13,90,1802,840,1848,890,1816,865,1815,866
TRT001219-TEMP000004,ocean,#1e197a,2263,TRT001219,60,17,136,80,89,48,88,48,1862,793,1938,856,1891,824,1890,824
TRT001220-TEMP000001,ocean,#0e3882,2037,TRT001220,0,2,58,78,32,46,33,44,1741,650,1799,726,1773,694,1774,692
TRT001220-TEMP000002,ocean,#203f7c,1684,TRT001220,76,31,125,84,98,58,98,56,1817,679,1866,732,1839,706,1839,704
TRT001220-TEMP000003,ocean,#2d3284,1928,TRT001220,38,0,102,43,73,18,76,16,1779,648,1843,691,1814,666,1817,664
TRT001220-TEMP000004,ocean,#37237e,1568,TRT001220,97,0,143,52,119,25,121,25,1838,648,1884,700,1860,673,1862,673
TRT001220-TEMP000005,ocean,#0f237b,1452,TRT001220,32,38,84,81,61,64,61,65,1773,686,1825,729,1802,712,1802,713
TRT001221-TEMP000001,ocean,#2a0c66,2393,TRT001221,72,0,126,64,103,31,103,29,1383,1831,1437,1895,1414,1862,1414,1860
TRT001221-TEMP000002,ocean,#0b376e,2539,TRT001221,47,53,113,118,80,84,81,83,1358,1884,1424,1949,1391,1915,1392,1914
TRT001221-TEMP000003,ocean,#0c276b,2157,TRT001221,24,19,83,79,55,45,54,47,1335,1850,1394,1910,1366,1876,1365,1878
TRT001221-TEMP000004,ocean,#2d3c6a,2561,TRT001221,3,85,69,151,30,113,31,114,1314,1916,1380,1982,1341,1944,1342,1945
TRT001221-TEMP000005,ocean,#1c4491,2124,TRT001221,0,33,47,96,19,66,18,67,1311,1864,1358,1927,1330,1897,1329,1898
TRT001222-TEMP000001,ocean,#032093,3168,TRT001222,59,0,115,73,88,38,87,40,1257,1852,1313,1925,1286,1890,1285,1892
TRT001222-TEMP000002,ocean,#04077f,2434,TRT001222,0,13,64,79,39,45,39,45,1198,1865,1262,1931,1237,1897,1237,1897
TRT001222-TEMP000003,ocean,#1e15a4,2338,TRT001222,73,72,120,144,99,110,101,108,1271,1924,1318,1996,1297,1962,1299,1960
TRT001222-TEMP000004,ocean,#011981,2049,TRT001222,34,62,94,124,65,89,65,93,1232,1914,1292,1976,1263,1941,1263,1945
TRT001223-TEMP000001,ocean,#073094,2461,TRT001223,31,0,105,58,65,32,66,32,1295,1730,1369,1788,1329,1762,1330,1762
TRT001223-TEMP000002,ocean,#010d8a,2061,TRT001223,100,46,163,112,125,83,125,82,1364,1776,1427,1842,1389,1813,1389,1812
TRT001223-TEMP000003,ocean,#162ea7,1477,TRT001223,72,85,133,132,98,110,101,110,1336,1815,1397,1862,1362,1840,1365,1840
TRT001223-TEMP000004,ocean,#283f7d,2424,TRT001223,13,82,73,138,43,112,44,114,1277,1812,1337,1868,1307,1842,1308,1844
TRT001223-TEMP000005,ocean,#00127f,2160,TRT001223,44,50,101,109,75,77,75,81,1308,1780,1365,1839,1339,1807,1339,1811
TRT001223-TEMP000006,ocean,#393c7f,2681,TRT001223,0,15,56,90,26,54,27,56,1264,1745,1320,1820,1290,1784,1291,1786
TRT001224-TEMP000001,ocean,#101b9b,2665,TRT001224,0,26,65,96,35,62,36,62,1165,1784,1230,1854,1200,1820,1201,1820
TRT001224-TEMP000002,ocean,#354665,2228,TRT001224,42,0,106,54,80,28,80,27,1207,1758,1271,1812,1245,1786,1245,1785
TRT001224-TEMP000003,ocean,#2c0f74,2333,TRT001224,63,44,113,108,90,75,92,71,1228,1802,1278,1866,1255,1833,1257,1829
TRT001224-TEMP000004,ocean,#1740a4,2706,TRT001224,2,78,85,133,43,104,47,104,1167,1836,1250,1891,1208,1862,1212,1862
TRT001225-TEMP000001,ocean,#192f69,1527,TRT001225,16,40,65,91,41,63,42,63,1854,1819,1903,1870,1879,1842,1880,1842
TRT001225-TEMP000002,ocean,#044d88,1289,TRT001225,41,0,82,47,56,24,59,25,1879,1779,1920,1826,1894,1803,1897,1804
TRT001225-TEMP000003,ocean,#333e9e,1533,TRT001225,0,3,40,52,22,25,23,25,1838,1782,1878,1831,1860,1804,1861,1804
TRT001225-TEMP000004,ocean,#101fac,1016,TRT001225,59,28,101,71,78,49,80,50,1897,1807,1939,1850,1916,1828,1918,1829
TRT001226-TEMP000001,ocean,#244b64,1308,TRT001226,40,4,80,44,59,22,59,23,1797,1879,1837,1919,1816,1897,1816,1898
TRT001226-TEMP000002,ocean,#3605b0,1129,TRT001226,10,33,58,74,39,54,40,55,1767,1908,1815,1949,1796,1929,1797,1930
TRT001226-TEMP000003,ocean,#0a0ab2,1132,TRT001226,54,40,97,80,73,60,73,61,1811,1915,1854,1955,1830,1935,1830,1936
TRT001226-TEMP000004,ocean,#1640a1,1410,TRT001226,76,7,117,55,95,30,94,30,1833,1882,1874,1930,1852,1905,1851,1905
TRT001226-TEMP000005,ocean,#2c2c68,1149,TRT001226,0,0,41,37,23,19,22,19,1757,1875,1798,1912,1780,1894,1779,1894
TRT001227-TEMP000001,ocean,#063fac,1371,TRT001227,0,25,45,74,21,50,20,51,1867,1856,1912,1905,1888,1881,1887,1882
TRT001227-TEMP000002,ocean,#1d4ca6,1322,TRT001227,46,27,101,70,72,48,71,50,1913,1858,1968,1901,1939,1879,1938,1881
TRT001227-TEMP000003,ocean,#151d76,1172,TRT001227,7,55,55,97,33,76,34,77,1874,1886,1922,1928,1900,1907,1901,1908
TRT001227-TEMP000004,ocean,#013774,1408,TRT001227,28,0,88,45,58,23,58,24,1895,1831,1955,1876,1925,1854,1925,1855
TRT001227-TEMP000005,ocean,#1213a0,977,TRT001227,39,70,81,111,60,91,59,93,1906,1901,1948,1942,1927,1922,1926,1924
TRT001227-TEMP000006,ocean,#334f91,999,TRT001227,64,40,108,89,87,66,86,68,1931,1871,1975,1920,1954,1897,1953,1899
TRT001228-TEMP000001,ocean,#0306aa,1406,TRT001228,0,34,38,82,19,59,19,58,1832,1945,1870,1993,1851,1970,1851,1969
TRT001228-TEMP000002,ocean,#39327b,992,TRT001228,11,0,51,47,34,25,34,25,1843,1911,1883,1958,1866,1936,1866,1936
TRT001228-TEMP000003,ocean,#214f85,1233,TRT001228,35,47,78,90,53,66,55,65,1867,1958,1910,2001,1885,1977,1887,1976
TRT001228-TEMP000004,ocean,#3b3bb1,1551,TRT001228,7,79,50,143,27,103,28,102,1839,1990,1882,2054,1859,2014,1860,2013
TRT001228-TEMP000005,ocean,#040883,873,TRT001228,41,8,76,48,58,29,58,30,1873,1919,1908,1959,1890,1940,1890,1941
TRT001228-TEMP000006,ocean,#050b9a,758,TRT001228,64,19,94,62,79,41,80,40,1896,1930,1926,1973,1911,1952,1912,1951
TRT001229-TEMP000001,ocean,#253c75,1182,TRT001229,0,33,43,71,24,53,23,53,1788,1843,1831,1881,1812,1863,1811,1863
TRT001229-TEMP000002,ocean,#2b1390,1683,TRT001229,41,21,84,79,61,52,60,50,1829,1831,1872,1889,1849,1862,1848,1860
TRT001229-TEMP000003,ocean,#1c107f,1278,TRT001229,8,0,64,38,35,18,34,17,1796,1810,1852,1848,1823,1828,1822,1827
TRT001230-TEMP000001,ocean,#2501a2,1108,TRT001230,4,7,50,54,26,35,28,36,1732,1942,1778,1989,1754,1970,1756,1971
TRT001230-TEMP000002,ocean,#0424ab,1442,TRT001230,58,14,107,60,82,37,82,38,1786,1949,1835,1995,1810,1972,1810,1973
TRT001230-TEMP000003,ocean,#283494,1199,TRT001230,63,44,111,86,91,64,92,65,1791,1979,1839,2021,1819,1999,1820,2000
TRT001230-TEMP000004,ocean,#2d43a2,1245,TRT001230,0,43,64,77,36,60,35,61,1728,1978,1792,2012,1764,1995,1763,1996
TRT001230-TEMP000005,ocean,#34289a,629,TRT001230,95,73,128,118,113,94,113,94,1823,2008,1856,2053,1841,2029,1841,2029
TRT001230-TEMP000006,ocean,#142fb0,1147,TRT001230,30,0,77,45,53,20,54,19,1758,1935,1805,1980,1781,1955,1782,1954
TRT001231-TEMP000001,ocean,#1c4c92,2602,TRT001231,87,41,145,119,115,78,115,77,1412,1968,1470,2046,1440,2005,1440,2004
TRT001231-TEMP000002,ocean,#2816ae,2405,TRT001231,16,71,88,131,52,99,52,98,1341,1998,1413,2058,1377,2026,1377,2025
TRT001231-TEMP000003,ocean,#1f4eb3,2804,TRT001231,46,106,112,184,78,140,78,140,1371,2033,1437,2111,1403,2067,1403,2067
TRT001231-TEMP000004,ocean,#0b2ba1,1924,TRT001231,55,0,128,51,91,28,92,27,1380,1927,1453,1978,1416,1955,1417,1954
TRT001231-TEMP000005,ocean,#3a19a7,1825,TRT001231,55,34,104,93,77,62,79,61,1380,1961,1429,2020,1402,1989,1404,1988
TRT001231-TEMP000006,ocean,#004a85,2377,TRT001231,0,24,58,87,31,55,32,54,1325,1951,1383,2014,1356,1982,1357,1981
TRT001232-TEMP000001,ocean,#2412af,2195,TRT001232,41,45,103,108,70,77,70,80,1311,2023,1373,2086,1340,2055,1340,2058
TRT001232-TEMP000002,ocean,#1437a9,1758,TRT001232,70,85,123,133,95,114,95,116,1340,2063,1393,2111,1365,2092,1365,2094
TRT001232-TEMP000003,ocean,#3119aa,1618,TRT001232,12,91,71,133,46,118,46,119,1282,2069,1341,2111,1316,2096,1316,2097
TRT001232-TEMP000004,ocean,#391d97,2294,TRT001232,0,58,44,133,17,94,17,95,1270,2036,1314,2111,1287,2072,1287,2073
TRT001232-TEMP000005,ocean,#160794,2832,TRT001232,6,0,77,72,41,39,41,40,1276,1978,1347,2050,1311,2017,1311,2018
TRT001233-TEMP000001,ocean,#072a6a,2650,TRT001233,103,56,152,126,129,96,130,97,1508,2041,1557,2111,1534,2081,1535,2082
TRT001233-TEMP000002,ocean,#2c268b,3235,TRT001233,40,0,121,76,79,45,80,46,1445,1985,1526,2061,1484,2030,1485,2031
TRT001233-TEMP000003,ocean,#070795,2320,TRT001233,57,74,112,126,85,103,86,104,1462,2059,1517,2111,1490,2088,1491,2089
TRT001233-TEMP000004,ocean,#2346ab,2066,TRT001233,16,47,73,113,46,81,45,85,1421,2032,1478,2098,1451,2066,1450,2070
TRT001233-TEMP000005,ocean,#2720aa,1369,TRT001233,0,88,56,126,27,112,23,114,1405,2073,1461,2111,1432,2097,1428,2099
TRT001234-TEMP000001,ocean,#0c4b9d,2631,TRT001234,0,54,56,122,30,91,30,87,2158,1152,2214,1220,2188,1189,2188,1185
TRT001234-TEMP000002,ocean,#24386d,2417,TRT001234,22,0,75,60,44,28,46,27,2180,1098,2233,1158,2202,1126,2204,1125
TRT001234-TEMP000003,ocean,#300470,2019,TRT001234,55,11,100,71,82,43,84,43,2213,1109,2258,1169,2240,1141,2242,1141
TRT001234-TEMP000004,ocean,#0d056a,2179,TRT001234,47,64,99,117,74,91,73,93,2205,1162,2257,1215,2232,1189,2231,1191
TRT001235-TEMP000001,ocean,#283793,2291,TRT001235,58,39,120,87,88,64,87,63,2238,1017,2300,1065,2268,1042,2267,1041
TRT001235-TEMP000002,ocean,#090a91,2059,TRT001235,9,48,61,91,34,70,32,71,2189,1026,2241,1069,2214,1048,2212,1049
TRT001235-TEMP000003,ocean,#134ca0,2460,TRT001235,57,82,120,132,84,106,84,105,2237,1060,2300,1110,2264,1084,2264,1083
TRT001235-TEMP000004,ocean,#1625ad,2165,TRT001235,9,5,59,51,33,28,34,28,2189,983,2239,1029,2213,1006,2214,1006
TRT001235-TEMP000005,ocean,#3545a5,1816,TRT001235,56,0,105,47,79,24,80,23,2236,978,2285,1025,2259,1002,2260,1001
TRT001235-TEMP000006,ocean,#3b0d96,1919,TRT001235,0,89,58,132,31,108,31,109,2180,1067,2238,1110,2211,1086,2211,1087
TRT001236-TEMP000001,ocean,#2c2a83,2750,TRT001236,69,0,137,54,101,27,100,30,2344,968,2412,1022,2376,995,2375,998
TRT001236-TEMP000002,ocean,#352aa2,1826,TRT001236,10,34,61,97,33,61,34,59,2285,1002,2336,1065,2308,1029,2309,1027
TRT001236-TEMP000003,ocean,#000688,1610,TRT001236,87,44,129,91,108,69,110,70,2362,1012,2404,1059,2383,1037,2385,1038
TRT001236-TEMP000004,ocean,#0c3c96,1788,TRT001236,38,42,90,94,67,73,67,77,2313,1010,2365,1062,2342,1041,2342,1045
TRT001236-TEMP000005,ocean,#043165,2296,TRT001236,0,6,72,46,39,22,41,22,2275,974,2347,1014,2314,990,2316,990
TRT001237-TEMP000001,ocean,#1b156e,2211,TRT001237,25,26,81,98,54,58,52,58,2282,1127,2338,1199,2311,1159,2309,1159
TRT001237-TEMP000002,ocean,#0b319e,2092,TRT001237,1,0,59,54,24,27,24,25,2258,1101,2316,1155,2281,1128,2281,1126
TRT001237-TEMP000003,ocean,#2f1397,2190,TRT001237,0,53,52,109,21,83,19,82,2257,1154,2309,1210,2278,1184,2276,1183
TRT001237-TEMP000004,ocean,#0d3290,1833,TRT001237,61,46,130,94,93,77,92,76,2318,1147,2387,1195,2350,1178,2349,1177
TRT001238-TEMP000001,ocean,#3547a0,1772,TRT001238,45,6,100,58,72,27,75,26,2330,1060,2385,1112,2357,1081,2360,1080
TRT001238-TEMP000002,ocean,#271496,1606,TRT001238,77,0,117,68,101,36,101,39,2362,1054,2402,1122,2386,1090,2386,1093
TRT001238-TEMP000003,ocean,#2d19ac,2576,TRT001238,42,59,102,133,79,88,80,89,2327,1113,2387,1187,2364,1142,2365,1143
TRT001238-TEMP000004,ocean,#071c75,2822,TRT001238,0,9,63,81,33,42,34,42,2285,1063,2348,1135,2318,1096,2319,1096
TRT001239-TEMP000001,ocean,#16068c,1444,TRT001239,68,51,124,101,92,78,92,79,1529,772,1585,822,1553,799,1553,800
TRT001239-TEMP000002,ocean,#0341a3,1604,TRT001239,26,0,81,59,52,36,54,37,1487,721,1542,780,1513,757,1515,758
TRT001239-TEMP000003,ocean,#2b3590,1401,TRT001239,29,49,70,96,50,72,46,71,1490,770,1531,817,1511,793,1507,792
TRT001239-TEMP000004,ocean,#192f95,854,TRT001239,0,45,37,95,22,74,20,75,1461,766,1498,816,1483,795,1481,796
TRT001240-TEMP000001,ocean,#23197d,1025,TRT001240,0,32,33,87,15,61,15,63,1519,858,1552,913,1534,887,1534,889
TRT001240-TEMP000002,ocean,#21436a,1095,TRT001240,15,34,58,69,39,51,37,50,1534,860,1577,895,1558,877,1556,876
TRT001240-TEMP000003,ocean,#262e8b,1472,TRT001240,10,0,67,35,37,19,38,20,1529,826,1586,861,1556,845,1557,846
TRT001240-TEMP000004,ocean,#053b82,1443,TRT001240,54,16,103,73,73,43,73,44,1573,842,1622,899,1592,869,1592,870
TRT001240-TEMP000005,ocean,#2f3272,1257,TRT001240,15,68,65,115,39,87,39,88,1534,894,1584,941,1558,913,1558,914
TRT001241-TEMP000001,ocean,#3a376b,972,TRT001241,83,40,125,74,105,56,103,56,1506,927,1548,961,1528,943,1526,943
TRT001241-TEMP000002,ocean,#3b40aa,1432,TRT001241,51,0,95,44,70,18,72,18,1474,887,1518,931,1493,905,1495,905
TRT001241-TEMP000003,ocean,#150364,903,TRT001241,78,1,119,46,97,29,100,29,1501,888,1542,933,1520,916,1523,916
TRT001241-TEMP000004,ocean,#1306a2,572,TRT001241,80,69,105,112,91,87,91,88,1503,956,1528,999,1514,974,1514,975
TRT001241-TEMP000005,ocean,#38268f,1620,TRT001241,0,0,51,40,30,20,30,20,1423,887,1474,927,1453,907,1453,907
TRT001242-TEMP000001,ocean,#2e219d,1244,TRT001242,38,47,85,84,60,70,57,70,1476,849,1523,886,1498,872,1495,872
TRT001242-TEMP000002,ocean,#0b3ca5,1538,TRT001242,51,16,101,66,77,39,76,41,1489,818,1539,868,1515,841,1514,843
TRT001242-TEMP000003,ocean,#073eae,1300,TRT001242,10,0,61,41,35,21,35,22,1448,802,1499,843,1473,823,1473,824
TRT001242-TEMP000004,ocean,#382f93,922,TRT001242,8,31,52,66,30,49,28,50,1446,833,1490,868,1468,851,1466,852
TRT001242-TEMP000005,ocean,#3338a8,769,TRT001242,0,57,39,84,21,73,20,74,1438,859,1477,886,1459,875,1458,876
TRT001243-TEMP000001,ocean,#3b3185,2458,TRT001243,85,0,147,58,115,31,114,32,1157,1520,1219,1578,1187,1551,1186,1552
TRT001243-TEMP000002,ocean,#38336a,2280,TRT001243,80,51,141,110,116,75,118,75,1152,1571,1213,1630,1188,1595,1190,1595
TRT001243-TEMP000003,ocean,#074589,2766,TRT001243,0,46,79,99,37,75,41,75,1072,1566,1151,1619,1109,1595,1113,1595
TRT001243-TEMP000004,ocean,#04026f,2091,TRT001243,12,92,72,141,44,115,44,116,1084,1612,1144,1661,1116,1635,1116,1636
TRT001243-TEMP000005,ocean,#173393,2399,TRT001243,69,76,139,132,96,106,96,107,1141,1596,1211,1652,1168,1626,1168,1627
TRT001243-TEMP000006,ocean,#312ba2,2467,TRT001243,24,16,86,68,59,38,57,37,1096,1536,1158,1588,1131,1558,1129,1557
TRT001244-TEMP000001,ocean,#310385,1427,TRT001244,0,14,48,68,28,36,26,36,1110,1653,1158,1707,1138,1675,1136,1675
TRT001244-TEMP000002,ocean,#25216a,2501,TRT001244,28,50,96,109,61,75,60,73,1138,1689,1206,1748,1171,1714,1170,1712
TRT001244-TEMP000003,ocean,#024c7a,1635,TRT001244,39,2,87,49,63,26,60,27,1149,1641,1197,1688,1173,1665,1170,1666
TRT001244-TEMP000004,ocean,#1a489f,2513,TRT001244,77,0,122,72,101,38,100,35,1187,1639,1232,1711,1211,1677,1210,1674
TRT001244-TEMP000005,ocean,#223388,3531,TRT001244,61,72,129,151,97,111,97,109,1171,1711,1239,1790,1207,1750,1207,1748
TRT001245-TEMP000001,ocean,#1a38a2,2888,TRT001245,2,0,71,53,32,27,32,28,1214,1520,1283,1573,1244,1547,1244,1548
TRT001245-TEMP000002,ocean,#120264,2372,TRT001245,48,31,101,100,71,67,72,70,1260,1551,1313,1620,1283,1587,1284,1590
TRT001245-TEMP000003,ocean,#141381,1957,TRT001245,0,92,60,129,30,111,28,112,1212,1612,1272,1649,1242,1631,1240,1632
TRT001245-TEMP000004,ocean,#104883,2068,TRT001245,0,48,50,96,24,73,26,76,1212,1568,1262,1616,1236,1593,1238,1596
TRT001245-TEMP000005,ocean,#2f4764,2018,TRT001245,59,81,130,126,91,107,91,109,1271,1601,1342,1646,1303,1627,1303,1629
TRT001246-TEMP000001,ocean,#0f397d,2240,TRT001246,0,12,50,82,21,51,22,55,1227,1648,1277,1718,1248,1687,1249,1691
TRT001246-TEMP000002,ocean,#3645b1,2031,TRT001246,12,9,76,58,51,29,52,29,1239,1645,1303,1694,1278,1665,1279,1665
TRT001246-TEMP000003,ocean,#1a3a6b,2005,TRT001246,76,0,125,60,98,27,100,26,1303,1636,1352,1696,1325,1663,1327,1662
TRT001246-TEMP000004,ocean,#03028f,2110,TRT001246,6,78,65,130,31,101,31,103,1233,1714,1292,1766,1258,1737,1258,1739
TRT001246-TEMP000005,ocean,#3817b3,2418,TRT001246,44,46,104,108,74,76,74,76,1271,1682,1331,1744,1301,1712,1301,1712
TRT001247-TEMP000001,ocean,#331398,1514,TRT001247,0,58,49,111,25,85,24,85,1101,1032,1150,1085,1126,1059,1125,1059
TRT001247-TEMP000002,ocean,#0c2771,1666,TRT001247,60,37,112,90,83,63,84,61,1161,1011,1213,1064,1184,1037,1185,1035
TRT001247-TEMP000003,ocean,#20256c,1794,TRT001247,35,72,87,129,60,101,61,100,1136,1046,1188,1103,1161,1075,1162,1074
TRT001247-TEMP000004,ocean,#0c23a0,1773,TRT001247,14,21,65,75,41,50,42,50,1115,995,1166,1049,1142,1024,1143,1024
TRT001247-TEMP000005,ocean,#0543ad,1826,TRT001247,27,0,90,41,60,18,61,17,1128,974,1191,1015,1161,992,1162,991
TRT001247-TEMP000006,ocean,#292a77,1350,TRT001247,80,12,126,65,103,38,105,38,1181,986,1227,1039,1204,1012,1206,1012
TRT001248-TEMP000001,ocean,#340995,1642,TRT001248,18,0,70,62,48,37,47,36,1126,861,1178,923,1156,898,1155,897
TRT001248-TEMP000002,ocean,#213b9c,1612,TRT001248,60,13,108,66,82,42,81,41,1168,874,1216,927,1190,903,1189,902
TRT001248-TEMP000003,ocean,#172e64,2303,TRT001248,0,53,52,114,29,84,32,83,1108,914,1160,975,1137,945,1140,944
TRT001248-TEMP000004,ocean,#1d03a2,1644,TRT001248,49,61,92,114,67,86,70,85,1157,922,1200,975,1175,947,1178,946
TRT001249-TEMP000001,ocean,#0c2e6f,1430,TRT001249,26,65,76,120,49,89,48,92,1207,957,1257,1012,1230,981,1229,984
TRT001249-TEMP000002,ocean,#1417b2,1251,TRT001249,0,50,42,99,20,75,19,77,1181,942,1223,991,1201,967,1200,969
TRT001249-TEMP000003,ocean,#0b2f78,1964,TRT001249,55,15,103,78,77,46,76,45,1236,907,1284,970,1258,938,1257,937
TRT001249-TEMP000004,ocean,#05246f,2014,TRT001249,15,0,64,66,41,35,40,40,1196,892,1245,958,1222,927,1221,932
TRT001250-TEMP000001,ocean,#2d22a5,1742,TRT001250,71,3,126,52,94,28,95,27,1065,930,1120,979,1088,955,1089,954
TRT001250-TEMP000002,ocean,#2f2d66,1868,TRT001250,22,0,74,55,52,30,52,30,1016,927,1068,982,1046,957,1046,957
TRT001250-TEMP000003,ocean,#181394,1697,TRT001250,43,43,90,89,69,67,67,67,1037,970,1084,1016,1063,994,1061,994
TRT001250-TEMP000004,ocean,#34079b,1824,TRT001250,0,44,48,106,26,77,25,78,994,971,1042,1033,1020,1004,1019,1005
TRT001250-TEMP000005,ocean,#1b2271,2028,TRT001250,90,35,140,93,114,64,113,64,1084,962,1134,1020,1108,991,1107,991
TRT001250-TEMP000006,ocean,#034889,1984,TRT001250,74,85,124,143,98,112,98,112,1068,1012,1118,1070,1092,1039,1092,1039
TRT001250-TEMP000007,ocean,#2a4970,1467,TRT001250,30,84,81,129,60,104,59,104,1024,1011,1075,1056,1054,1031,1053,1031
TRT001251-TEMP000001,ocean,#393da2,1514,TRT001251,0,90,40,147,24,121,23,121,1053,880,1093,937,1077,911,1076,911
TRT001251-TEMP000002,ocean,#11386b,1549,TRT001251,41,99,85,153,58,122,57,121,1094,889,1138,943,1111,912,1110,911
TRT001251-TEMP000003,ocean,#37206d,1602,TRT001251,24,51,76,102,53,82,52,82,1077,841,1129,892,1106,872,1105,872
TRT001251-TEMP000004,ocean,#2c0ba6,1658,TRT001251,68,46,115,106,90,73,91,73,1121,836,1168,896,1143,863,1144,863
TRT001251-TEMP000005,ocean,#320186,1921,TRT001251,55,0,113,58,82,34,82,35,1108,790,1166,848,1135,824,1135,825
TRT001252-TEMP000001,ocean,#231993,1777,TRT001252,5,54,70,110,38,77,38,76,1950,958,2015,1014,1983,981,1983,980
TRT001252-TEMP000002,ocean,#1f1878,1471,TRT001252,25,6,69,62,48,35,48,35,1970,910,2014,966,1993,939,1993,939
TRT001252-TEMP000003,ocean,#0c0980,1248,TRT001252,0,21,35,76,16,48,15,47,1945,925,1980,980,1961,952,1960,951
TRT001252-TEMP000004,ocean,#2e1e6f,1442,TRT001252,54,0,97,63,75,29,75,28,1999,904,2042,967,2020,933,2020,932
TRT001253-TEMP000001,ocean,#19099c,1448,TRT001253,10,14,55,62,30,42,30,42,1854,931,1899,979,1874,959,1874,959
TRT001253-TEMP000002,ocean,#2b228c,1568,TRT001253,45,37,104,84,69,60,70,60,1889,954,1948,1001,1913,977,1914,977
TRT001253-TEMP000003,ocean,#34236b,1491,TRT001253,15,0,76,38,48,15,49,15,1859,917,1920,955,1892,932,1893,932
TRT001253-TEMP000004,ocean,#0b009d,1380,TRT001253,62,1,104,58,85,31,86,31,1906,918,1948,975,1929,948,1930,948
TRT001253-TEMP000005,ocean,#012785,1499,TRT001253,0,60,53,103,25,80,25,80,1844,977,1897,1020,1869,997,1869,997
TRT001254-TEMP000001,ocean,#104c7d,1208,TRT001254,0,21,50,64,27,42,27,42,1855,1002,1905,1045,1882,1023,1882,1023
TRT001254-TEMP000002,ocean,#2f377c,1248,TRT001254,32,37,77,88,54,61,54,60,1887,1018,1932,1069,1909,1042,1909,1041
TRT001254-TEMP000003,ocean,#3043a9,1535,TRT001254,45,0,98,49,73,25,71,25,1900,981,1953,1030,1928,1006,1926,1006
TRT001254-TEMP000004,ocean,#382ba5,1500,TRT001254,56,50,108,100,81,77,80,77,1911,1031,1963,1081,1936,1058,1935,1058
TRT001254-TEMP000005,ocean,#271bad,1885,TRT001254,83,5,133,68,107,38,106,37,1938,986,1988,1049,1962,1019,1961,1018
TRT001255-TEMP000001,ocean,#352e7d,1177,TRT001255,44,48,91,95,64,73,66,72,1965,876,2012,923,1985,901,1987,900
TRT001255-TEMP000002,ocean,#3413a7,1293,TRT001255,8,28,65,70,41,49,41,49,1929,856,1986,898,1962,877,1962,877
TRT001255-TEMP000003,ocean,#2c26a9,1770,TRT001255,0,54,49,109,24,82,25,82,1921,882,1970,937,1945,910,1946,910
TRT001255-TEMP000004,ocean,#28376d,1049,TRT001255,9,0,51,52,26,26,26,26,1930,828,1972,880,1947,854,1947,854
TRT001256-TEMP000001,ocean,#392587,1322,TRT001256,0,38,42,98,27,64,26,65,1821,859,1863,919,1848,885,1847,886
TRT001256-TEMP000002,ocean,#364e67,1913,TRT001256,40,31,76,98,56,66,56,66,1861,852,1897,919,1877,887,1877,887
TRT001256-TEMP000003,ocean,#330b97,1878,TRT001256,60,0,123,51,94,28,94,28,1881,821,1944,872,1915,849,1915,849
TRT001256-TEMP000004,ocean,#392679,1563,TRT001256,65,49,110,98,87,73,88,72,1886,870,1931,919,1908,894,1909,893
TRT001257-TEMP000001,ocean,#0b3c83,1002,TRT001257,24,0,78,37,54,19,56,18,1787,880,1841,917,1817,899,1819,898
TRT001257-TEMP000002,ocean,#0c33a1,1610,TRT001257,43,56,95,101,70,77,71,75,1806,936,1858,981,1833,957,1834,955
TRT001257-TEMP000003,ocean,#14117c,2171,TRT001257,2,69,48,134,23,98,23,95,1765,949,1811,1014,1786,978,1786,975
TRT001257-TEMP000004,ocean,#371286,1269,TRT001257,26,20,61,73,42,47,42,44,1789,900,1824,953,1805,927,1805,924
TRT001257-TEMP000005,ocean,#2b1e9f,1061,TRT001257,61,21,95,64,79,44,80,43,1824,901,1858,944,1842,924,1843,923
TRT001257-TEMP000006,ocean,#390681,1403,TRT001257,0,18,30,72,14,47,14,46,1763,898,1793,952,1777,927,1777,926
TRT001257-TEMP000007,ocean,#301c68,1828,TRT001257,29,90,90,138,62,114,61,113,1792,970,1853,1018,1825,994,1824,993
TRT001258-TEMP000001,ocean,#362988,1636,TRT001258,0,83,63,131,35,100,34,102,1993,604,2056,652,2028,621,2027,623
TRT001258-TEMP000002,ocean,#1d18b2,2024,TRT001258,50,35,98,95,70,67,69,64,2043,556,2091,616,2063,588,2062,585
TRT001258-TEMP000003,ocean,#212994,2889,TRT001258,85,40,141,114,118,79,117,84,2078,561,2134,635,2111,600,2110,605
TRT001258-TEMP000004,ocean,#23259b,2281,TRT001258,38,95,90,166,67,127,66,126,2031,616,2083,687,2060,648,2059,647
TRT001258-TEMP000005,ocean,#0e4f7a,1622,TRT001258,1,25,50,85,34,62,32,65,1994,546,2043,606,2027,583,2025,586
TRT001258-TEMP000006,ocean,#040175,2433,TRT001258,45,0,135,59,83,31,87,32,2038,521,2128,580,2076,552,2080,553
TRT001258-TEMP000007,ocean,#01198c,1954,TRT001258,79,104,136,159,107,129,105,132,2072,625,2129,680,2100,650,2098,653
TRT001259-TEMP000001,ocean,#211f9a,2126,TRT001259,47,28,102,86,78,61,78,61,1947,497,2002,555,1978,530,1978,530
TRT001259-TEMP000002,ocean,#0e1b95,2223,TRT001259,95,32,148,103,118,65,118,65,1995,501,2048,572,2018,534,2018,534
TRT001259-TEMP000003,ocean,#370a74,2859,TRT001259,43,87,116,142,80,113,80,112,1943,556,2016,611,1980,582,1980,581
TRT001259-TEMP000004,ocean,#193870,2291,TRT001259,24,0,97,58,56,30,56,29,1924,469,1997,527,1956,499,1956,498
TRT001259-TEMP000005,ocean,#0e3f80,2758,TRT001259,0,49,62,122,32,85,31,85,1900,518,1962,591,1932,554,1931,554
TRT001260-TEMP000001,ocean,#194c81,2166,TRT001260,24,0,97,57,55,31,58,31,1884,565,1957,622,1915,596,1918,596
TRT001260-TEMP000002,ocean,#2a25a2,2115,TRT001260,0,35,50,100,26,69,26,69,1860,600,1910,665,1886,634,1886,634
TRT001260-TEMP000003,ocean,#272181,2205,TRT001260,51,38,109,102,78,68,75,71,1911,603,1969,667,1938,633,1935,636
TRT001260-TEMP000004,ocean,#394b9a,1698,TRT001260,18,82,77,141,49,108,48,110,1878,647,1937,706,1909,673,1908,675
TRT001261-TEMP000001,ocean,#090e9a,2277,TRT001261,0,46,51,127,26,86,26,86,1917,655,1968,736,1943,695,1943,695
TRT001261-TEMP000002,ocean,#1a4166,2850,TRT001261,66,27,142,98,102,66,99,65,1983,636,2059,707,2019,675,2016,674
TRT001261-TEMP000003,ocean,#3a3b81,2720,TRT001261,29,0,101,62,64,31,63,29,1946,609,2018,671,1981,640,1980,638
TRT001261-TEMP000004,ocean,#12308f,2020,TRT001261,33,61,92,125,60,93,59,94,1950,670,2009,734,1977,702,1976,703
TRT001262-TEMP000001,ocean,#120077,1613,TRT001262,0,21,44,77,23,49,23,48,1828,500,1872,556,1851,528,1851,527
TRT001262-TEMP000002,ocean,#393b93,1321,TRT001262,63,4,107,46,84,21,84,21,1891,483,1935,525,1912,500,1912,500
TRT001262-TEMP000003,ocean,#1a469c,1358,TRT001262,43,29,88,75,64,52,64,52,1871,508,1916,554,1892,531,1892,531
TRT001262-TEMP000004,ocean,#150d97,1431,TRT001262,15,0,65,39,42,16,44,15,1843,479,1893,518,1870,495,1872,494
TRT001262-TEMP000005,ocean,#3a29a8,1357,TRT001262,24,62,74,109,50,84,50,84,1852,541,1902,588,1878,563,1878,563
TRT001263-TEMP000001,ocean,#20328d,1081,TRT001263,61,50,101,86,82,68,83,70,1814,585,1854,621,1835,603,1836,605
TRT001263-TEMP000002,ocean,#334b9e,1695,TRT001263,26,0,78,51,53,25,53,25,1779,535,1831,586,1806,560,1806,560
TRT001263-TEMP000003,ocean,#022b76,1213,TRT001263,32,52,69,109,53,78,52,78,1785,587,1822,644,1806,613,1805,613
TRT001263-TEMP000004,ocean,#0d2c64,1313,TRT001263,0,78,53,114,26,96,26,97,1753,613,1806,649,1779,631,1779,632
TRT001263-TEMP000005,ocean,#3a4072,1234,TRT001263,5,31,50,78,28,59,27,60,1758,566,1803,613,1781,594,1780,595
TRT001263-TEMP000006,ocean,#0b168e,1387,TRT001263,64,5,113,53,86,34,86,35,1817,540,1866,588,1839,569,1839,570
TRT001263-TEMP000007,ocean,#1a289b,1307,TRT001263,54,86,112,114,84,100,82,101,1807,621,1865,649,1837,635,1835,636
TRT001263-TEMP000008,ocean,#3b4286,1289,TRT001263,97,38,135,97,113,65,113,66,1850,573,1888,632,1866,600,1866,601
TRT001264-TEMP000001,ocean,#083d9f,1261,TRT001264,20,0,72,36,46,21,47,20,1858,375,1910,411,1884,396,1885,395
TRT001264-TEMP000002,ocean,#1c45a1,1119,TRT001264,26,35,75,74,47,55,45,53,1864,410,1913,449,1885,430,1883,428
TRT001264-TEMP000003,ocean,#330a72,2071,TRT001264,58,53,105,113,81,84,80,83,1896,428,1943,488,1919,459,1918,458
TRT001264-TEMP000004,ocean,#0e4c9f,1318,TRT001264,9,71,62,107,39,91,38,91,1847,446,1900,482,1877,466,1876,466
TRT001264-TEMP000005,ocean,#0d26ac,859,TRT001264,0,29,32,83,17,58,17,58,1838,404,1870,458,1855,433,1855,433
TRT001265-TEMP000001,ocean,#012793,834,TRT001265,85,0,142,36,119,12,119,13,1805,385,1862,421,1839,397,1839,398
TRT001265-TEMP000002,ocean,#3a0b70,1011,TRT001265,0,1,86,43,51,15,51,15,1720,386,1806,428,1771,400,1771,400
TRT001265-TEMP000003,ocean,#1535a2,2134,TRT001265,73,11,130,73,103,42,101,43,1793,396,1850,458,1823,427,1821,428
TRT001266-TEMP000001,ocean,#14319e,1563,TRT001266,62,8,116,58,91,31,92,31,1797,468,1851,518,1826,491,1827,491
TRT001266-TEMP000002,ocean,#0b0aa3,1388,TRT001266,0,18,57,67,29,39,30,40,1735,478,1792,527,1764,499,1765,500
TRT001266-TEMP000003,ocean,#0b2d87,1737,TRT001266,40,34,98,83,68,61,69,62,1775,494,1833,543,1803,521,1804,522
TRT001266-TEMP000004,ocean,#3744a2,689,TRT001266,17,0,66,37,44,17,45,17,1752,460,1801,497,1779,477,1780,477
TRT001267-TEMP000001,ocean,#351493,1328,TRT001267,71,72,121,117,96,92,95,94,1727,555,1777,600,1752,575,1751,577
TRT001267-TEMP000002,ocean,#382c7a,1344,TRT001267,53,34,99,77,76,54,76,53,1709,517,1755,560,1732,537,1732,536
TRT001267-TEMP000003,ocean,#1a2895,1320,TRT001267,28,58,76,107,54,82,52,80,1684,541,1732,590,1710,565,1708,563
TRT001267-TEMP000004,ocean,#1b23aa,1193,TRT001267,0,39,54,80,30,58,31,57,1656,522,1710,563,1686,541,1687,540
TRT001267-TEMP000005,ocean,#04249d,1152,TRT001267,55,95,106,141,81,115,79,115,1711,578,1762,624,1737,598,1735,598
TRT001267-TEMP000006,ocean,#073b8e,1373,TRT001267,92,30,133,85,111,59,111,60,1748,513,1789,568,1767,542,1767,543
TRT001267-TEMP000007,ocean,#2a2a90,1340,TRT001267,49,0,102,41,73,22,73,22,1705,483,1758,524,1729,505,1729,505
TRT001268-TEMP000001,ocean,#2c4389,2028,TRT001268,78,12,134,65,102,42,105,43,1090,1067,1146,1120,1114,1097,1117,1098
TRT001268-TEMP000002,ocean,#071897,3294,TRT001268,22,0,81,80,56,43,57,46,1034,1055,1093,1135,1068,1098,1069,1101
TRT001268-TEMP000003,ocean,#2a1a72,2107,TRT001268,70,65,131,117,100,88,103,88,1082,1120,1143,1172,1112,1143,1115,1143
TRT001268-TEMP000004,ocean,#2a3c8d,1657,TRT001268,118,41,168,93,142,67,144,68,1130,1096,1180,1148,1154,1122,1156,1123
TRT001268-TEMP000005,ocean,#0d428d,2364,TRT001268,0,59,52,135,25,96,24,98,1012,1114,1064,1190,1037,1151,1036,1153
TRT001268-TEMP000006,ocean,#00257b,2389,TRT001268,31,79,93,144,61,113,61,113,1043,1134,1105,1199,1073,1168,1073,1168
TRT001269-TEMP000001,ocean,#0c26b1,2014,TRT001269,35,74,83,140,63,108,60,111,984,1257,1032,1323,1012,1291,1009,1294
TRT001269-TEMP000002,ocean,#3a1a6e,3774,TRT001269,42,0,121,81,83,42,81,44,991,1183,1070,1264,1032,1225,1030,1227
TRT001269-TEMP000003,ocean,#36428c,2638,TRT001269,79,80,150,147,104,115,102,113,1028,1263,1099,1330,1053,1298,1051,1296
TRT001269-TEMP000004,ocean,#1e3881,1948,TRT001269,0,56,59,122,33,93,31,94,949,1239,1008,1305,982,1276,980,1277
TRT001269-TEMP000005,ocean,#1d48a1,2407,TRT001269,89,32,157,113,124,77,125,75,1038,1215,1106,1296,1073,1260,1074,1258
TRT001270-TEMP000001,ocean,#330793,1979,TRT001270,67,21,122,89,98,54,99,53,969,1160,1024,1228,1000,1193,1001,1192
TRT001270-TEMP000002,ocean,#082e75,3145,TRT001270,0,98,71,165,33,136,35,134,902,1237,973,1304,935,1275,937,1273
TRT001270-TEMP000003,ocean,#0618a8,3165,TRT001270,21,55,92,119,56,86,57,83,923,1194,994,1258,958,1225,959,1222
TRT001270-TEMP000004,ocean,#100db0,2060,TRT001270,21,0,66,69,41,37,41,36,923,1139,968,1208,943,1176,943,1175
TRT001270-TEMP000005,ocean,#2c1c7e,1579,TRT001270,48,0,112,51,76,24,76,23,950,1139,1014,1190,978,1163,978,1162
TRT001271-TEMP000001,ocean,#110cac,2387,TRT001271,18,0,88,62,54,25,56,26,957,1022,1027,1084,993,1047,995,1048
TRT001271-TEMP000002,ocean,#0d2f9e,2603,TRT001271,41,61,96,131,65,96,64,96,980,1083,1035,1153,1004,1118,1003,1118
TRT001271-TEMP000003,ocean,#2c0ead,2326,TRT001271,1,10,55,77,24,52,23,53,940,1032,994,1099,963,1074,962,1075
TRT001271-TEMP000004,ocean,#1a1ba4,2331,TRT001271,63,14,122,84,93,48,94,49,1002,1036,1061,1106,1032,1070,1033,1071
TRT001271-TEMP000005,ocean,#0f1b85,1880,TRT001271,0,78,49,130,24,100,23,101,939,1100,988,1152,963,1122,962,1123
TRT001272-TEMP000001,ocean,#234f9a,2103,TRT001272,74,38,133,102,106,68,108,68,1139,1172,1198,1236,1171,1202,1173,1202
TRT001272-TEMP000002,ocean,#361965,2640,TRT001272,55,0,131,60,94,30,94,31,1120,1134,1196,1194,1159,1164,1159,1165
TRT001272-TEMP000003,ocean,#0c3679,2432,TRT001272,48,72,112,143,80,106,77,106,1113,1206,1177,1277,1145,1240,1142,1240
TRT001272-TEMP000004,ocean,#322b9c,3178,TRT001272,0,34,73,101,39,70,39,69,1065,1168,1138,1235,1104,1204,1104,1203
TRT001272-TEMP000005,ocean,#1b438e,2104,TRT001272,16,99,79,159,46,128,46,130,1081,1233,1144,1293,1111,1262,1111,1264
TRT001273-TEMP000001,ocean,#2e4e6c,2600,TRT001273,0,54,61,103,32,80,31,81,2291,455,2352,504,2323,481,2322,482
TRT001273-TEMP000002,ocean,#123e8e,1909,TRT001273,58,68,128,108,89,89,88,90,2349,469,2419,509,2380,490,2379,491
TRT001273-TEMP000003,ocean,#323e71,2237,TRT001273,30,0,92,58,60,24,57,23,2321,401,2383,459,2351,425,2348,424
TRT001273-TEMP000004,ocean,#013488,2181,TRT001273,58,22,129,80,94,57,93,58,2349,423,2420,481,2385,458,2384,459
TRT001273-TEMP000005,ocean,#2f1094,1831,TRT001273,4,0,47,61,23,32,22,34,2295,401,2338,462,2314,433,2313,435
TRT001274-TEMP000001,ocean,#21266e,1670,TRT001274,34,111,93,150,64,133,62,134,2198,346,2257,385,2228,368,2226,369
TRT001274-TEMP000002,ocean,#1e047a,1750,TRT001274,16,88,54,151,30,118,30,116,2180,323,2218,386,2194,353,2194,351
TRT001274-TEMP000003,ocean,#331998,1866,TRT001274,0,30,54,89,24,61,23,61,2164,265,2218,324,2188,296,2187,296
TRT001274-TEMP000004,ocean,#0a259d,2166,TRT001274,35,56,96,111,65,86,65,88,2199,291,2260,346,2229,321,2229,323
TRT001274-TEMP000005,ocean,#2a2c72,2546,TRT001274,8,0,84,59,46,30,45,31,2172,235,2248,294,2210,265,2209,266
TRT001274-TEMP000006,ocean,#280d79,2354,TRT001274,80,86,133,146,107,115,107,115,2244,321,2297,381,2271,350,2271,350
TRT001274-TEMP000007,ocean,#394197,2855,TRT001274,71,26,138,87,105,59,104,59,2235,261,2302,322,2269,294,2268,294
TRT001275-TEMP000001,ocean,#191b7f,2161,TRT001275,46,0,87,64,66,32,67,32,2229,382,2270,446,2249,414,2250,414
TRT001275-TEMP000002,ocean,#2f3a85,2707,TRT001275,63,55,116,119,88,86,88,86,2246,437,2299,501,2271,468,2271,468
TRT001275-TEMP000003,ocean,#081ab2,1861,TRT001275,81,0,119,61,100,29,101,29,2264,382,2302,443,2283,411,2284,411
TRT001275-TEMP000004,ocean,#183ba5,2538,TRT001275,15,56,62,112,39,85,38,86,2198,438,2245,494,2222,467,2221,468
TRT001275-TEMP000005,ocean,#051185,2114,TRT001275,0,4,49,60,28,29,28,30,2183,386,2232,442,2211,411,2211,412
TRT001276-TEMP000001,ocean,#1c328d,2024,TRT001276,68,24,131,76,99,49,100,48,2355,304,2418,356,2386,329,2387,328
TRT001276-TEMP000002,ocean,#0e0d65,2055,TRT001276,52,52,111,116,78,80,80,80,2339,332,2398,396,2365,360,2367,360
TRT001276-TEMP000003,ocean,#04416c,2754,TRT001276,10,0,73,64,39,32,41,33,2297,280,2360,344,2326,312,2328,313
TRT001276-TEMP000004,ocean,#363dac,1806,TRT001276,11,75,78,120,46,105,47,104,2298,355,2365,400,2333,385,2334,384
TRT001276-TEMP000005,ocean,#2217b0,2065,TRT001276,0,46,51,113,21,77,21,77,2287,326,2338,393,2308,357,2308,357
TRT001277-TEMP000001,ocean,#2b4794,2238,TRT001277,0,33,55,101,32,69,33,65,2363,357,2418,425,2395,393,2396,389
TRT001277-TEMP000002,ocean,#220282,1798,TRT001277,55,43,94,99,76,69,77,67,2418,367,2457,423,2439,393,2440,391
TRT001277-TEMP000003,ocean,#250a6f,2754,TRT001277,23,84,94,154,61,113,59,111,2386,408,2457,478,2424,437,2422,435
TRT001277-TEMP000004,ocean,#2a3aa1,1688,TRT001277,37,0,87,48,65,26,66,24,2400,324,2450,372,2428,350,2429,348
TRT001278-TEMP000001,ocean,#082db1,1252,TRT001278,43,37,92,76,67,54,68,55,1642,962,1691,1001,1666,979,1667,980
TRT001278-TEMP000002,ocean,#1145a9,1167,TRT001278,4,60,51,113,25,84,28,81,1603,985,1650,1038,1624,1009,1627,1006
TRT001278-TEMP000003,ocean,#230a77,1287,TRT001278,41,0,85,41,64,22,64,24,1640,925,1684,966,1663,947,1663,949
TRT001278-TEMP000004,ocean,#351f66,1220,TRT001278,0,16,50,59,30,39,29,38,1599,941,1649,984,1629,964,1628,963
TRT001278-TEMP000005,ocean,#274bb1,784,TRT001278,0,41,32,88,12,62,12,65,1599,966,1631,1013,1611,987,1611,990
TRT001279-TEMP000001,ocean,#011073,705,TRT001279,46,0,83,38,64,21,62,21,1605,865,1642,903,1623,886,1621,886
TRT001279-TEMP000002,ocean,#1f12a2,1338,TRT001279,68,32,118,79,89,55,89,54,1627,897,1677,944,1648,920,1648,919
TRT001279-TEMP000003,ocean,#1f0c8e,1085,TRT001279,0,31,39,84,22,59,22,57,1559,896,1598,949,1581,924,1581,922
TRT001279-TEMP000004,ocean,#312482,1171,TRT001279,31,26,72,69,53,47,54,48,1590,891,1631,934,1612,912,1613,913
TRT001279-TEMP000005,ocean,#004c6b,1154,TRT001279,18,62,74,98,45,79,44,79,1577,927,1633,963,1604,944,1603,944
TRT001280-TEMP000001,ocean,#06087a,1141,TRT001280,28,33,69,72,50,53,52,51,1704,917,1745,956,1726,937,1728,935
TRT001280-TEMP000002,ocean,#234295,1739,TRT001280,6,55,47,120,27,84,26,80,1682,939,1723,1004,1703,968,1702,964
TRT001280-TEMP000003,ocean,#0c3894,940,TRT001280,63,20,88,71,77,46,78,46,1739,904,1764,955,1753,930,1754,930
TRT001280-TEMP000004,ocean,#091775,1175,TRT001280,30,0,81,34,55,17,56,16,1706,884,1757,918,1731,901,1732,900
TRT001280-TEMP000005,ocean,#26129a,1495,TRT001280,39,67,91,111,65,87,65,89,1715,951,1767,995,1741,971,1741,973
TRT001280-TEMP000006,ocean,#3627ae,700,TRT001280,60,90,91,125,80,109,81,111,1736,974,1767,1009,1756,993,1757,995
TRT001280-TEMP000007,ocean,#0a0592,1494,TRT001280,0,3,42,56,20,33,21,31,1676,887,1718,940,1696,917,1697,915
TRT001281-TEMP000001,ocean,#1328ab,1134,TRT001281,51,45,98,83,74,62,75,62,1555,978,1602,1016,1578,995,1579,995
TRT001281-TEMP000002,ocean,#24188c,748,TRT001281,67,67,109,113,90,88,91,88,1571,1000,1613,1046,1594,1021,1595,1021
TRT001281-TEMP000003,ocean,#27449c,773,TRT001281,65,17,98,56,81,37,83,37,1569,950,1602,989,1585,970,1587,970
TRT001281-TEMP000004,ocean,#0e1d6c,1480,TRT001281,24,0,71,54,50,27,52,28,1528,933,1575,987,1554,960,1556,961
TRT001281-TEMP000005,ocean,#082cb3,1271,TRT001281,15,61,68,102,43,84,45,83,1519,994,1572,1035,1547,1017,1549,1016
TRT001281-TEMP000006,ocean,#070188,1400,TRT001281,0,32,50,87,25,61,25,60,1504,965,1554,1020,1529,994,1529,993
TRT001282-TEMP000001,ocean,#0837b2,1715,TRT001282,0,0,79,41,46,14,45,13,1620,835,1699,876,1666,849,1665,848
TRT001282-TEMP000002,ocean,#2b076d,750,TRT001282,29,53,73,79,50,63,52,57,1649,888,1693,914,1670,898,1672,892
TRT001282-TEMP000003,ocean,#113c69,1171,TRT001282,1,24,62,66,27,41,23,41,1621,859,1682,901,1647,876,1643,876
TRT001283-TEMP000001,ocean,#31228b,2204,TRT001283,62,0,117,53,92,30,91,31,969,802,1024,855,999,832,998,833
TRT001283-TEMP000002,ocean,#1d1186,2009,TRT001283,66,52,119,102,91,74,92,75,973,854,1026,904,998,876,999,877
TRT001283-TEMP000003,ocean,#24007c,1489,TRT001283,0,57,66,101,38,77,40,78,907,859,973,903,945,879,947,880
TRT001283-TEMP000004,ocean,#131771,1218,TRT001283,71,81,123,126,105,104,106,105,978,883,1030,928,1012,906,1013,907
TRT001283-TEMP000005,ocean,#2401ae,1335,TRT001283,22,26,76,73,53,51,49,53,929,828,983,875,960,853,956,855
TRT001284-TEMP000001,ocean,#172b8f,1864,TRT001284,0,46,57,100,31,77,32,77,857,786,914,840,888,817,889,817
TRT001284-TEMP000002,ocean,#364692,1826,TRT001284,39,22,95,72,69,50,71,50,896,762,952,812,926,790,928,790
TRT001284-TEMP000003,ocean,#11128e,1551,TRT001284,77,0,135,48,103,27,104,27,934,740,992,788,960,767,961,767
TRT001284-TEMP000004,ocean,#254a97,1684,TRT001284,91,37,144,90,115,62,115,63,948,777,1001,830,972,802,972,803
TRT001284-TEMP000005,ocean,#381973,1744,TRT001284,7,96,65,137,35,115,36,115,864,836,922,877,892,855,893,855
TRT001284-TEMP000006,ocean,#133386,1714,TRT001284,51,71,105,120,75,92,76,93,908,811,962,860,932,832,933,833
TRT001285-TEMP000001,ocean,#193789,1693,TRT001285,4,85,43,149,20,113,20,114,1027,874,1066,938,1043,902,1043,903
TRT001285-TEMP000002,ocean,#2e1a88,1934,TRT001285,0,30,46,85,21,54,21,56,1023,819,1069,874,1044,843,1044,845
TRT001285-TEMP000003,ocean,#1e3092,1359,TRT001285,22,50,74,103,47,76,48,78,1045,839,1097,892,1070,865,1071,867
TRT001285-TEMP000004,ocean,#103ca5,1685,TRT001285,41,0,105,68,72,39,71,39,1064,789,1128,857,1095,828,1094,828
TRT001287-TEMP000001,ocean,#2c137c,1736,TRT001287,0,0,73,43,36,23,37,22,956,705,1029,748,992,728,993,727
TRT001287-TEMP000002,ocean,#201272,1548,TRT001287,10,28,75,72,45,49,44,49,966,733,1031,777,1001,754,1000,754
TRT001286-TEMP000001,ocean,#34478e,1716,TRT001286,87,76,136,127,110,100,111,101,965,951,1014,1002,988,975,989,976
TRT001286-TEMP000002,ocean,#37189d,1469,TRT001286,81,23,131,77,105,51,107,52,959,898,1009,952,983,926,985,927
TRT001286-TEMP000003,ocean,#273aa5,1871,TRT001286,52,21,97,87,75,58,75,61,930,896,975,962,953,933,953,936
TRT001286-TEMP000004,ocean,#351caa,1833,TRT001286,39,84,90,139,65,109,66,110,917,959,968,1014,943,984,944,985
TRT001286-TEMP000005,ocean,#012f88,1473,TRT001286,19,47,62,101,41,70,40,71,897,922,940,976,919,945,918,946
TRT001286-TEMP000006,ocean,#2f168f,2493,TRT001286,0,0,76,48,35,23,37,24,878,875,954,923,913,898,915,899
TRT001286-TEMP000007,ocean,#2f2e9c,1276,TRT001286,114,46,161,96,136,69,137,70,992,921,1039,971,1014,944,1015,945
TRT001286-TEMP000008,ocean,#3030a4,1458,TRT001286,68,113,123,151,95,135,95,135,946,988,1001,1026,973,1010,973,1010
TRT001288-TEMP000001,ocean,#271989,1188,TRT001288,0,77,45,128,22,104,21,103,994,754,1039,805,1016,781,1015,780
TRT001288-TEMP000002,ocean,#151d7d,1907,TRT001288,13,104,91,143,51,128,41,126,1007,781,1085,820,1045,805,1035,803
TRT001288-TEMP000003,ocean,#2a1084,1674,TRT001288,23,0,90,73,52,36,48,30,1017,677,1084,750,1046,713,1042,707
TRT001288-TEMP000004,ocean,#16416d,2079,TRT001288,69,64,132,141,100,101,96,115,1063,741,1126,818,1094,778,1090,792
TRT001288-TEMP000005,ocean,#1a4470,812,TRT001288,37,74,86,122,56,97,64,89,1031,751,1080,799,1050,774,1058,766
TRT001289-TEMP000001,ocean,#341c8b,1294,TRT001289,0,33,41,74,20,56,19,56,1900,232,1941,273,1920,255,1919,255
TRT001289-TEMP000002,ocean,#142591,1306,TRT001289,10,0,56,46,33,24,33,24,1910,199,1956,245,1933,223,1933,223
TRT001289-TEMP000003,ocean,#36379e,1377,TRT001289,39,44,89,82,63,64,61,63,1939,243,1989,281,1963,263,1961,262
TRT001289-TEMP000004,ocean,#10239c,1048,TRT001289,48,18,89,59,70,39,70,38,1948,217,1989,258,1970,238,1970,237
TRT001290-TEMP000001,ocean,#07268a,666,TRT001290,0,10,30,50,14,34,13,35,1892,278,1922,318,1906,302,1905,303
TRT001290-TEMP000002,ocean,#093795,981,TRT001290,23,31,66,65,43,49,41,50,1915,299,1958,333,1935,317,1933,318
TRT001290-TEMP000003,ocean,#3b13a6,1055,TRT001290,8,0,56,35,32,17,32,18,1900,268,1948,303,1924,285,1924,286
TRT001290-TEMP000004,ocean,#310fb3,1498,TRT001290,50,8,92,54,72,29,71,30,1942,276,1984,322,1964,297,1963,298
TRT001291-TEMP000001,ocean,#21228a,1259,TRT001291,0,0,36,45,18,23,18,24,1981,271,2017,316,1999,294,1999,295
TRT001291-TEMP000002,ocean,#362fac,1229,TRT001291,36,6,76,41,53,24,53,25,2017,277,2057,312,2034,295,2034,296
TRT001291-TEMP000003,ocean,#180369,990,TRT001291,39,42,80,76,56,56,54,58,2020,313,2061,347,2037,327,2035,329
TRT001291-TEMP000004,ocean,#17148f,1435,TRT001291,68,9,115,60,88,35,87,35,2049,280,2096,331,2069,306,2068,306
TRT001291-TEMP000005,ocean,#170c98,1019,TRT001291,3,40,40,81,26,58,25,59,1984,311,2021,352,2007,329,2006,330
TRT001292-TEMP000001,ocean,#103476,1546,TRT001292,34,51,90,94,63,74,62,73,2023,243,2079,286,2052,266,2051,265
TRT001292-TEMP000002,ocean,#204ba7,1613,TRT001292,12,0,64,53,41,27,43,27,2001,192,2053,245,2030,219,2032,219
TRT001292-TEMP000003,ocean,#0b2eac,898,TRT001292,53,33,94,71,76,51,78,48,2042,225,2083,263,2065,243,2067,240
TRT001292-TEMP000004,ocean,#15307a,1808,TRT001292,0,29,43,84,19,59,18,58,1989,221,2032,276,2008,251,2007,250
TRT001292-TEMP000005,ocean,#343bb1,408,TRT001292,63,19,94,45,80,33,84,32,2052,211,2083,237,2069,225,2073,224
TRT001293-TEMP000001,ocean,#35369e,1703,TRT001293,34,8,83,78,60,42,61,38,1928,323,1977,393,1954,357,1955,353
TRT001293-TEMP000002,ocean,#032380,489,TRT001293,0,47,44,75,19,60,26,62,1894,362,1938,390,1913,375,1920,377
TRT001293-TEMP000003,ocean,#180468,1512,TRT001293,66,0,115,56,89,28,89,28,1960,315,2009,371,1983,343,1983,343
TRT001294-TEMP000001,ocean,#3a1272,1408,TRT001294,0,35,34,85,16,62,16,64,2080,219,2114,269,2096,246,2096,248
TRT001294-TEMP000002,ocean,#030883,1213,TRT001294,29,45,65,89,47,67,47,69,2109,229,2145,273,2127,251,2127,253
TRT001294-TEMP000003,ocean,#2c1885,1237,TRT001294,64,46,104,93,83,66,83,66,2144,230,2184,277,2163,250,2163,250
TRT001294-TEMP000004,ocean,#3a1e84,1264,TRT001294,58,0,102,49,81,30,80,31,2138,184,2182,233,2161,214,2160,215
TRT001294-TEMP000005,ocean,#050369,1383,TRT001294,0,85,42,127,20,104,20,106,2080,269,2122,311,2100,288,2100,290
TRT001294-TEMP000006,ocean,#35309d,1112,TRT001294,38,78,85,116,59,96,59,97,2118,262,2165,300,2139,280,2139,281
TRT001295-TEMP000001,ocean,#0a1b87,1471,TRT001295,30,0,83,54,58,30,59,31,1949,126,2002,180,1977,156,1978,157
TRT001295-TEMP000002,ocean,#2837b1,1102,TRT001295,42,63,90,105,66,86,66,85,1961,189,2009,231,1985,212,1985,211
TRT001295-TEMP000003,ocean,#350e70,1216,TRT001295,64,36,110,83,86,60,87,60,1983,162,2029,209,2005,186,2006,186
TRT001295-TEMP000004,ocean,#313393,1245,TRT001295,23,42,64,91,43,67,43,65,1942,168,1983,217,1962,193,1962,191
TRT001295-TEMP000005,ocean,#0a3273,1230,TRT001295,0,32,36,81,17,56,16,56,1919,158,1955,207,1936,182,1935,182
TRT001296-TEMP000001,ocean,#0d0f8f,2808,TRT001296,0,49,57,121,26,85,26,86,1442,1647,1499,1719,1468,1683,1468,1684
TRT001296-TEMP000002,ocean,#0a308f,2698,TRT001296,7,0,78,61,43,31,44,30,1449,1598,1520,1659,1485,1629,1486,1628
TRT001296-TEMP000003,ocean,#014969,2171,TRT001296,49,78,99,130,77,102,78,104,1491,1676,1541,1728,1519,1700,1520,1702
TRT001296-TEMP000004,ocean,#3520a0,1390,TRT001296,48,129,93,181,73,153,75,155,1490,1727,1535,1779,1515,1751,1517,1753
TRT001296-TEMP000005,ocean,#191668,2555,TRT001296,51,11,111,79,81,51,81,53,1493,1609,1553,1677,1523,1649,1523,1651
TRT001296-TEMP000006,ocean,#09107e,1843,TRT001296,4,105,70,158,41,128,44,132,1446,1703,1512,1756,1483,1726,1486,1730
TRT001297-TEMP000001,ocean,#08327a,2724,TRT001297,57,60,130,122,96,92,94,93,1403,1777,1476,1839,1442,1809,1440,1810
TRT001297-TEMP000002,ocean,#1a4d73,3410,TRT001297,110,35,184,110,146,73,143,72,1456,1752,1530,1827,1492,1790,1489,1789
TRT001297-TEMP000003,ocean,#2631a4,2384,TRT001297,36,10,91,87,62,52,62,50,1382,1727,1437,1804,1408,1769,1408,1767
TRT001297-TEMP000004,ocean,#2c3e88,2574,TRT001297,66,0,137,62,100,30,99,29,1412,1717,1483,1779,1446,1747,1445,1746
TRT001297-TEMP000005,ocean,#2b2b7e,1430,TRT001297,0,14,55,69,30,39,27,39,1346,1731,1401,1786,1376,1756,1373,1756
TRT001298-TEMP000001,ocean,#2d336f,1817,TRT001298,83,0,138,57,110,29,111,26,1407,1611,1462,1668,1434,1640,1435,1637
TRT001298-TEMP000002,ocean,#0d1fa4,1935,TRT001298,25,21,89,69,61,43,61,41,1349,1632,1413,1680,1385,1654,1385,1652
TRT001298-TEMP000003,ocean,#053275,2877,TRT001298,67,49,124,117,94,82,96,78,1391,1660,1448,1728,1418,1693,1420,1689
TRT001298-TEMP000004,ocean,#2b0c99,2132,TRT001298,5,44,67,95,37,75,38,75,1329,1655,1391,1706,1361,1686,1362,1686
TRT001298-TEMP000005,ocean,#080681,2597,TRT001298,0,93,80,139,35,113,37,113,1324,1704,1404,1750,1359,1724,1361,1724
TRT001299-TEMP000001,ocean,#2d1e7f,2617,TRT001299,53,50,105,115,79,86,78,83,528,746,580,811,554,782,553,779
TRT001299-TEMP000002,ocean,#354473,2548,TRT001299,78,0,151,65,114,33,114,33,553,696,626,761,589,729,589,729
TRT001299-TEMP000003,ocean,#2f08ac,2310,TRT001299,95,65,161,115,125,94,124,93,570,761,636,811,600,790,599,789
TRT001299-TEMP000004,ocean,#233dac,1633,TRT001299,116,16,161,88,143,58,144,57,591,712,636,784,618,754,619,753
TRT001299-TEMP000005,ocean,#34129d,1989,TRT001299,7,28,84,76,50,51,48,50,482,724,559,772,525,747,523,746
TRT001299-TEMP000006,ocean,#2c49b1,2341,TRT001299,0,55,58,115,28,87,29,88,475,751,533,811,503,783,504,784
TRT001300-TEMP000001,ocean,#334673,2434,TRT001300,1,34,70,82,33,56,36,54,622,823,691,871,654,845,657,843
TRT001300-TEMP000002,ocean,#264d95,2967,TRT001300,63,5,138,65,94,29,95,30,684,794,759,854,715,818,716,819
TRT001300-TEMP000003,ocean,#34218a,1837,TRT001300,35,56,90,116,64,83,62,87,656,845,711,905,685,872,683,876
TRT001300-TEMP000004,ocean,#151f69,1983,TRT001300,9,80,56,151,29,109,28,109,630,869,677,940,650,898,649,898
TRT001300-TEMP000005,ocean,#2a3183,2212,TRT001300,0,0,66,38,34,19,34,18,621,789,687,827,655,808,655,807
TRT001301-TEMP000001,ocean,#2a35b0,2475,TRT001301,79,86,155,134,120,110,119,110,572,896,648,944,613,920,612,920
TRT001301-TEMP000002,ocean,#332bae,2907,TRT001301,33,47,95,121,67,82,67,81,526,857,588,931,560,892,560,891
TRT001301-TEMP000003,ocean,#0b1f9d,2507,TRT001301,72,2,129,52,99,24,100,24,565,812,622,862,592,834,593,834
TRT001301-TEMP000004,ocean,#1f38af,2986,TRT001301,0,0,72,62,43,26,44,26,493,810,565,872,536,836,537,836
TRT001301-TEMP000005,ocean,#244bad,2063,TRT001301,84,37,137,89,113,65,114,65,577,847,630,899,606,875,607,875
TRT001302-TEMP000001,ocean,#241685,2208,TRT001302,0,12,50,76,25,44,25,43,622,685,672,749,647,717,647,716
TRT001302-TEMP000002,ocean,#152d8d,2298,TRT001302,41,0,101,65,67,33,69,34,663,673,723,738,689,706,691,707
TRT001302-TEMP000003,ocean,#090e92,2801,TRT001302,10,60,73,120,43,91,44,90,632,733,695,793,665,764,666,763
TRT001302-TEMP000004,ocean,#30207c,1897,TRT001302,66,43,119,99,91,73,94,75,688,716,741,772,713,746,716,748
TRT001302-TEMP000005,ocean,#2f4985,1781,TRT001302,68,87,140,130,104,109,103,110,690,760,762,803,726,782,725,783
TRT001303-TEMP000001,ocean,#1042b2,2133,TRT001303,78,0,134,65,101,35,100,34,449,768,505,833,472,803,471,802
TRT001303-TEMP000002,ocean,#1017a4,3097,TRT001303,87,57,156,123,120,94,119,94,458,825,527,891,491,862,490,862
TRT001303-TEMP000003,ocean,#0b3aa5,1935,TRT001303,49,49,105,104,77,75,75,73,420,817,476,872,448,843,446,841
TRT001303-TEMP000004,ocean,#104db2,2289,TRT001303,19,80,87,130,53,108,51,108,390,848,458,898,424,876,422,876
TRT001303-TEMP000005,ocean,#2a469e,1949,TRT001303,0,37,52,97,27,65,26,64,371,805,423,865,398,833,397,832
TRT001303-TEMP000006,ocean,#0318a7,1543,TRT001303,30,11,79,60,60,36,59,36,401,779,450,828,431,804,430,804
TRT001304-TEMP000001,ocean,#2e28a4,1556,TRT001304,105,17,153,76,130,48,131,46,508,896,556,955,533,927,534,925
TRT001304-TEMP000002,ocean,#24487b,2521,TRT001304,6,11,82,60,51,35,53,35,409,890,485,939,454,914,456,914
TRT001304-TEMP000003,ocean,#0e1b91,2398,TRT001304,73,49,129,123,97,80,99,77,476,928,532,1002,500,959,502,956
TRT001304-TEMP000004,ocean,#3a23a8,1807,TRT001304,76,0,131,51,102,25,104,23,479,879,534,930,505,904,507,902
TRT001304-TEMP000005,ocean,#0c1f97,2299,TRT001304,24,61,87,119,57,89,55,86,427,940,490,998,460,968,458,965
TRT001304-TEMP000006,ocean,#1d1284,2195,TRT001304,0,19,44,111,19,66,18,68,403,898,447,990,422,945,421,947
TRT001304-TEMP000007,ocean,#36297a,3484,TRT001304,8,105,90,175,43,135,46,134,411,984,493,1054,446,1014,449,1013
TRT001305-TEMP000001,ocean,#2733ae,2503,TRT001305,0,77,68,130,28,101,28,102,265,894,333,947,293,918,293,919
TRT001305-TEMP000002,ocean,#0d0f72,3321,TRT001305,59,51,138,108,95,76,91,74,324,868,403,925,360,893,356,891
TRT001305-TEMP000003,ocean,#0b459b,2426,TRT001305,8,28,66,84,37,57,34,57,273,845,331,901,302,874,299,874
TRT001305-TEMP000004,ocean,#173fae,2280,TRT001305,53,0,121,52,89,29,90,28,318,817,386,869,354,846,355,845
TRT001306-TEMP000001,ocean,#311375,2311,TRT001306,0,25,78,92,46,54,47,55,273,928,351,995,319,957,320,958
TRT001306-TEMP000002,ocean,#071ca1,2951,TRT001306,71,63,149,143,117,95,117,94,344,966,422,1046,390,998,390,997
TRT001306-TEMP000003,ocean,#250771,2200,TRT001306,57,14,109,83,83,46,83,43,330,917,382,986,356,949,356,946
TRT001306-TEMP000004,ocean,#0d386e,1942,TRT001306,94,0,137,63,118,32,119,32,367,903,410,966,391,935,392,935
TRT001307-TEMP000001,ocean,#32217c,2786,TRT001307,79,0,134,70,105,36,106,38,778,1028,833,1098,804,1064,805,1066
TRT001307-TEMP000002,ocean,#1f1c86,1840,TRT001307,75,89,143,139,107,116,107,115,774,1117,842,1167,806,1144,806,1143
TRT001307-TEMP000003,ocean,#282d74,1941,TRT001307,99,53,151,114,126,84,128,85,798,1081,850,1142,825,1112,827,1113
TRT001307-TEMP000004,ocean,#19398a,2521,TRT001307,43,57,100,122,71,88,71,88,742,1085,799,1150,770,1116,770,1116
TRT001307-TEMP000005,ocean,#354eb3,2555,TRT001307,20,13,80,64,52,35,53,34,719,1041,779,1092,751,1063,752,1062
TRT001307-TEMP000006,ocean,#2d4b8e,2089,TRT001307,0,44,52,108,28,77,27,77,699,1072,751,1136,727,1105,726,1105
TRT001308-TEMP000001,ocean,#36196c,2006,TRT001308,26,76,76,141,53,111,53,110,830,1211,880,1276,857,1246,857,1245
TRT001308-TEMP000002,ocean,#0f2f76,3198,TRT001308,8,0,71,72,42,37,41,38,812,1135,875,1207,846,1172,845,1173
TRT001308-TEMP000003,ocean,#0e346f,2201,TRT001308,0,58,46,127,20,92,18,95,804,1193,850,1262,824,1227,822,1230
TRT001308-TEMP000004,ocean,#08357e,2157,TRT001308,65,90,118,155,93,121,93,121,869,1225,922,1290,897,1256,897,1256
TRT001308-TEMP000005,ocean,#221e79,2524,TRT001308,64,0,132,61,97,28,99,29,868,1135,936,1196,901,1163,903,1164
TRT001308-TEMP000006,ocean,#1f297f,2636,TRT001308,46,45,118,99,86,73,83,73,850,1180,922,1234,890,1208,887,1208
TRT001309-TEMP000001,ocean,#02249a,2211,TRT001309,34,57,92,114,64,86,63,86,710,1177,768,1234,740,1206,739,1206
TRT001309-TEMP000002,ocean,#273d8b,1839,TRT001309,78,86,129,135,108,107,109,109,754,1206,805,1255,784,1227,785,1229
TRT001309-TEMP000003,ocean,#1924a9,2588,TRT001309,76,29,136,86,107,60,108,63,752,1149,812,1206,783,1180,784,1183
TRT001309-TEMP000004,ocean,#070f82,1879,TRT001309,0,36,50,101,25,71,24,69,676,1156,726,1221,701,1191,700,1189
TRT001309-TEMP000005,ocean,#1f1d8f,2758,TRT001309,16,0,90,61,49,31,51,32,692,1120,766,1181,725,1151,727,1152
TRT001310-TEMP000001,ocean,#152093,2205,TRT001310,0,19,58,71,30,40,30,39,818,1026,876,1078,848,1047,848,1046
TRT001310-TEMP000002,ocean,#244c64,2989,TRT001310,16,53,80,127,47,88,49,83,834,1060,898,1134,865,1095,867,1090
TRT001310-TEMP000003,ocean,#1a2b7a,1739,TRT001310,54,6,102,58,79,32,82,29,872,1013,920,1065,897,1039,900,1036
TRT001310-TEMP000004,ocean,#273a78,2796,TRT001310,51,85,121,135,90,113,89,112,869,1092,939,1142,908,1120,907,1119
TRT001310-TEMP000005,ocean,#14479c,2005,TRT001310,72,39,127,94,101,66,103,63,890,1046,945,1101,919,1073,921,1070
TRT001310-TEMP000006,ocean,#123467,1366,TRT001310,98,0,139,48,117,23,120,22,916,1007,957,1055,935,1030,938,1029
TRT001311-TEMP000001,ocean,#3a0995,2181,TRT001311,0,18,52,83,26,51,27,53,690,431,742,496,716,464,717,466
TRT001311-TEMP000002,ocean,#094a8e,2098,TRT001311,34,0,88,72,60,37,62,42,724,413,778,485,750,450,752,455
TRT001311-TEMP000003,ocean,#1e168e,1676,TRT001311,16,76,64,127,40,102,42,105,706,489,754,540,730,515,732,518
TRT001311-TEMP000004,ocean,#203e86,1290,TRT001311,50,73,92,127,70,98,72,98,740,486,782,540,760,511,762,511
TRT001311-TEMP000005,ocean,#130691,1136,TRT001311,58,46,108,93,86,72,89,73,748,459,798,506,776,485,779,486
TRT001312-TEMP000001,ocean,#113a82,1261,TRT001312,9,4,58,49,38,29,36,29,670,538,719,583,699,563,697,563
TRT001312-TEMP000002,ocean,#344092,1529,TRT001312,51,0,110,35,79,19,76,18,712,534,771,569,740,553,737,552
TRT001312-TEMP000003,ocean,#0e4588,1508,TRT001312,50,34,102,78,74,52,75,51,711,568,763,612,735,586,736,585
TRT001312-TEMP000004,ocean,#092e9b,1487,TRT001312,0,34,51,86,26,57,26,56,661,568,712,620,687,591,687,590
TRT001312-TEMP000005,ocean,#221179,2097,TRT001312,26,65,88,120,55,93,54,92,687,599,749,654,716,627,715,626
TRT001312-TEMP000006,ocean,#251d90,1867,TRT001312,78,33,131,100,103,68,103,69,739,567,792,634,764,602,764,603
TRT001313-TEMP000001,ocean,#1b0b87,1359,TRT001313,57,58,117,106,81,80,79,83,815,548,875,596,839,570,837,573
TRT001313-TEMP000002,ocean,#363487,1369,TRT001313,14,70,61,117,39,92,37,92,772,560,819,607,797,582,795,582
TRT001313-TEMP000003,ocean,#282eb1,1274,TRT001313,34,41,78,84,56,60,55,63,792,531,836,574,814,550,813,553
TRT001313-TEMP000004,ocean,#1d22b1,1942,TRT001313,27,1,91,42,59,19,59,20,785,491,849,532,817,509,817,510
TRT001313-TEMP000005,ocean,#1e3780,1467,TRT001313,0,16,45,75,24,49,23,49,758,506,803,565,782,539,781,539
TRT001313-TEMP000006,ocean,#380970,2102,TRT001313,72,0,120,73,97,37,97,39,830,490,878,563,855,527,855,529
TRT001314-TEMP000001,ocean,#1a4474,1915,TRT001314,42,0,88,65,64,37,65,40,661,445,707,510,683,482,684,485
TRT001314-TEMP000002,ocean,#0629af,1276,TRT001314,55,58,96,105,76,80,78,83,674,503,715,550,695,525,697,528
TRT001314-TEMP000003,ocean,#3006b3,1699,TRT001314,20,65,66,125,45,93,45,92,639,510,685,570,664,538,664,537
TRT001314-TEMP000004,ocean,#013897,1744,TRT001314,0,21,50,75,27,49,27,47,619,466,669,520,646,494,646,492
TRT001315-TEMP000001,ocean,#28206c,1520,TRT001315,78,68,122,107,100,89,100,90,831,451,875,490,853,472,853,473
TRT001315-TEMP000002,ocean,#2c3fa5,1903,TRT001315,27,57,79,107,57,84,57,87,780,440,832,490,810,467,810,470
TRT001315-TEMP000003,ocean,#0d399a,2320,TRT001315,0,12,63,77,30,44,34,46,753,395,816,460,783,427,787,429
TRT001315-TEMP000004,ocean,#0f12a9,1915,TRT001315,64,23,122,73,95,51,96,53,817,406,875,456,848,434,849,436
TRT001315-TEMP000005,ocean,#2d4873,1667,TRT001315,33,0,94,54,63,24,63,22,786,383,847,437,816,407,816,405
TRT001316-TEMP000001,ocean,#0d4a93,1035,TRT001316,30,48,65,95,50,68,49,67,1846,263,1881,310,1866,283,1865,282
TRT001316-TEMP000002,ocean,#0e0b85,1101,TRT001316,57,40,83,95,72,64,73,63,1873,255,1899,310,1888,279,1889,278
TRT001316-TEMP000003,ocean,#111c7b,1682,TRT001316,0,11,64,52,37,32,41,31,1816,226,1880,267,1853,247,1857,246
TRT001316-TEMP000004,ocean,#080870,976,TRT001316,59,0,100,42,78,22,82,19,1875,215,1916,257,1894,237,1898,234
TRT001317-TEMP000001,ocean,#2647a1,1306,TRT001317,57,7,97,59,79,32,77,32,1815,138,1855,190,1837,163,1835,163
TRT001317-TEMP000002,ocean,#37086d,1675,TRT001317,50,59,92,111,70,85,71,84,1808,190,1850,242,1828,216,1829,215
TRT001317-TEMP000003,ocean,#2b3e89,1416,TRT001317,85,57,127,100,106,78,107,78,1843,188,1885,231,1864,209,1865,209
TRT001317-TEMP000004,ocean,#214194,1100,TRT001317,36,20,74,71,54,46,53,46,1794,151,1832,202,1812,177,1811,177
TRT001317-TEMP000005,ocean,#3a287b,977,TRT001317,126,25,163,62,143,45,145,45,1884,156,1921,193,1901,176,1903,176
TRT001317-TEMP000006,ocean,#353771,805,TRT001317,0,0,47,33,22,16,21,16,1758,131,1805,164,1780,147,1779,147
TRT001317-TEMP000007,ocean,#283981,1361,TRT001317,89,16,130,58,110,39,110,38,1847,147,1888,189,1868,170,1868,169
TRT001317-TEMP000008,ocean,#0e11ae,1117,TRT001317,122,56,160,94,140,74,141,73,1880,187,1918,225,1898,205,1899,204
TRT001318-TEMP000001,ocean,#33316a,1495,TRT001318,87,7,143,69,124,37,130,42,1751,178,1807,240,1788,208,1794,213
TRT001318-TEMP000002,ocean,#0d03ac,1620,TRT001318,62,50,126,89,95,70,95,70,1726,221,1790,260,1759,241,1759,241
TRT001318-TEMP000003,ocean,#011b6a,746,TRT001318,81,28,117,53,98,41,102,35,1745,199,1781,224,1762,212,1766,206
TRT001318-TEMP000004,ocean,#36066a,1350,TRT001318,34,19,82,72,62,40,61,40,1698,190,1746,243,1726,211,1725,211
TRT001318-TEMP000005,ocean,#262c78,1077,TRT001318,0,0,46,44,23,21,22,20,1664,171,1710,215,1687,192,1686,191
TRT001319-TEMP000001,ocean,#303aa3,1373,TRT001319,29,4,73,55,55,33,53,34,1273,1013,1317,1064,1299,1042,1297,1043
TRT001319-TEMP000002,ocean,#1d097a,1921,TRT001319,31,53,93,95,61,75,59,74,1275,1062,1337,1104,1305,1084,1303,1083
TRT001319-TEMP000003,ocean,#3a03a9,2111,TRT001319,68,0,114,66,89,31,89,31,1312,1009,1358,1075,1333,1040,1333,1040
TRT001319-TEMP000004,ocean,#12146f,1234,TRT001319,0,35,46,89,26,58,24,57,1244,1044,1290,1098,1270,1067,1268,1066
TRT001320-TEMP000001,ocean,#300e81,1436,TRT001320,0,28,50,81,26,54,24,54,1318,1076,1368,1129,1344,1102,1342,1102
TRT001320-TEMP000002,ocean,#0e0a81,1804,TRT001320,48,10,105,66,74,37,71,38,1366,1058,1423,1114,1392,1085,1389,1086
TRT001320-TEMP000003,ocean,#324284,1194,TRT001320,20,0,69,44,45,20,44,19,1338,1048,1387,1092,1363,1068,1362,1067
TRT001320-TEMP000004,ocean,#1b1b7b,1685,TRT001320,26,55,79,115,53,81,53,81,1344,1103,1397,1163,1371,1129,1371,1129
TRT001321-TEMP000001,ocean,#153176,1366,TRT001321,43,48,77,91,59,69,61,68,1212,1094,1246,1137,1228,1115,1230,1114
TRT001321-TEMP000002,ocean,#1f3c8e,1472,TRT001321,54,87,95,132,72,110,72,110,1223,1133,1264,1178,1241,1156,1241,1156
TRT001321-TEMP000003,ocean,#0c1b75,1539,TRT001321,0,45,42,92,23,67,24,67,1169,1091,1211,1138,1192,1113,1193,1113
TRT001321-TEMP000004,ocean,#0f2080,1534,TRT001321,46,3,94,48,65,29,64,28,1215,1049,1263,1094,1234,1075,1233,1074
TRT001321-TEMP000005,ocean,#202378,1368,TRT001321,75,36,110,94,91,65,91,67,1244,1082,1279,1140,1260,1111,1260,1113
TRT001321-TEMP000006,ocean,#040ab3,1351,TRT001321,6,0,47,49,31,29,29,29,1175,1046,1216,1095,1200,1075,1198,1075
TRT001321-TEMP000007,ocean,#24106f,1502,TRT001321,15,86,55,138,38,109,38,109,1184,1132,1224,1184,1207,1155,1207,1155
TRT001322-TEMP000001,ocean,#2a1e89,1079,TRT001322,59,0,111,40,83,20,82,19,1399,956,1451,996,1423,976,1422,975
TRT001322-TEMP000002,ocean,#324f72,1589,TRT001322,23,0,70,54,50,27,50,28,1363,956,1410,1010,1390,983,1390,984
TRT001322-TEMP000003,ocean,#2842ab,1800,TRT001322,53,55,98,112,73,84,73,84,1393,1011,1438,1068,1413,1040,1413,1040
TRT001322-TEMP000004,ocean,#194e9e,1460,TRT001322,65,23,117,74,93,48,94,47,1405,979,1457,1030,1433,1004,1434,1003
TRT001322-TEMP000005,ocean,#0d2ba4,1525,TRT001322,0,32,63,71,30,55,32,57,1340,988,1403,1027,1370,1011,1372,1013
TRT001322-TEMP000006,ocean,#202d7a,1005,TRT001322,11,69,53,102,35,83,33,83,1351,1025,1393,1058,1375,1039,1373,1039
TRT001323-TEMP000001,ocean,#353070,2260,TRT001323,0,28,63,76,33,57,36,55,1251,1130,1314,1178,1284,1159,1287,1157
TRT001323-TEMP000002,ocean,#302572,1513,TRT001323,19,0,75,39,47,18,49,17,1270,1102,1326,1141,1298,1120,1300,1119
TRT001323-TEMP000003,ocean,#0a206b,1265,TRT001323,56,10,104,60,77,37,80,37,1307,1112,1355,1162,1328,1139,1331,1139
TRT001323-TEMP000004,ocean,#1043af,1285,TRT001323,64,41,118,75,93,62,94,62,1315,1143,1369,1177,1344,1164,1345,1164
TRT001324-TEMP000001,ocean,#2e3077,1980,TRT001324,24,41,83,93,54,67,54,65,1298,959,1357,1011,1328,985,1328,983
TRT001324-TEMP000002,ocean,#1e2d79,1379,TRT001324,38,0,85,43,59,20,60,19,1312,918,1359,961,1333,938,1334,937
TRT001324-TEMP000003,ocean,#160e88,1607,TRT001324,0,5,44,60,23,30,22,29,1274,923,1318,978,1297,948,1296,947
TRT001324-TEMP000004,ocean,#0f116a,1359,TRT001324,63,17,114,74,86,43,87,43,1337,935,1388,992,1360,961,1361,961
TRT001325-TEMP000001,ocean,#3b456d,2429,TRT001325,42,0,112,68,74,39,72,40,1251,951,1321,1019,1283,990,1281,991
TRT001325-TEMP000002,ocean,#313785,1218,TRT001325,40,57,91,101,61,77,59,79,1249,1008,1300,1052,1270,1028,1268,1030
TRT001325-TEMP000003,ocean,#3840ae,1173,TRT001325,15,28,55,77,36,56,33,60,1224,979,1264,1028,1245,1007,1242,1011
TRT001325-TEMP000004,ocean,#05468c,1004,TRT001325,0,72,46,107,25,90,24,91,1209,1023,1255,1058,1234,1041,1233,1042
TRT001326-TEMP000001,ocean,#073990,1286,TRT001326,32,2,75,47,52,25,53,26,2483,313,2526,358,2503,336,2504,337
TRT001326-TEMP000002,ocean,#281a83,1305,TRT001326,1,46,51,87,29,65,29,67,2452,357,2502,398,2480,376,2480,378
TRT001326-TEMP000003,ocean,#3717b2,1470,TRT001326,0,0,38,55,19,30,20,30,2451,311,2489,366,2470,341,2471,341
TRT001326-TEMP000004,ocean,#2c1a8e,1280,TRT001326,45,38,87,83,64,60,65,60,2496,349,2538,394,2515,371,2516,371
TRT001326-TEMP000005,ocean,#340e98,635,TRT001326,6,69,42,102,19,86,17,87,2457,380,2493,413,2470,397,2468,398
TRT001327-TEMP000001,ocean,#3b2789,1219,TRT001327,46,12,90,61,69,39,69,39,2564,300,2608,349,2587,327,2587,327
TRT001327-TEMP000002,ocean,#134f95,1338,TRT001327,0,14,46,58,23,38,23,37,2518,302,2564,346,2541,326,2541,325
TRT001327-TEMP000003,ocean,#0d38ad,1238,TRT001327,9,50,49,98,30,72,31,71,2527,338,2567,386,2548,360,2549,359
TRT001327-TEMP000004,ocean,#3b4c88,1089,TRT001327,37,55,75,101,56,78,57,77,2555,343,2593,389,2574,366,2575,365
TRT001327-TEMP000005,ocean,#3b1083,1098,TRT001327,30,0,87,36,54,17,55,17,2548,288,2605,324,2572,305,2573,305
TRT001328-TEMP000001,ocean,#374293,1067,TRT001328,0,0,38,38,21,16,21,16,2535,221,2573,259,2556,237,2556,237
TRT001328-TEMP000002,ocean,#003099,1072,TRT001328,36,0,67,39,51,18,51,19,2571,221,2602,260,2586,239,2586,240
TRT001328-TEMP000003,ocean,#341aaf,1185,TRT001328,46,35,85,78,64,56,64,55,2581,256,2620,299,2599,277,2599,276
TRT001328-TEMP000004,ocean,#153598,1017,TRT001328,15,32,50,73,35,51,35,52,2550,253,2585,294,2570,272,2570,273
TRT001328-TEMP000005,ocean,#0a0376,1063,TRT001328,64,0,101,41,80,18,80,17,2599,221,2636,262,2615,239,2615,238
TRT001329-TEMP000001,ocean,#1905a2,1176,TRT001329,40,37,83,83,63,61,64,61,2517,258,2560,304,2540,282,2541,282
TRT001329-TEMP000002,ocean,#2a2068,1561,TRT001329,20,0,71,55,47,31,46,32,2497,221,2548,276,2524,252,2523,253
TRT001329-TEMP000003,ocean,#19097b,884,TRT001329,22,62,63,103,41,84,41,85,2499,283,2540,324,2518,305,2518,306
TRT001329-TEMP000004,ocean,#242d93,1162,TRT001329,0,42,39,95,20,70,20,72,2477,263,2516,316,2497,291,2497,293
TRT001330-TEMP000001,ocean,#0a0985,1211,TRT001330,17,0,62,43,38,21,38,21,2624,223,2669,266,2645,244,2645,244
TRT001330-TEMP000002,ocean,#0d2488,1136,TRT001330,0,34,42,84,20,58,20,58,2607,257,2649,307,2627,281,2627,281
TRT001330-TEMP000003,ocean,#324eb3,977,TRT001330,73,31,108,74,89,51,89,51,2680,254,2715,297,2696,274,2696,274
TRT001330-TEMP000004,ocean,#224b7e,1121,TRT001330,4,60,52,100,35,80,35,79,2611,283,2659,323,2642,303,2642,302
TRT001330-TEMP000005,ocean,#27246a,1202,TRT001330,38,22,78,66,59,46,60,46,2645,245,2685,289,2666,269,2667,269
TRT001330-TEMP000006,ocean,#1d05a0,1130,TRT001330,50,63,90,101,68,82,69,83,2657,286,2697,324,2675,305,2676,306
TRT001331-TEMP000001,ocean,#250b84,1238,TRT001331,0,27,42,74,18,51,18,52,2458,408,2500,455,2476,432,2476,433
TRT001331-TEMP000002,ocean,#1b3f96,1369,TRT001331,38,51,100,89,67,71,66,71,2496,432,2558,470,2525,452,2524,452
TRT001331-TEMP000003,ocean,#063993,1281,TRT001331,17,12,62,60,42,34,39,34,2475,393,2520,441,2500,415,2497,415
TRT001331-TEMP000004,ocean,#081371,1286,TRT001331,58,29,100,76,83,49,81,48,2516,410,2558,457,2541,430,2539,429
TRT001331-TEMP000005,ocean,#380498,1238,TRT001331,53,0,101,33,79,17,78,16,2511,381,2559,414,2537,398,2536,397
TRT001332-TEMP000001,ocean,#1541a9,1053,TRT001332,0,23,34,75,18,51,17,50,2645,380,2679,432,2663,408,2662,407
TRT001332-TEMP000002,ocean,#220b64,1360,TRT001332,32,48,86,93,61,70,61,69,2677,405,2731,450,2706,427,2706,426
TRT001332-TEMP000003,ocean,#04318f,973,TRT001332,26,30,66,68,45,46,43,46,2671,387,2711,425,2690,403,2688,403
TRT001332-TEMP000004,ocean,#123f9b,1526,TRT001332,62,9,126,60,86,34,85,33,2707,366,2771,417,2731,391,2730,390
TRT001332-TEMP000005,ocean,#261387,1206,TRT001332,19,0,71,33,46,17,45,17,2664,357,2716,390,2691,374,2690,374
TRT001333-TEMP000001,ocean,#342996,1387,TRT001333,32,57,73,110,50,79,49,79,2589,438,2630,491,2607,460,2606,460
TRT001333-TEMP000002,ocean,#331993,1079,TRT001333,56,20,92,71,75,44,75,45,2613,401,2649,452,2632,425,2632,426
TRT001333-TEMP000003,ocean,#134999,1049,TRT001333,0,67,40,106,20,84,20,84,2557,448,2597,487,2577,465,2577,465
TRT001333-TEMP000004,ocean,#080998,1218,TRT001333,32,9,72,56,51,33,51,34,2589,390,2629,437,2608,414,2608,415
TRT001333-TEMP000005,ocean,#2348ab,1131,TRT001333,2,30,40,68,18,51,16,50,2559,411,2597,449,2575,432,2573,431
TRT001333-TEMP000006,ocean,#053599,1147,TRT001333,2,0,46,35,22,18,23,18,2559,381,2603,416,2579,399,2580,399
TRT001334-TEMP000001,ocean,#374077,1291,TRT001334,23,0,69,46,46,24,46,24,2631,420,2677,466,2654,444,2654,444
TRT001334-TEMP000002,ocean,#04248e,1146,TRT001334,54,14,95,63,74,38,74,40,2662,434,2703,483,2682,458,2682,460
TRT001334-TEMP000003,ocean,#014a8d,1201,TRT001334,34,44,78,90,55,66,53,66,2642,464,2686,510,2663,486,2661,486
TRT001334-TEMP000004,ocean,#2d2b94,1077,TRT001334,0,32,40,75,22,57,21,57,2608,452,2648,495,2630,477,2629,477
TRT001334-TEMP000005,ocean,#274d7a,1013,TRT001334,78,28,114,71,97,53,98,53,2686,448,2722,491,2705,473,2706,473
TRT001335-TEMP000001,ocean,#19388c,1622,TRT001335,44,73,86,121,64,98,63,97,2757,447,2799,495,2777,472,2776,471
TRT001335-TEMP000002,ocean,#2d05ac,1374,TRT001335,2,81,44,119,25,99,24,99,2715,455,2757,493,2738,473,2737,473
TRT001335-TEMP000003,ocean,#361d98,978,TRT001335,35,50,77,85,51,67,50,64,2748,424,2790,459,2764,441,2763,438
TRT001335-TEMP000004,ocean,#0f2590,1137,TRT001335,0,31,35,83,21,63,21,63,2713,405,2748,457,2734,437,2734,437
TRT001335-TEMP000005,ocean,#123d9d,1136,TRT001335,30,5,83,38,60,23,62,22,2743,379,2796,412,2773,397,2775,396
TRT001335-TEMP000006,ocean,#15209c,854,TRT001335,81,0,127,26,102,13,103,13,2794,374,2840,400,2815,387,2816,387
TRT001336-TEMP000001,ocean,#364a90,903,TRT001336,21,63,72,97,47,81,46,81,2604,371,2655,405,2630,389,2629,389
TRT001336-TEMP000002,ocean,#09098e,1119,TRT001336,39,42,87,83,62,61,60,61,2622,350,2670,391,2645,369,2643,369
TRT001336-TEMP000003,ocean,#2d1f6c,1267,TRT001336,0,31,41,80,21,57,20,56,2583,339,2624,388,2604,365,2603,364
TRT001336-TEMP000004,ocean,#154b8b,1305,TRT001336,16,0,60,46,37,22,39,22,2599,308,2643,354,2620,330,2622,330
TRT001336-TEMP000005,ocean,#1b04a5,873,TRT001336,50,11,86,48,67,32,69,33,2633,319,2669,356,2650,340,2652,341
TRT001337-TEMP000001,ocean,#1c2983,1092,TRT001337,23,35,74,75,50,58,51,58,2717,303,2768,343,2744,326,2745,326
TRT001337-TEMP000002,ocean,#1e398d,1020,TRT001337,0,0,47,46,21,27,21,27,2694,268,2741,314,2715,295,2715,295
TRT001337-TEMP000003,ocean,#324999,1129,TRT001337,10,64,67,109,39,88,39,87,2704,332,2761,377,2733,356,2733,355
TRT001338-TEMP000001,ocean,#232071,1831,TRT001338,50,56,114,111,79,84,80,85,1430,1398,1494,1453,1459,1426,1460,1427
TRT001338-TEMP000002,ocean,#2a0f88,1634,TRT001338,24,42,75,95,49,64,47,62,1404,1384,1455,1437,1429,1406,1427,1404
TRT001338-TEMP000003,ocean,#1d00b0,1861,TRT001338,25,0,85,46,55,23,53,23,1405,1342,1465,1388,1435,1365,1433,1365
TRT001338-TEMP000004,ocean,#3b1b70,1151,TRT001338,71,77,118,132,99,105,99,108,1451,1419,1498,1474,1479,1447,1479,1450
TRT001338-TEMP000005,ocean,#00008d,2556,TRT001338,73,13,129,76,103,43,102,43,1453,1355,1509,1418,1483,1385,1482,1385
TRT001338-TEMP000006,ocean,#30007f,1042,TRT001338,0,19,39,69,21,46,18,46,1380,1361,1419,1411,1401,1388,1398,1388
TRT001339-TEMP000001,ocean,#0f177d,1656,TRT001339,42,20,93,78,68,54,68,54,1540,1284,1591,1342,1566,1318,1566,1318
TRT001339-TEMP000002,ocean,#273889,2006,TRT001339,13,0,67,53,38,27,37,28,1511,1264,1565,1317,1536,1291,1535,1292
TRT001339-TEMP000003,ocean,#0e368b,2005,TRT001339,52,69,116,112,81,94,81,95,1550,1333,1614,1376,1579,1358,1579,1359
TRT001339-TEMP000004,ocean,#2036b1,1744,TRT001339,5,50,58,98,31,73,31,76,1503,1314,1556,1362,1529,1337,1529,1340
TRT001339-TEMP000005,ocean,#35177b,1224,TRT001339,0,81,52,114,25,101,22,102,1498,1345,1550,1378,1523,1365,1520,1366
TRT001340-TEMP000001,ocean,#143683,1244,TRT001340,60,40,100,93,80,63,81,63,1472,1304,1512,1357,1492,1327,1493,1327
TRT001340-TEMP000002,ocean,#0318a8,1245,TRT001340,29,44,76,92,54,73,54,73,1441,1308,1488,1356,1466,1337,1466,1337
TRT001340-TEMP000003,ocean,#1b36a1,2252,TRT001340,35,0,113,46,75,23,75,24,1447,1264,1525,1310,1487,1287,1487,1288
TRT001340-TEMP000004,ocean,#131874,1970,TRT001340,0,15,52,84,27,54,27,55,1412,1279,1464,1348,1439,1318,1439,1319
TRT001341-TEMP000001,ocean,#0e4ea5,1662,TRT001341,12,33,63,80,35,57,36,56,1494,1405,1545,1452,1517,1429,1518,1428
TRT001341-TEMP000002,ocean,#304273,1688,TRT001341,61,5,104,56,83,29,83,31,1543,1377,1586,1428,1565,1401,1565,1403
TRT001341-TEMP000003,ocean,#030273,1325,TRT001341,24,5,71,44,47,22,48,21,1506,1377,1553,1416,1529,1394,1530,1393
TRT001341-TEMP000004,ocean,#370787,2044,TRT001341,0,76,57,134,28,102,28,102,1482,1448,1539,1506,1510,1474,1510,1474
TRT001341-TEMP000005,ocean,#2d1a6b,1581,TRT001341,42,52,93,107,67,78,67,79,1524,1424,1575,1479,1549,1450,1549,1451
TRT001341-TEMP000006,ocean,#0e3299,1295,TRT001341,80,37,132,84,104,59,105,60,1562,1409,1614,1456,1586,1431,1587,1432
TRT001341-TEMP000007,ocean,#2d2c87,1692,TRT001341,99,0,151,50,123,24,123,24,1581,1372,1633,1422,1605,1396,1605,1396
TRT001342-TEMP000001,ocean,#031978,1833,TRT001342,0,15,47,78,21,43,21,42,2385,94,2432,157,2406,122,2406,121
TRT001342-TEMP000002,ocean,#0a3e99,1775,TRT001342,22,44,86,91,54,69,54,68,2407,123,2471,170,2439,148,2439,147
TRT001342-TEMP000003,ocean,#191ba9,1139,TRT001342,60,14,102,70,83,43,84,43,2445,93,2487,149,2468,122,2469,122
TRT001342-TEMP000004,ocean,#123690,1463,TRT001342,30,0,84,44,58,21,58,20,2415,79,2469,123,2443,100,2443,99
TRT001343-TEMP000001,ocean,#164566,1531,TRT001343,17,47,67,94,43,72,43,71,2373,203,2423,250,2399,228,2399,227
TRT001343-TEMP000002,ocean,#314565,1447,TRT001343,25,0,68,47,49,22,50,22,2381,156,2424,203,2405,178,2406,178
TRT001343-TEMP000003,ocean,#373883,1132,TRT001343,0,17,45,67,23,43,21,42,2356,173,2401,223,2379,199,2377,198
TRT001343-TEMP000004,ocean,#1843a8,1435,TRT001343,55,40,98,86,76,61,77,59,2411,196,2454,242,2432,217,2433,215
TRT001343-TEMP000005,ocean,#2b036e,1010,TRT001343,67,7,100,44,83,26,84,24,2423,163,2456,200,2439,182,2440,180
TRT001344-TEMP000001,ocean,#1a2d8d,1379,TRT001344,18,59,70,100,45,81,43,81,2315,159,2367,200,2342,181,2340,181
TRT001344-TEMP000002,ocean,#0f2baa,1247,TRT001344,9,33,53,74,30,51,28,51,2306,133,2350,174,2327,151,2325,151
TRT001344-TEMP000003,ocean,#292899,1785,TRT001344,45,0,94,47,68,23,67,25,2342,100,2391,147,2365,123,2364,125
TRT001344-TEMP000004,ocean,#03107d,1186,TRT001344,0,5,46,38,25,21,24,20,2297,105,2343,138,2322,121,2321,120
TRT001344-TEMP000005,ocean,#24167e,1422,TRT001344,51,36,99,87,76,58,76,60,2348,136,2396,187,2373,158,2373,160
TRT001345-TEMP000001,ocean,#0505af,1260,TRT001345,0,30,38,83,15,56,14,56,2450,195,2488,248,2465,221,2464,221
TRT001345-TEMP000002,ocean,#2c1b9c,1675,TRT001345,5,0,61,50,31,24,34,25,2455,165,2511,215,2481,189,2484,190
TRT001345-TEMP000003,ocean,#19448a,1391,TRT001345,16,50,65,107,40,77,40,77,2466,215,2515,272,2490,242,2490,242
TRT001345-TEMP000004,ocean,#221e90,1535,TRT001345,42,15,83,72,66,43,67,45,2492,180,2533,237,2516,208,2517,210
TRT001346-TEMP000001,ocean,#2c0d82,2192,TRT001346,65,20,118,93,91,53,89,54,2438,258,2491,331,2464,291,2462,292
TRT001346-TEMP000002,ocean,#1e199f,1849,TRT001346,41,0,103,48,68,21,64,21,2414,238,2476,286,2441,259,2437,259
TRT001346-TEMP000003,ocean,#3b2c6e,1688,TRT001346,29,43,82,98,55,71,50,70,2402,281,2455,336,2428,309,2423,308
TRT001346-TEMP000004,ocean,#270378,1268,TRT001346,7,9,49,51,29,30,26,32,2380,247,2422,289,2402,268,2399,270
TRT001346-TEMP000005,ocean,#1727a2,858,TRT001346,0,40,35,77,18,59,15,59,2373,278,2408,315,2391,297,2388,297
TRT001347-TEMP000001,ocean,#163fa6,1480,TRT001347,30,57,76,117,55,85,56,85,2248,172,2294,232,2273,200,2274,200
TRT001347-TEMP000002,ocean,#091a90,1698,TRT001347,47,0,94,59,71,33,72,35,2265,115,2312,174,2289,148,2290,150
TRT001347-TEMP000003,ocean,#01358d,1817,TRT001347,0,20,55,74,31,45,32,45,2218,135,2273,189,2249,160,2250,160
TRT001347-TEMP000004,ocean,#023195,1158,TRT001347,63,50,103,96,84,72,85,74,2281,165,2321,211,2302,187,2303,189
TRT001348-TEMP000001,ocean,#38227b,1689,TRT001348,30,0,79,53,57,26,56,27,2294,194,2343,247,2321,220,2320,221
TRT001348-TEMP000002,ocean,#07057f,1070,TRT001348,2,20,46,67,23,45,22,46,2266,214,2310,261,2287,239,2286,240
TRT001348-TEMP000003,ocean,#0c2b76,1593,TRT001348,49,48,88,101,69,74,69,74,2313,242,2352,295,2333,268,2333,268
TRT001348-TEMP000004,ocean,#010589,1642,TRT001348,71,5,120,58,92,34,91,33,2335,199,2384,252,2356,228,2355,227
TRT001348-TEMP000005,ocean,#184390,1147,TRT001348,0,50,51,88,31,70,31,70,2264,244,2315,282,2295,264,2295,264
TRT001348-TEMP000006,ocean,#0e088d,1715,TRT001348,80,51,126,110,102,80,103,79,2344,245,2390,304,2366,274,2367,273
TRT001349-TEMP000001,ocean,#23258d,1495,TRT001349,51,32,100,82,73,60,75,62,2217,175,2266,225,2239,203,2241,205
TRT001349-TEMP000002,ocean,#002bb1,1640,TRT001349,0,28,54,74,26,51,30,50,2166,171,2220,217,2192,194,2196,193
TRT001349-TEMP000003,ocean,#2c1681,1446,TRT001349,13,62,65,106,41,83,41,83,2179,205,2231,249,2207,226,2207,226
TRT001349-TEMP000004,ocean,#1a3e97,1589,TRT001349,58,75,107,123,84,98,84,98,2224,218,2273,266,2250,241,2250,241
TRT001349-TEMP000005,ocean,#130b93,1499,TRT001349,11,0,68,41,40,21,39,20,2177,143,2234,184,2206,164,2205,163
TRT001350-TEMP000001,ocean,#354caf,1181,TRT001350,52,36,97,77,72,59,76,59,1904,127,1949,168,1924,150,1928,150
TRT001350-TEMP000002,ocean,#05146e,1585,TRT001350,23,0,82,48,56,23,54,24,1875,91,1934,139,1908,114,1906,115
TRT001350-TEMP000003,ocean,#212b66,967,TRT001350,75,17,117,65,94,42,96,42,1927,108,1969,156,1946,133,1948,133
TRT001350-TEMP000004,ocean,#222890,1561,TRT001350,0,19,55,70,28,46,31,49,1852,110,1907,161,1880,137,1883,140
TRT001351-TEMP000001,ocean,#033e9c,929,TRT001351,19,0,59,39,40,21,39,21,1795,44,1835,83,1816,65,1815,65
TRT001351-TEMP000002,ocean,#0422b3,1030,TRT001351,46,9,83,53,63,35,63,33,1822,53,1859,97,1839,79,1839,77
TRT001351-TEMP000003,ocean,#3a2095,1429,TRT001351,0,35,54,78,29,55,31,55,1776,79,1830,122,1805,99,1807,99
TRT001351-TEMP000004,ocean,#2b0d7c,1363,TRT001351,46,49,91,100,71,70,71,70,1822,93,1867,144,1847,114,1847,114
TRT001352-TEMP000001,ocean,#120f96,618,TRT001352,40,36,91,58,64,47,66,47,1957,49,2008,71,1981,60,1983,60
TRT001352-TEMP000002,ocean,#142178,919,TRT001352,59,64,105,97,82,80,82,80,1976,77,2022,110,1999,93,1999,93
TRT001352-TEMP000003,ocean,#0d21b3,1587,TRT001352,14,69,65,124,44,95,43,94,1931,82,1982,137,1961,108,1960,107
TRT001352-TEMP000004,ocean,#16326c,1531,TRT001352,0,42,49,90,21,64,20,63,1917,55,1966,103,1938,77,1937,76
TRT001352-TEMP000005,ocean,#26078c,910,TRT001352,5,0,36,44,19,26,20,26,1922,13,1953,57,1936,39,1937,39
TRT001353-TEMP000001,ocean,#202981,959,TRT001353,14,20,65,55,40,40,40,41,1816,20,1867,55,1842,40,1842,41
TRT001353-TEMP000002,ocean,#20359c,1465,TRT001353,40,0,83,44,63,19,61,19,1842,0,1885,44,1865,19,1863,19
TRT001353-TEMP000003,ocean,#3a096c,1297,TRT001353,80,0,131,36,101,14,101,14,1882,0,1933,36,1903,14,1903,14
TRT001353-TEMP000004,ocean,#212bac,1169,TRT001353,0,0,41,39,21,15,20,16,1802,0,1843,39,1823,15,1822,16
TRT001354-TEMP000001,ocean,#2e0298,428,TRT001354,13,18,43,49,27,34,27,33,1458,18,1488,49,1472,34,1472,33
TRT001354-TEMP000002,ocean,#234f93,693,TRT001354,38,0,81,28,58,13,57,13,1483,0,1526,28,1503,13,1502,13
TRT001354-TEMP000003,ocean,#344494,835,TRT001354,81,0,132,26,109,12,105,12,1526,0,1577,26,1554,12,1550,12
TRT001354-TEMP000004,ocean,#343874,398,TRT001354,0,5,37,18,19,12,18,12,1445,5,1482,18,1464,12,1463,12
TRT001354-TEMP000005,ocean,#0e3e6c,1561,TRT001354,133,0,193,37,166,13,159,12,1578,0,1638,37,1611,13,1604,12
TRT001354-TEMP000006,ocean,#294073,3394,TRT001354,189,0,261,55,226,24,223,24,1634,0,1706,55,1671,24,1668,24
TRT001355-TEMP000001,ocean,#164467,992,TRT001355,9,61,50,98,29,77,28,78,1853,74,1894,111,1873,90,1872,91
TRT001355-TEMP000002,ocean,#0c426f,1227,TRT001355,35,41,77,86,57,63,54,62,1879,54,1921,99,1901,76,1898,75
TRT001355-TEMP000003,ocean,#34346a,1099,TRT001355,44,0,89,51,66,28,68,28,1888,13,1933,64,1910,41,1912,41
TRT001355-TEMP000004,ocean,#01449d,1154,TRT001355,0,23,49,61,26,45,27,43,1844,36,1893,74,1870,58,1871,56
TRT001356-TEMP000001,ocean,#2f48a1,1131,TRT001356,9,0,44,37,28,17,27,18,1704,0,1739,37,1723,17,1722,18
TRT001356-TEMP000002,ocean,#124fb1,1226,TRT001356,44,0,78,38,60,18,60,19,1739,0,1773,38,1755,18,1755,19
TRT001356-TEMP000003,ocean,#083c8b,1018,TRT001356,0,31,38,66,20,48,19,49,1695,31,1733,66,1715,48,1714,49
TRT001356-TEMP000004,ocean,#384cac,1244,TRT001356,36,36,76,73,56,53,55,54,1731,36,1771,73,1751,53,1750,54
TRT001356-TEMP000005,ocean,#3629a4,1462,TRT001356,75,28,121,73,97,48,96,47,1770,28,1816,73,1792,48,1791,47
TRT001356-TEMP000006,ocean,#2307a2,1251,TRT001356,51,60,101,108,76,84,77,84,1746,60,1796,108,1771,84,1772,84
TRT001356-TEMP000007,ocean,#122682,1071,TRT001356,75,0,114,31,93,15,93,14,1770,0,1809,31,1788,15,1788,14
TRT001357-TEMP000001,ocean,#3a397e,1950,TRT001357,25,27,78,91,51,65,51,61,514,623,567,687,540,661,540,657
TRT001357-TEMP000002,ocean,#39007c,2513,TRT001357,0,83,72,148,37,114,36,114,489,679,561,744,526,710,525,710
TRT001357-TEMP000003,ocean,#184686,2063,TRT001357,46,0,108,68,75,35,78,38,535,596,597,664,564,631,567,634
TRT001357-TEMP000004,ocean,#2f46a9,2896,TRT001357,61,59,136,124,96,91,95,92,550,655,625,720,585,687,584,688
TRT001358-TEMP000001,ocean,#360ba7,2135,TRT001358,0,23,59,86,30,53,28,53,563,578,622,641,593,608,591,608
TRT001358-TEMP000002,ocean,#0823a9,2516,TRT001358,28,57,86,138,59,93,59,90,591,612,649,693,622,648,622,645
TRT001358-TEMP000003,ocean,#25278d,2031,TRT001358,72,35,132,89,102,68,102,67,635,590,695,644,665,623,665,622
TRT001358-TEMP000004,ocean,#3400a8,2256,TRT001358,42,0,104,61,74,30,74,29,605,555,667,616,637,585,637,584
TRT001358-TEMP000005,ocean,#0d0987,2322,TRT001358,63,90,137,139,100,111,102,111,626,645,700,694,663,666,665,666
TRT001359-TEMP000001,ocean,#2918b2,2077,TRT001359,24,37,81,99,55,66,54,66,426,632,483,694,457,661,456,661
TRT001359-TEMP000002,ocean,#2d0bab,2943,TRT001359,0,0,101,45,51,22,60,22,402,595,503,640,453,617,462,617
TRT001359-TEMP000003,ocean,#12426e,2228,TRT001359,50,81,109,152,81,110,80,113,452,676,511,747,483,705,482,708
TRT001359-TEMP000004,ocean,#104e69,3028,TRT001359,77,10,136,91,104,47,103,56,479,605,538,686,506,642,505,651
TRT001360-TEMP000001,ocean,#15448c,2133,TRT001360,72,0,135,56,103,29,104,28,465,484,528,540,496,513,497,512
TRT001360-TEMP000002,ocean,#184481,2557,TRT001360,73,57,128,120,97,88,103,85,466,541,521,604,490,572,496,569
TRT001360-TEMP000003,ocean,#1627b0,1413,TRT001360,102,25,149,81,128,57,130,55,495,509,542,565,521,541,523,539
TRT001360-TEMP000004,ocean,#1b0880,2535,TRT001360,12,23,84,74,51,50,51,49,405,507,477,558,444,534,444,533
TRT001360-TEMP000005,ocean,#0c2489,1637,TRT001360,107,79,161,126,136,104,137,105,500,563,554,610,529,588,530,589
TRT001360-TEMP000006,ocean,#2a32b1,3176,TRT001360,0,64,77,117,39,92,45,92,393,548,470,601,432,576,438,576
TRT001361-TEMP000001,ocean,#21117b,2588,TRT001361,18,63,73,132,46,97,47,97,537,528,592,597,565,562,566,562
TRT001361-TEMP000002,ocean,#341dad,2622,TRT001361,39,0,104,64,69,31,68,31,558,465,623,529,588,496,587,496
TRT001361-TEMP000003,ocean,#2c0b84,1887,TRT001361,60,59,118,116,85,88,87,87,579,524,637,581,604,553,606,552
TRT001361-TEMP000004,ocean,#33478f,2447,TRT001361,0,4,54,74,28,39,27,40,519,469,573,539,547,504,546,505
TRT001361-TEMP000005,ocean,#15079b,1625,TRT001361,80,30,134,95,108,65,109,64,599,495,653,560,627,530,628,529
TRT001362-TEMP000001,ocean,#1f1976,3193,TRT001362,14,0,101,69,63,36,60,40,224,730,311,799,273,766,270,770
TRT001362-TEMP000002,ocean,#313073,2162,TRT001362,70,17,128,99,99,65,101,67,280,747,338,829,309,795,311,797
TRT001362-TEMP000003,ocean,#362e79,2020,TRT001362,55,79,129,132,86,106,87,106,265,809,339,862,296,836,297,836
TRT001362-TEMP000004,ocean,#1d2aa2,2642,TRT001362,0,51,72,124,40,83,44,89,210,781,282,854,250,813,254,819
TRT001363-TEMP000001,ocean,#33036e,2437,TRT001363,0,69,63,132,32,101,34,103,169,697,232,760,201,729,203,731
TRT001363-TEMP000002,ocean,#2e0f65,2621,TRT001363,60,56,124,129,88,94,89,93,229,684,293,757,257,722,258,721
TRT001363-TEMP000003,ocean,#3221b2,2610,TRT001363,24,0,90,82,55,49,55,50,193,628,259,710,224,677,224,678
TRT001363-TEMP000004,ocean,#252f65,1798,TRT001363,14,109,85,159,49,133,50,135,183,737,254,787,218,761,219,763
TRT001364-TEMP000001,ocean,#0d21ac,2762,TRT001364,90,12,142,79,114,48,115,43,312,591,364,658,336,627,337,622
TRT001364-TEMP000002,ocean,#364aa4,2667,TRT001364,35,70,97,143,66,99,68,95,257,649,319,722,288,678,290,674
TRT001364-TEMP000003,ocean,#374f8a,1986,TRT001364,36,17,91,69,69,46,66,44,258,596,313,648,291,625,288,623
TRT001364-TEMP000004,ocean,#250799,915,TRT001364,115,0,161,45,140,20,143,18,337,579,383,624,362,599,365,597
TRT001364-TEMP000005,ocean,#040e9d,2068,TRT001364,0,40,56,100,28,65,28,68,222,619,278,679,250,644,250,647
TRT001364-TEMP000006,ocean,#2a4fb1,3081,TRT001364,70,75,138,154,104,112,104,110,292,654,360,733,326,691,326,689
TRT001365-TEMP000001,ocean,#1312a0,2744,TRT001365,17,60,88,124,50,91,52,92,324,766,395,830,357,797,359,798
TRT001365-TEMP000002,ocean,#1e1581,2293,TRT001365,65,31,122,99,97,65,99,64,372,737,429,805,404,771,406,770
TRT001365-TEMP000003,ocean,#0c377a,2717,TRT001365,0,3,58,77,28,40,31,42,307,709,365,783,335,746,338,748
TRT001365-TEMP000004,ocean,#261d80,1336,TRT001365,112,33,169,79,136,57,138,57,419,739,476,785,443,763,445,763
TRT001365-TEMP000005,ocean,#0123a1,1985,TRT001365,39,0,106,61,68,30,70,29,346,706,413,767,375,736,377,735
TRT001366-TEMP000001,ocean,#330da2,1831,TRT001366,71,127,130,186,104,160,104,160,423,702,482,761,456,735,456,735
TRT001366-TEMP000002,ocean,#2a33a6,2627,TRT001366,37,102,102,164,69,131,69,130,389,677,454,739,421,706,421,705
TRT001366-TEMP000003,ocean,#0d138d,2493,TRT001366,0,78,50,148,23,112,23,113,352,653,402,723,375,687,375,688
TRT001366-TEMP000004,ocean,#0142a6,2163,TRT001366,27,48,91,106,61,82,62,80,379,623,443,681,413,657,414,655
TRT001366-TEMP000005,ocean,#1b3176,2506,TRT001366,10,0,68,78,35,44,34,46,362,575,420,653,387,619,386,621
TRT001367-TEMP000001,ocean,#26386d,1568,TRT001367,10,66,63,112,38,87,36,88,388,279,441,325,416,300,414,301
TRT001367-TEMP000002,ocean,#261565,1522,TRT001367,62,21,113,91,89,62,91,65,440,234,491,304,467,275,469,278
TRT001367-TEMP000003,ocean,#3841b0,1645,TRT001367,49,77,99,128,75,103,74,104,427,290,477,341,453,316,452,317
TRT001367-TEMP000004,ocean,#21339d,1961,TRT001367,39,0,109,70,67,36,67,41,417,213,487,283,445,249,445,254
TRT001367-TEMP000005,ocean,#184392,1404,TRT001367,0,25,52,78,28,56,27,55,378,238,430,291,406,269,405,268
TRT001368-TEMP000001,ocean,#0335a6,1829,TRT001368,71,78,122,127,94,101,94,101,523,430,574,479,546,453,546,453
TRT001368-TEMP000002,ocean,#1b1b64,1758,TRT001368,46,35,90,90,69,63,72,63,498,387,542,442,521,415,524,415
TRT001368-TEMP000003,ocean,#040289,2253,TRT001368,18,77,75,140,49,106,49,107,470,429,527,492,501,458,501,459
TRT001368-TEMP000004,ocean,#371874,2337,TRT001368,0,19,53,86,26,53,29,51,452,371,505,438,478,405,481,403
TRT001368-TEMP000005,ocean,#002770,1218,TRT001368,87,38,118,84,104,60,106,59,539,390,570,436,556,412,558,411
TRT001368-TEMP000006,ocean,#231266,1897,TRT001368,15,0,76,42,49,17,52,16,467,352,528,394,501,369,504,368
TRT001368-TEMP000007,ocean,#3b4ab2,1595,TRT001368,74,3,118,42,96,22,98,21,526,355,570,394,548,374,550,373
TRT001369-TEMP000001,ocean,#2c1165,1695,TRT001369,58,1,121,55,84,29,84,29,400,315,463,369,426,343,426,343
TRT001369-TEMP000002,ocean,#0d44b1,1734,TRT001369,15,0,67,62,46,36,46,35,357,314,409,376,388,350,388,349
TRT001369-TEMP000003,ocean,#044db3,2273,TRT001369,0,50,51,114,26,81,27,81,342,364,393,428,368,395,369,395
TRT001369-TEMP000004,ocean,#070f7b,1775,TRT001369,83,27,132,95,108,58,108,59,425,341,474,409,450,372,450,373
TRT001369-TEMP000005,ocean,#122392,1987,TRT001369,48,51,101,104,70,78,70,77,390,365,443,418,412,392,412,391
TRT001370-TEMP000001,ocean,#053673,1591,TRT001370,45,36,102,87,71,59,71,58,335,307,392,358,361,330,361,329
TRT001370-TEMP000002,ocean,#223696,1984,TRT001370,0,9,56,68,28,41,29,40,290,280,346,339,318,312,319,311
TRT001370-TEMP000003,ocean,#354d80,1812,TRT001370,15,61,70,121,43,87,42,87,305,332,360,392,333,358,332,358
TRT001370-TEMP000004,ocean,#224779,1586,TRT001370,52,0,106,50,80,26,81,25,342,271,396,321,370,297,371,296
TRT001371-TEMP000001,ocean,#0a1b83,1756,TRT001371,31,95,98,136,64,121,62,121,498,313,565,354,531,339,529,339
TRT001371-TEMP000002,ocean,#011a7d,1410,TRT001371,60,65,97,122,84,91,85,92,527,283,564,340,551,309,552,310
TRT001371-TEMP000003,ocean,#360e6e,1846,TRT001371,16,47,79,97,49,70,53,70,483,265,546,315,516,288,520,288
TRT001371-TEMP000004,ocean,#364981,1642,TRT001371,57,9,97,66,77,39,78,39,524,227,564,284,544,257,545,257
TRT001371-TEMP000005,ocean,#0b2b67,2016,TRT001371,0,63,50,133,23,104,23,100,467,281,517,351,490,322,490,318
TRT001371-TEMP000006,ocean,#1d3e6a,2015,TRT001371,16,0,67,59,39,28,40,28,483,218,534,277,506,246,507,246
TRT001372-TEMP000001,ocean,#2f307a,1882,TRT001372,39,62,98,114,67,87,68,90,398,470,457,522,426,495,427,498
TRT001372-TEMP000002,ocean,#031da7,1877,TRT001372,58,16,113,74,86,46,85,49,417,424,472,482,445,454,444,457
TRT001372-TEMP000003,ocean,#1c189e,1748,TRT001372,33,0,103,44,68,19,64,19,392,408,462,452,427,427,423,427
TRT001372-TEMP000004,ocean,#05118b,2305,TRT001372,0,11,58,77,30,42,31,45,359,419,417,485,389,450,390,453
TRT001372-TEMP000005,ocean,#0b1c7a,1636,TRT001372,89,39,136,99,112,73,113,71,448,447,495,507,471,481,472,479
TRT001373-TEMP000001,ocean,#11058a,1875,TRT001373,8,81,60,129,31,110,29,110,1125,2063,1177,2111,1148,2092,1146,2092
TRT001373-TEMP000002,ocean,#032080,2168,TRT001373,6,53,80,105,45,78,46,80,1123,2035,1197,2087,1162,2060,1163,2062
TRT001373-TEMP000003,ocean,#0e3b73,2761,TRT001373,59,67,124,129,89,104,89,105,1176,2049,1241,2111,1206,2086,1206,2087
TRT001373-TEMP000004,ocean,#2a28a9,2418,TRT001373,0,2,49,70,24,34,25,35,1117,1984,1166,2052,1141,2016,1142,2017
TRT001373-TEMP000005,ocean,#0f338c,2182,TRT001373,46,0,96,70,66,38,67,38,1163,1982,1213,2052,1183,2020,1184,2020
TRT001374-TEMP000001,ocean,#264b73,2713,TRT001374,27,84,107,138,67,116,68,115,1115,1934,1195,1988,1155,1966,1156,1965
TRT001374-TEMP000002,ocean,#2f27b0,3029,TRT001374,77,43,145,119,110,81,110,79,1165,1893,1233,1969,1198,1931,1198,1929
TRT001374-TEMP000003,ocean,#241dab,2411,TRT001374,13,53,77,112,44,79,44,78,1101,1903,1165,1962,1132,1929,1132,1928
TRT001374-TEMP000004,ocean,#30189d,1944,TRT001374,0,10,53,65,30,38,30,37,1088,1860,1141,1915,1118,1888,1118,1887
TRT001374-TEMP000005,ocean,#3b339c,2374,TRT001374,51,0,109,69,75,35,76,34,1139,1850,1197,1919,1163,1885,1164,1884
TRT001375-TEMP000001,ocean,#361ba4,1712,TRT001375,28,0,86,57,58,26,57,29,1036,1881,1094,1938,1066,1907,1065,1910
TRT001375-TEMP000002,ocean,#1c1988,2196,TRT001375,0,21,52,76,25,54,24,52,1008,1902,1060,1957,1033,1935,1032,1933
TRT001375-TEMP000003,ocean,#214c66,2683,TRT001375,0,77,53,132,25,103,24,100,1008,1958,1061,2013,1033,1984,1032,1981
TRT001375-TEMP000004,ocean,#2c2f94,2858,TRT001375,51,73,116,126,81,98,79,97,1059,1954,1124,2007,1089,1979,1087,1978
TRT001375-TEMP000005,ocean,#2a00ac,1720,TRT001375,53,19,105,74,79,54,80,50,1061,1900,1113,1955,1087,1935,1088,1931
TRT001376-TEMP000001,ocean,#042680,2171,TRT001376,0,9,56,65,28,38,26,40,1013,2009,1069,2065,1041,2038,1039,2040
TRT001376-TEMP000002,ocean,#120179,2170,TRT001376,57,7,111,79,90,48,90,49,1070,2007,1124,2079,1103,2048,1103,2049
TRT001376-TEMP000003,ocean,#1c3c82,2460,TRT001376,54,62,117,111,81,91,77,91,1067,2062,1130,2111,1094,2091,1090,2091
TRT001376-TEMP000004,ocean,#2339ad,1918,TRT001376,13,63,54,111,33,88,30,90,1026,2063,1067,2111,1046,2088,1043,2090
TRT001376-TEMP000005,ocean,#1f41a9,1944,TRT001376,34,0,106,53,67,21,63,21,1047,2000,1119,2053,1080,2021,1076,2021
TRT001377-TEMP000001,ocean,#203ea9,2711,TRT001377,14,64,90,121,51,93,53,91,1198,2001,1274,2058,1235,2030,1237,2028
TRT001377-TEMP000002,ocean,#240e9c,1974,TRT001377,55,26,106,99,81,62,83,62,1239,1963,1290,2036,1265,1999,1267,1999
TRT001377-TEMP000003,ocean,#254291,3067,TRT001377,0,0,71,77,36,41,37,42,1184,1937,1255,2014,1220,1978,1221,1979
TRT001377-TEMP000004,ocean,#0325a9,2370,TRT001377,36,110,86,174,66,142,65,141,1220,2047,1270,2111,1250,2079,1249,2078
TRT001378-TEMP000001,ocean,#1e2f91,1903,TRT001378,107,27,151,96,129,62,129,61,2042,357,2086,426,2064,392,2064,391
TRT001378-TEMP000002,ocean,#3a347d,2298,TRT001378,67,0,140,54,105,28,103,30,2002,330,2075,384,2040,358,2038,360
TRT001378-TEMP000003,ocean,#1d0a68,1682,TRT001378,70,44,118,93,91,72,90,73,2005,374,2053,423,2026,402,2025,403
TRT001378-TEMP000004,ocean,#034373,1149,TRT001378,36,48,74,97,57,75,56,76,1971,378,2009,427,1992,405,1991,406
TRT001378-TEMP000005,ocean,#15368d,1347,TRT001378,0,32,70,71,39,54,38,54,1935,362,2005,401,1974,384,1973,384
TRT001379-TEMP000001,ocean,#2f3a77,1216,TRT001379,105,46,149,98,127,66,128,67,2038,468,2082,520,2060,488,2061,489
TRT001379-TEMP000002,ocean,#0643a3,1930,TRT001379,63,0,124,47,93,19,98,20,1996,422,2057,469,2026,441,2031,442
TRT001379-TEMP000003,ocean,#2029a6,1895,TRT001379,44,27,104,82,75,54,77,55,1977,449,2037,504,2008,476,2010,477
TRT001379-TEMP000004,ocean,#1123a6,1357,TRT001379,109,2,151,52,131,30,133,32,2042,424,2084,474,2064,452,2066,454
TRT001379-TEMP000005,ocean,#260990,2536,TRT001379,0,0,67,59,33,28,36,28,1933,422,2000,481,1966,450,1969,450
TRT001379-TEMP000006,ocean,#1a34a9,1135,TRT001379,80,55,133,104,107,81,107,82,2013,477,2066,526,2040,503,2040,504
TRT001380-TEMP000001,ocean,#10137e,1779,TRT001380,34,0,78,50,59,21,57,20,2104,383,2148,433,2129,404,2127,403
TRT001380-TEMP000002,ocean,#2a4577,2121,TRT001380,4,40,66,87,37,64,36,63,2074,423,2136,470,2107,447,2106,446
TRT001380-TEMP000003,ocean,#334a8f,2333,TRT001380,64,36,127,79,95,59,94,57,2134,419,2197,462,2165,442,2164,440
TRT001380-TEMP000004,ocean,#1d4896,1597,TRT001380,79,0,127,45,100,21,100,19,2149,383,2197,428,2170,404,2170,402
TRT001380-TEMP000005,ocean,#122095,1526,TRT001380,0,0,41,54,21,27,21,26,2070,383,2111,437,2091,410,2091,409
TRT001381-TEMP000001,ocean,#2b2372,1487,TRT001381,22,56,75,106,51,81,51,82,2087,513,2140,563,2116,538,2116,539
TRT001381-TEMP000002,ocean,#32086f,1446,TRT001381,60,42,107,99,81,68,82,70,2125,499,2172,556,2146,525,2147,527
TRT001381-TEMP000003,ocean,#0934a6,2183,TRT001381,21,6,84,56,55,29,55,30,2086,463,2149,513,2120,486,2120,487
TRT001381-TEMP000004,ocean,#032894,1379,TRT001381,81,27,137,67,109,43,109,43,2146,484,2202,524,2174,500,2174,500
TRT001381-TEMP000005,ocean,#030d6d,1752,TRT001381,0,14,48,86,22,54,21,55,2065,471,2113,543,2087,511,2086,512
TRT001381-TEMP000006,ocean,#172e6a,1363,TRT001381,78,0,133,31,107,16,107,15,2143,457,2198,488,2172,473,2172,472
TRT001382-TEMP000001,ocean,#1c4566,1594,TRT001382,9,57,59,97,37,79,34,78,2076,342,2126,382,2104,364,2101,363
TRT001382-TEMP000002,ocean,#0f00b3,1598,TRT001382,33,12,76,67,55,40,54,40,2100,297,2143,352,2122,325,2121,325
TRT001382-TEMP000003,ocean,#0b0890,2218,TRT001382,59,53,113,97,87,77,84,77,2126,338,2180,382,2154,362,2151,362
TRT001382-TEMP000004,ocean,#3125a7,1819,TRT001382,66,0,112,57,91,30,91,30,2133,285,2179,342,2158,315,2158,315
TRT001382-TEMP000005,ocean,#2e349d,1103,TRT001382,0,26,37,70,20,48,19,47,2067,311,2104,355,2087,333,2086,332
TRT001383-TEMP000001,ocean,#282f8b,2320,TRT001383,38,67,101,122,77,91,78,93,183,564,246,619,222,588,223,590
TRT001383-TEMP000002,ocean,#353793,2329,TRT001383,41,13,95,74,71,43,72,43,186,510,240,571,216,540,217,540
TRT001383-TEMP000003,ocean,#26426e,2116,TRT001383,99,65,147,122,120,93,121,91,244,562,292,619,265,590,266,588
TRT001383-TEMP000004,ocean,#013bb0,1904,TRT001383,93,21,141,69,114,47,115,45,238,518,286,566,259,544,260,542
TRT001383-TEMP000005,ocean,#2820ac,2449,TRT001383,0,0,59,77,32,32,32,33,145,497,204,574,177,529,177,530
TRT001384-TEMP000001,ocean,#3334ac,2576,TRT001384,78,45,143,99,109,72,109,73,143,402,208,456,174,429,174,430
TRT001384-TEMP000002,ocean,#2a1077,2213,TRT001384,18,59,80,111,51,81,49,80,83,416,145,468,116,438,114,437
TRT001384-TEMP000003,ocean,#181098,2166,TRT001384,71,0,131,56,98,30,100,29,136,357,196,413,163,387,165,386
TRT001384-TEMP000004,ocean,#0e3e77,1919,TRT001384,40,96,92,162,69,127,69,126,105,453,157,519,134,484,134,483
TRT001384-TEMP000005,ocean,#370ba2,2502,TRT001384,0,12,80,62,46,41,51,41,65,369,145,419,111,398,116,398
TRT001384-TEMP000006,ocean,#29087f,1601,TRT001384,77,92,125,149,100,116,100,119,142,449,190,506,165,473,165,476
TRT001385-TEMP000001,ocean,#2b26ac,2276,TRT001385,85,26,137,97,112,61,112,60,362,493,414,564,389,528,389,527
TRT001385-TEMP000002,ocean,#132180,2331,TRT001385,53,0,124,54,86,25,85,25,330,467,401,521,363,492,362,492
TRT001385-TEMP000003,ocean,#34177b,1820,TRT001385,36,46,91,100,64,73,64,75,313,513,368,567,341,540,341,542
TRT001385-TEMP000004,ocean,#0c1793,1874,TRT001385,53,80,119,123,83,104,82,105,330,547,396,590,360,571,359,572
TRT001385-TEMP000005,ocean,#2f3c8c,2439,TRT001385,0,64,53,136,27,100,25,98,277,531,330,603,304,567,302,565
TRT001385-TEMP000006,ocean,#2f387b,2354,TRT001385,0,12,64,71,34,43,36,42,277,479,341,538,311,510,313,509
TRT001386-TEMP000001,ocean,#132b72,1833,TRT001386,0,27,58,83,29,58,29,54,257,384,315,440,286,415,286,411
TRT001386-TEMP000002,ocean,#343172,2666,TRT001386,56,46,120,118,86,85,83,81,313,403,377,475,343,442,340,438
TRT001386-TEMP000003,ocean,#14139d,2005,TRT001386,19,69,77,127,49,99,46,97,276,426,334,484,306,456,303,454
TRT001386-TEMP000004,ocean,#1a1bb3,1700,TRT001386,31,0,89,60,59,33,58,29,288,357,346,417,316,390,315,386
TRT001387-TEMP000001,ocean,#133291,1916,TRT001387,73,50,132,112,99,77,99,76,239,355,298,417,265,382,265,381
TRT001387-TEMP000002,ocean,#2c038f,2017,TRT001387,28,63,90,112,59,92,59,92,194,368,256,417,225,397,225,397
TRT001387-TEMP000003,ocean,#262c95,2099,TRT001387,95,0,144,66,119,34,119,34,261,305,310,371,285,339,285,339
TRT001387-TEMP000004,ocean,#2f4a67,1845,TRT001387,47,11,98,66,76,39,76,38,213,316,264,371,242,344,242,343
TRT001387-TEMP000005,ocean,#0204a4,1867,TRT001387,0,33,61,88,33,59,33,58,166,338,227,393,199,364,199,363
TRT001388-TEMP000001,ocean,#05399b,2080,TRT001388,59,0,111,58,79,29,79,28,233,418,285,476,253,447,253,446
TRT001388-TEMP000002,ocean,#34387a,2718,TRT001388,68,43,127,107,96,75,97,75,242,461,301,525,270,493,271,493
TRT001388-TEMP000003,ocean,#200b7a,2647,TRT001388,0,49,70,99,39,71,41,70,174,467,244,517,213,489,215,488
TRT001388-TEMP000004,ocean,#1b44a2,1768,TRT001388,13,0,60,50,41,26,39,27,187,418,234,468,215,444,213,445
TRT001389-TEMP000001,ocean,#121964,2783,TRT001389,28,59,92,123,64,91,65,90,354,1263,418,1327,390,1295,391,1294
TRT001389-TEMP000002,ocean,#100a73,2675,TRT001389,78,27,147,82,113,60,113,60,404,1231,473,1286,439,1264,439,1264
TRT001389-TEMP000003,ocean,#14097c,2762,TRT001389,18,0,94,62,56,31,56,31,344,1204,420,1266,382,1235,382,1235
TRT001389-TEMP000004,ocean,#09239e,2110,TRT001389,82,83,142,127,113,104,113,104,408,1287,468,1331,439,1308,439,1308
TRT001389-TEMP000005,ocean,#0d4385,2301,TRT001389,0,24,55,104,25,62,24,62,326,1228,381,1308,351,1266,350,1266
TRT001390-TEMP000001,ocean,#050a70,2712,TRT001390,87,17,146,85,117,56,116,53,455,1118,514,1186,485,1157,484,1154
TRT001390-TEMP000002,ocean,#2e477f,2480,TRT001390,29,31,91,90,61,63,60,64,397,1132,459,1191,429,1164,428,1165
TRT001390-TEMP000003,ocean,#2615b0,2794,TRT001390,88,82,137,156,108,115,108,114,456,1183,505,1257,476,1216,476,1215
TRT001390-TEMP000004,ocean,#223f6d,1999,TRT001390,40,87,87,148,69,114,67,114,408,1188,455,1249,437,1215,435,1215
TRT001390-TEMP000005,ocean,#274c83,1861,TRT001390,55,0,122,53,88,25,87,24,423,1101,490,1154,456,1126,455,1125
TRT001390-TEMP000006,ocean,#0d4688,1506,TRT001390,0,65,54,123,30,95,28,96,368,1166,422,1224,398,1196,396,1197
TRT001391-TEMP000001,ocean,#152886,2392,TRT001391,55,9,118,59,82,34,81,34,519,1251,582,1301,546,1276,545,1276
TRT001391-TEMP000002,ocean,#3529a1,2396,TRT001391,4,0,58,59,34,30,33,31,468,1242,522,1301,498,1272,497,1273
TRT001391-TEMP000003,ocean,#2636ab,2292,TRT001391,0,48,52,100,26,75,23,76,464,1290,516,1342,490,1317,487,1318
TRT001391-TEMP000004,ocean,#020b69,2647,TRT001391,50,59,121,116,83,85,79,84,514,1301,585,1358,547,1327,543,1326
TRT001391-TEMP000005,ocean,#023d87,3171,TRT001391,95,18,159,111,126,59,125,59,559,1260,623,1353,590,1301,589,1301
TRT001392-TEMP000001,ocean,#1301b0,2298,TRT001392,58,36,121,106,89,68,89,72,553,1178,616,1248,584,1210,584,1214
TRT001392-TEMP000002,ocean,#2313a8,2864,TRT001392,12,0,83,65,43,33,44,34,507,1142,578,1207,538,1175,539,1176
TRT001392-TEMP000003,ocean,#34226c,2789,TRT001392,93,59,159,133,124,96,125,96,588,1201,654,1275,619,1238,620,1238
TRT001392-TEMP000004,ocean,#193088,1818,TRT001392,30,64,92,118,62,96,60,98,525,1206,587,1260,557,1238,555,1240
TRT001392-TEMP000005,ocean,#2b07a4,2164,TRT001392,0,45,52,108,22,78,22,77,495,1187,547,1250,517,1220,517,1219
TRT001393-TEMP000001,ocean,#1718b0,2320,TRT001393,10,62,78,122,48,89,46,90,453,1066,521,1126,491,1093,489,1094
TRT001393-TEMP000002,ocean,#1d046a,2741,TRT001393,29,0,98,67,62,34,62,36,472,1004,541,1071,505,1038,505,1040
TRT001393-TEMP000003,ocean,#030caa,2787,TRT001393,58,82,125,150,91,115,91,113,501,1086,568,1154,534,1119,534,1117
TRT001393-TEMP000004,ocean,#34006d,2682,TRT001393,74,31,143,98,108,66,109,65,517,1035,586,1102,551,1070,552,1069
TRT001393-TEMP000005,ocean,#3a14a5,1907,TRT001393,0,22,49,88,22,57,21,57,443,1026,492,1092,465,1061,464,1061
TRT001394-TEMP000001,ocean,#1c24af,2200,TRT001394,51,50,106,97,80,74,78,73,597,1111,652,1158,626,1135,624,1134
TRT001394-TEMP000002,ocean,#2d1baa,3423,TRT001394,102,19,163,98,129,58,128,65,648,1080,709,1159,675,1119,674,1126
TRT001394-TEMP000003,ocean,#3616ac,1935,TRT001394,45,97,101,147,76,119,76,120,591,1158,647,1208,622,1180,622,1181
TRT001394-TEMP000004,ocean,#0d3779,1924,TRT001394,0,76,63,127,34,95,35,97,546,1137,609,1188,580,1156,581,1158
TRT001394-TEMP000005,ocean,#083bb0,2677,TRT001394,39,0,123,49,78,26,79,26,585,1061,669,1110,624,1087,625,1087
TRT001394-TEMP000006,ocean,#1b298c,2287,TRT001394,92,94,145,154,117,123,116,127,638,1155,691,1215,663,1184,662,1188
TRT001394-TEMP000007,ocean,#1019ad,2032,TRT001394,7,7,61,76,37,51,34,54,553,1068,607,1137,583,1112,580,1115
TRT001395-TEMP000001,ocean,#294194,2343,TRT001395,46,72,110,130,82,100,82,102,540,1004,604,1062,576,1032,576,1034
TRT001395-TEMP000002,ocean,#2a32a3,2603,TRT001395,65,12,136,85,102,51,99,54,559,944,630,1017,596,983,593,986
TRT001395-TEMP000003,ocean,#104b7a,2941,TRT001395,0,26,70,100,38,65,36,67,494,958,564,1032,532,997,530,999
TRT001395-TEMP000004,ocean,#0f3d7d,2689,TRT001395,38,0,126,51,78,21,77,22,532,932,620,983,572,953,571,954
TRT001396-TEMP000001,ocean,#303a75,1734,TRT001396,82,69,128,139,109,102,108,99,674,1014,720,1084,701,1047,700,1044
TRT001396-TEMP000002,ocean,#381778,2384,TRT001396,38,35,103,96,73,66,71,67,630,980,695,1041,665,1011,663,1012
TRT001396-TEMP000003,ocean,#0c0096,2699,TRT001396,0,56,61,125,31,94,30,93,592,1001,653,1070,623,1039,622,1038
TRT001396-TEMP000004,ocean,#283b8a,1982,TRT001396,46,93,120,147,81,120,83,121,638,1038,712,1092,673,1065,675,1066
TRT001396-TEMP000005,ocean,#263f90,2371,TRT001396,21,0,88,59,50,30,51,29,613,945,680,1004,642,975,643,974
TRT001397-TEMP000001,ocean,#0e3f8a,1605,TRT001397,80,61,119,118,98,89,98,91,659,331,698,388,677,359,677,361
TRT001397-TEMP000002,ocean,#064a67,1561,TRT001397,37,71,85,118,64,95,65,94,616,341,664,388,643,365,644,364
TRT001397-TEMP000003,ocean,#1e227d,1713,TRT001397,46,23,97,73,73,50,72,50,625,293,676,343,652,320,651,320
TRT001397-TEMP000004,ocean,#102ea7,1819,TRT001397,84,0,136,65,110,34,110,35,663,270,715,335,689,304,689,305
TRT001397-TEMP000005,ocean,#0f0184,1543,TRT001397,0,40,57,92,33,65,33,65,579,310,636,362,612,335,612,335
TRT001398-TEMP000001,ocean,#203695,1632,TRT001398,19,15,73,70,50,44,48,45,601,403,655,458,632,432,630,433
TRT001398-TEMP000002,ocean,#2c4e7b,1620,TRT001398,50,0,112,40,80,16,79,16,632,388,694,428,662,404,661,404
TRT001398-TEMP000003,ocean,#3b4f96,1994,TRT001398,73,18,136,77,99,46,98,46,655,406,718,465,681,434,680,434
TRT001398-TEMP000004,ocean,#1b14a6,1822,TRT001398,0,52,77,94,37,74,39,75,582,440,659,482,619,462,621,463
TRT001399-TEMP000001,ocean,#3113a6,1536,TRT001399,0,101,43,155,22,122,23,123,686,374,729,428,708,395,709,396
TRT001399-TEMP000002,ocean,#3445ab,1465,TRT001399,3,53,47,100,24,79,24,78,689,326,733,373,710,352,710,351
TRT001399-TEMP000003,ocean,#2a06a8,1481,TRT001399,31,111,85,158,55,131,55,131,717,384,771,431,741,404,741,404
TRT001399-TEMP000004,ocean,#2204a1,1417,TRT001399,13,0,61,63,35,40,37,38,699,273,747,336,721,313,723,311
TRT001399-TEMP000005,ocean,#3124ae,1513,TRT001399,35,63,80,110,57,91,56,90,721,336,766,383,743,364,742,363
TRT001399-TEMP000006,ocean,#33316c,1615,TRT001399,51,28,110,86,76,59,79,61,737,301,796,359,762,332,765,334
TRT001399-TEMP000007,ocean,#2b43af,2082,TRT001399,76,71,132,127,102,99,101,101,762,344,818,400,788,372,787,374
TRT001400-TEMP000001,ocean,#2841a2,1763,TRT001400,40,3,91,48,64,26,63,27,591,234,642,279,615,257,614,258
TRT001400-TEMP000002,ocean,#212587,1838,TRT001400,14,44,52,99,31,71,30,70,565,275,603,330,582,302,581,301
TRT001400-TEMP000003,ocean,#100696,1484,TRT001400,47,44,97,88,69,63,68,64,598,275,648,319,620,294,619,295
TRT001400-TEMP000004,ocean,#3b266e,1803,TRT001400,84,16,144,66,110,42,110,42,635,247,695,297,661,273,661,273
TRT001400-TEMP000005,ocean,#1d11a5,1514,TRT001400,0,0,47,45,25,21,24,19,551,231,598,276,576,252,575,250
TRT001401-TEMP000001,ocean,#0d3d6f,1551,TRT001401,31,29,76,90,51,58,51,57,596,360,641,421,616,389,616,388
TRT001401-TEMP000002,ocean,#3646af,1425,TRT001401,0,0,46,44,19,23,18,23,565,331,611,375,584,354,583,354
TRT001401-TEMP000003,ocean,#1b2cb3,1246,TRT001401,6,44,41,85,21,65,20,65,571,375,606,416,586,396,585,396
TRT001401-TEMP000004,ocean,#242e7a,1511,TRT001401,6,83,51,136,23,105,23,104,571,414,616,467,588,436,588,435
TRT001402-TEMP000001,ocean,#101483,2343,TRT001402,51,34,110,90,83,59,80,54,1222,1213,1281,1269,1254,1238,1251,1233
TRT001402-TEMP000002,ocean,#0b2e7d,2749,TRT001402,24,72,107,136,61,101,64,99,1195,1251,1278,1315,1232,1280,1235,1278
TRT001402-TEMP000003,ocean,#3419aa,2407,TRT001402,0,36,56,110,28,69,27,67,1171,1215,1227,1289,1199,1248,1198,1246
TRT001402-TEMP000004,ocean,#2244a2,1812,TRT001402,16,0,65,48,44,23,45,20,1187,1179,1236,1227,1215,1202,1216,1199
TRT001402-TEMP000005,ocean,#2f1581,1221,TRT001402,64,0,100,36,83,18,85,16,1235,1179,1271,1215,1254,1197,1256,1195
TRT001403-TEMP000001,ocean,#2f4281,2327,TRT001403,54,0,108,51,78,23,78,26,1320,1177,1374,1228,1344,1200,1344,1203
TRT001403-TEMP000002,ocean,#053168,2149,TRT001403,0,0,55,47,29,22,30,22,1266,1177,1321,1224,1295,1199,1296,1199
TRT001403-TEMP000003,ocean,#07377d,1892,TRT001403,89,10,142,74,114,45,115,44,1355,1187,1408,1251,1380,1222,1381,1221
TRT001403-TEMP000004,ocean,#19489b,1912,TRT001403,48,51,108,103,75,74,75,76,1314,1228,1374,1280,1341,1251,1341,1253
TRT001403-TEMP000005,ocean,#141172,2004,TRT001403,9,43,59,97,35,67,35,67,1275,1220,1325,1274,1301,1244,1301,1244
TRT001404-TEMP000001,ocean,#1a26b2,2751,TRT001404,68,99,137,157,105,125,105,125,1289,1366,1358,1424,1326,1392,1326,1392
TRT001404-TEMP000002,ocean,#2b497d,2339,TRT001404,30,53,90,121,64,86,65,84,1251,1320,1311,1388,1285,1353,1286,1351
TRT001404-TEMP000003,ocean,#15289c,2263,TRT001404,0,16,63,83,34,48,33,49,1221,1283,1284,1350,1255,1315,1254,1316
TRT001404-TEMP000004,ocean,#3b06a4,2577,TRT001404,45,0,111,57,78,27,78,26,1266,1267,1332,1324,1299,1294,1299,1293
TRT001404-TEMP000005,ocean,#1c2f98,1886,TRT001404,78,38,124,98,102,72,103,72,1299,1305,1345,1365,1323,1339,1324,1339
TRT001405-TEMP000001,ocean,#1f4ba3,2108,TRT001405,42,42,106,93,72,69,72,67,1371,1278,1435,1329,1401,1305,1401,1303
TRT001405-TEMP000002,ocean,#1d0e70,2670,TRT001405,0,17,56,85,28,54,29,51,1329,1253,1385,1321,1357,1290,1358,1287
TRT001405-TEMP000003,ocean,#1b4c65,2562,TRT001405,8,84,53,171,33,124,32,118,1337,1320,1382,1407,1362,1360,1361,1354
TRT001405-TEMP000004,ocean,#16388a,1633,TRT001405,42,85,87,154,62,111,63,113,1371,1321,1416,1390,1391,1347,1392,1349
TRT001405-TEMP000005,ocean,#260db0,2411,TRT001405,46,0,118,56,82,29,83,28,1375,1236,1447,1292,1411,1265,1412,1264
TRT001406-TEMP000001,ocean,#342b6f,1460,TRT001406,0,39,36,86,19,62,19,60,718,39,754,86,737,62,737,60
TRT001406-TEMP000002,ocean,#1a2f7f,1236,TRT001406,31,0,71,42,50,23,50,23,749,0,789,42,768,23,768,23
TRT001406-TEMP000003,ocean,#041faf,1256,TRT001406,37,40,71,79,54,59,54,60,755,40,789,79,772,59,772,60
TRT001406-TEMP000004,ocean,#372599,1070,TRT001406,8,0,40,38,22,19,21,17,726,0,758,38,740,19,739,17
TRT001407-TEMP000001,ocean,#1b009d,1473,TRT001407,26,50,73,94,51,70,51,69,675,50,722,94,700,70,700,69
TRT001407-TEMP000002,ocean,#044490,1087,TRT001407,31,13,76,50,53,34,50,32,680,13,725,50,702,34,699,32
TRT001407-TEMP000003,ocean,#1c1d75,1166,TRT001407,0,0,41,33,19,14,18,13,649,0,690,33,668,14,667,13
TRT001407-TEMP000004,ocean,#2516a4,883,TRT001407,42,0,81,35,62,12,64,13,691,0,730,35,711,12,713,13
TRT001407-TEMP000005,ocean,#374392,951,TRT001407,5,29,44,74,25,47,25,47,654,29,693,74,674,47,674,47
TRT001408-TEMP000001,ocean,#2b027b,1091,TRT001408,19,34,65,72,40,49,37,51,568,34,614,72,589,49,586,51
TRT001408-TEMP000002,ocean,#14039b,1558,TRT001408,56,0,99,46,75,18,74,19,605,0,648,46,624,18,623,19
TRT001408-TEMP000003,ocean,#3b27ae,1103,TRT001408,21,0,56,34,40,16,38,17,570,0,605,34,589,16,587,17
TRT001408-TEMP000004,ocean,#133188,958,TRT001408,0,0,26,41,12,20,11,20,549,0,575,41,561,20,560,20
TRT001408-TEMP000005,ocean,#2149ae,745,TRT001408,5,41,32,76,16,60,14,62,554,41,581,76,565,60,563,62
TRT001409-TEMP000001,ocean,#093f8f,1124,TRT001409,33,19,79,60,55,38,55,37,470,19,516,60,492,38,492,37
TRT001409-TEMP000002,ocean,#062d84,1468,TRT001409,67,0,112,39,90,17,90,17,504,0,549,39,527,17,527,17
TRT001409-TEMP000003,ocean,#07336f,1187,TRT001409,84,30,118,77,103,54,103,53,521,30,555,77,540,54,540,53
TRT001409-TEMP000004,ocean,#0e439c,965,TRT001409,23,0,69,28,47,11,46,10,460,0,506,28,484,11,483,10
TRT001409-TEMP000005,ocean,#0c3f75,1239,TRT001409,0,0,35,46,15,22,15,24,437,0,472,46,452,22,452,24
TRT001409-TEMP000006,ocean,#0a1f73,1287,TRT001409,0,38,49,70,23,56,25,57,437,38,486,70,460,56,462,57
TRT001409-TEMP000007,ocean,#314d6a,1039,TRT001409,50,38,94,74,73,60,75,61,487,38,531,74,510,60,512,61
TRT001410-TEMP000001,ocean,#212d7c,1269,TRT001410,50,25,96,62,73,44,73,44,346,25,392,62,369,44,369,44
TRT001410-TEMP000002,ocean,#20059a,1469,TRT001410,102,0,142,41,123,19,123,21,398,0,438,41,419,19,419,21
TRT001410-TEMP000003,ocean,#211bac,1251,TRT001410,62,0,106,35,85,15,84,14,358,0,402,35,381,15,380,14
TRT001410-TEMP000004,ocean,#3a2d8d,1268,TRT001410,28,0,64,42,45,18,43,20,324,0,360,42,341,18,339,20
TRT001410-TEMP000005,ocean,#3a0392,1240,TRT001410,94,34,140,68,117,51,117,53,390,34,436,68,413,51,413,53
TRT001410-TEMP000006,ocean,#373c7f,1191,TRT001410,5,32,51,68,29,50,28,51,301,32,347,68,325,50,324,51
TRT001410-TEMP000007,ocean,#2f26ac,961,TRT001410,0,0,30,40,15,17,13,17,296,0,326,40,311,17,309,17
TRT001411-TEMP000001,ocean,#3b278f,1345,TRT001411,50,30,101,72,75,53,74,52,630,52,681,94,655,75,654,74
TRT001411-TEMP000002,ocean,#0f137e,1119,TRT001411,0,25,52,61,30,47,28,47,580,47,632,83,610,69,608,69
TRT001411-TEMP000003,ocean,#162b81,1143,TRT001411,35,0,82,44,60,24,59,23,615,22,662,66,640,46,639,45
TRT001412-TEMP000001,ocean,#2f36a4,929,TRT001412,29,0,75,25,52,10,49,10,1094,0,1140,25,1117,10,1114,10
TRT001412-TEMP000002,ocean,#051bac,1051,TRT001412,0,0,35,40,17,20,16,20,1065,0,1100,40,1082,20,1081,20
TRT001412-TEMP000003,ocean,#111fa5,1250,TRT001412,76,0,136,33,106,11,102,10,1141,0,1201,33,1171,11,1167,10
TRT001412-TEMP000004,ocean,#2f4272,621,TRT001412,33,18,77,51,55,31,54,32,1098,18,1142,51,1120,31,1119,32
TRT001412-TEMP000005,ocean,#0b0d76,2135,TRT001412,101,11,166,71,134,44,133,43,1166,11,1231,71,1199,44,1198,43
TRT001412-TEMP000006,ocean,#0c41aa,1684,TRT001412,137,0,211,34,171,12,170,13,1202,0,1276,34,1236,12,1235,13
TRT001413-TEMP000001,ocean,#350aa0,881,TRT001413,0,41,39,77,20,61,19,59,1217,41,1256,77,1237,61,1236,59
TRT001413-TEMP000002,ocean,#031ba0,1586,TRT001413,28,51,99,87,59,71,46,72,1245,51,1316,87,1276,71,1263,72
TRT001413-TEMP000003,ocean,#134f87,2095,TRT001413,59,0,127,71,89,25,87,33,1276,0,1344,71,1306,25,1304,33
TRT001413-TEMP000004,ocean,#2c436c,532,TRT001413,34,87,65,112,47,100,50,99,1251,87,1282,112,1264,100,1267,99
TRT001413-TEMP000005,ocean,#270a8c,820,TRT001413,0,77,36,112,22,94,21,95,1217,77,1253,112,1239,94,1238,95
TRT001414-TEMP000001,ocean,#183565,747,TRT001414,0,0,81,18,37,5,40,5,843,0,924,18,880,5,883,5
TRT001414-TEMP000002,ocean,#0c3da3,910,TRT001414,81,0,157,16,121,6,122,6,924,0,1000,16,964,6,965,6
TRT001414-TEMP000003,ocean,#104c98,1617,TRT001414,154,0,224,35,189,16,189,16,997,0,1067,35,1032,16,1032,16
TRT001415-TEMP000001,ocean,#340264,671,TRT001415,8,0,60,15,36,7,35,7,1344,0,1396,15,1372,7,1371,7
TRT001415-TEMP000002,ocean,#20027e,1021,TRT001415,43,20,80,61,59,42,60,43,1379,20,1416,61,1395,42,1396,43
TRT001415-TEMP000003,ocean,#0a3c68,1012,TRT001415,0,32,46,71,29,49,29,48,1336,32,1382,71,1365,49,1365,48
TRT001415-TEMP000004,ocean,#12368b,983,TRT001415,58,0,110,34,83,15,83,15,1394,0,1446,34,1419,15,1419,15
TRT001415-TEMP000005,ocean,#232171,1583,TRT001415,37,57,106,104,68,76,64,77,1373,57,1442,104,1404,76,1400,77
TRT001415-TEMP000006,ocean,#232cad,1866,TRT001415,88,70,149,121,116,93,115,91,1424,70,1485,121,1452,93,1451,91
TRT001416-TEMP000001,ocean,#1c22b0,1424,TRT001416,0,10,112,39,61,25,51,24,1012,91,1124,120,1073,106,1063,105
TRT001416-TEMP000002,ocean,#14317d,1291,TRT001416,109,0,218,32,179,18,167,19,1121,81,1230,113,1191,99,1179,100
TRT001417-TEMP000001,ocean,#1d1d74,359,TRT001417,217,66,280,74,248,70,256,72,994,66,1057,74,1025,70,1033,72
TRT001417-TEMP000002,ocean,#08328e,547,TRT001417,196,76,258,100,223,90,219,87,973,76,1035,100,1000,90,996,87
TRT001417-TEMP000003,ocean,#044a7e,1360,TRT001417,152,56,216,92,180,75,177,74,929,56,993,92,957,75,954,74
TRT001417-TEMP000004,ocean,#2014a7,1194,TRT001417,103,54,153,86,128,69,128,70,880,54,930,86,905,69,905,70
TRT001417-TEMP000005,ocean,#2132a9,1271,TRT001417,51,0,97,45,67,23,71,22,828,0,874,45,844,23,848,22
TRT001417-TEMP000006,ocean,#3a0091,1579,TRT001417,59,45,105,87,80,65,80,63,836,45,882,87,857,65,857,63
TRT001417-TEMP000007,ocean,#2b1787,1909,TRT001417,0,0,52,45,28,19,31,21,777,0,829,45,805,19,808,21
TRT001417-TEMP000008,ocean,#211ca4,779,TRT001417,147,32,199,67,169,51,170,48,924,32,976,67,946,51,947,48
TRT001417-TEMP000009,ocean,#2b4e6a,1593,TRT001417,13,40,59,82,36,59,38,62,790,40,836,82,813,59,815,62
TRT001418-TEMP000001,ocean,#394e64,1951,TRT001418,132,47,185,119,153,84,155,84,337,1148,390,1220,358,1185,360,1185
TRT001418-TEMP000002,ocean,#151cb0,2786,TRT001418,62,88,144,151,104,118,105,118,267,1189,349,1252,309,1219,310,1219
TRT001418-TEMP000003,ocean,#1831a8,2158,TRT001418,79,49,142,103,112,77,116,78,284,1150,347,1204,317,1178,321,1179
TRT001418-TEMP000004,ocean,#2149ac,2080,TRT001418,30,9,89,75,66,44,66,41,235,1110,294,1176,271,1145,271,1142
TRT001418-TEMP000005,ocean,#2d0166,2097,TRT001418,83,0,143,63,106,36,106,38,288,1101,348,1164,311,1137,311,1139
TRT001418-TEMP000006,ocean,#1b1e99,3539,TRT001418,0,46,78,115,38,81,41,80,205,1147,283,1216,243,1182,246,1181
TRT001419-TEMP000001,ocean,#144868,1257,TRT001419,59,124,109,170,85,146,86,149,357,1133,407,1179,383,1155,384,1158
TRT001419-TEMP000002,ocean,#393675,3985,TRT001419,36,0,114,85,77,42,77,47,334,1009,412,1094,375,1051,375,1056
TRT001419-TEMP000003,ocean,#1717b1,2161,TRT001419,26,83,85,145,60,114,62,118,324,1092,383,1154,358,1123,360,1127
TRT001419-TEMP000004,ocean,#174fac,2172,TRT001419,78,78,142,136,105,106,106,109,376,1087,440,1145,403,1115,404,1118
TRT001419-TEMP000005,ocean,#1d4a84,2832,TRT001419,0,40,68,116,31,80,30,81,298,1049,366,1125,329,1089,328,1090
TRT001419-TEMP000006,ocean,#2a42b3,2540,TRT001419,94,33,154,103,127,69,128,71,392,1042,452,1112,425,1078,426,1080
TRT001420-TEMP000001,ocean,#38208d,2033,TRT001420,34,24,99,86,63,58,63,56,214,1020,279,1082,243,1054,243,1052
TRT001420-TEMP000002,ocean,#1b2ea4,2289,TRT001420,6,61,58,118,29,89,28,90,186,1057,238,1114,209,1085,208,1086
TRT001420-TEMP000003,ocean,#11176d,2856,TRT001420,56,65,122,131,88,97,86,98,236,1061,302,1127,268,1093,266,1094
TRT001420-TEMP000004,ocean,#062696,2060,TRT001420,15,107,78,165,43,133,42,135,195,1103,258,1161,223,1129,222,1131
TRT001420-TEMP000005,ocean,#1a2296,2238,TRT001420,0,0,56,62,26,33,25,33,180,996,236,1058,206,1029,205,1029
TRT001421-TEMP000001,ocean,#352c96,2022,TRT001421,30,0,87,57,60,28,58,29,239,945,296,1002,269,973,267,974
TRT001421-TEMP000002,ocean,#333c93,1967,TRT001421,73,14,141,71,100,46,100,45,282,959,350,1016,309,991,309,990
TRT001421-TEMP000003,ocean,#240983,2923,TRT001421,85,54,164,133,117,88,115,88,294,999,373,1078,326,1033,324,1033
TRT001421-TEMP000004,ocean,#2307ab,2355,TRT001421,36,55,91,127,68,85,66,83,245,1000,300,1072,277,1030,275,1028
TRT001421-TEMP000005,ocean,#1a41a5,1472,TRT001421,0,27,54,81,29,54,26,54,209,972,263,1026,238,999,235,999
TRT001422-TEMP000001,ocean,#13066f,2404,TRT001422,75,33,157,92,111,65,114,66,111,643,193,702,147,675,150,676
TRT001422-TEMP000002,ocean,#19038d,2286,TRT001422,28,0,103,65,66,29,68,29,64,610,139,675,102,639,104,639
TRT001422-TEMP000003,ocean,#1a49a3,3063,TRT001422,0,10,74,96,38,51,41,53,36,620,110,706,74,661,77,663
TRT001422-TEMP000004,ocean,#1a3f6e,3036,TRT001422,45,73,114,143,81,109,84,110,81,683,150,753,117,719,120,720
TRT001422-TEMP000005,ocean,#00098a,2151,TRT001422,107,68,162,136,132,102,133,102,143,678,198,746,168,712,169,712
TRT001423-TEMP000001,ocean,#1f2667,1970,TRT001423,79,20,140,82,111,50,111,50,79,507,140,569,111,537,111,537
TRT001423-TEMP000002,ocean,#0f1174,2894,TRT001423,6,8,78,82,47,40,48,43,6,495,78,569,47,527,48,530
TRT001423-TEMP000003,ocean,#34348f,2350,TRT001423,0,15,46,100,16,63,15,65,0,502,46,587,16,550,15,552
TRT001423-TEMP000004,ocean,#0911a0,3079,TRT001423,0,82,71,141,32,116,35,116,0,569,71,628,32,603,35,603
TRT001423-TEMP000005,ocean,#0d1466,2588,TRT001423,49,58,110,128,79,92,83,92,49,545,110,615,79,579,83,579
TRT001423-TEMP000006,ocean,#072b70,1832,TRT001423,59,0,130,48,93,21,93,21,59,487,130,535,93,508,93,508
TRT001424-TEMP000001,ocean,#2c3aa9,1894,TRT001424,0,40,61,98,33,71,34,69,88,557,149,615,121,588,122,586
TRT001424-TEMP000002,ocean,#1b17a3,1889,TRT001424,15,80,78,138,52,106,49,104,103,597,166,655,140,623,137,621
TRT001424-TEMP000003,ocean,#2b0166,3086,TRT001424,66,90,136,164,102,125,101,124,154,607,224,681,190,642,189,641
TRT001424-TEMP000004,ocean,#2e14ae,2158,TRT001424,59,47,125,104,87,78,86,77,147,564,213,621,175,595,174,594
TRT001424-TEMP000005,ocean,#2a09a0,1733,TRT001424,32,0,84,61,59,34,59,32,120,517,172,578,147,551,147,549
TRT001425-TEMP000001,ocean,#3a2582,2301,TRT001425,0,57,58,105,27,81,28,83,0,455,58,503,27,479,28,481
TRT001425-TEMP000002,ocean,#150e7b,2502,TRT001425,0,0,51,63,20,33,23,37,0,398,51,461,20,431,23,435
TRT001425-TEMP000003,ocean,#363890,2574,TRT001425,51,36,111,96,79,70,81,70,51,434,111,494,79,468,81,468
TRT001425-TEMP000004,ocean,#2346a8,2001,TRT001425,28,0,89,53,59,23,58,20,28,398,89,451,59,421,58,418
TRT001426-TEMP000001,ocean,#182184,1784,TRT001426,0,28,49,96,17,67,13,64,0,657,49,725,17,696,13,693
TRT001426-TEMP000002,ocean,#2c2a6c,2650,TRT001426,0,78,58,134,29,111,32,111,0,707,58,763,29,740,32,740
TRT001426-TEMP000003,ocean,#073ab2,2520,TRT001426,49,64,104,134,74,104,77,106,49,693,104,763,74,733,77,735
TRT001426-TEMP000004,ocean,#361892,2959,TRT001426,0,0,72,75,33,33,37,39,0,629,72,704,33,662,37,668
TRT001427-TEMP000001,ocean,#070c76,1350,TRT001427,41,0,85,46,59,23,59,24,1515,1098,1559,1144,1533,1121,1533,1122
TRT001427-TEMP000002,ocean,#2b08a4,1290,TRT001427,20,38,64,78,43,61,42,61,1494,1136,1538,1176,1517,1159,1516,1159
TRT001427-TEMP000003,ocean,#2f3167,1130,TRT001427,0,29,31,77,13,53,12,51,1474,1127,1505,1175,1487,1151,1486,1149
TRT001427-TEMP000004,ocean,#222288,1237,TRT001427,3,0,46,40,24,20,25,19,1477,1098,1520,1138,1498,1118,1499,1117
TRT001427-TEMP000005,ocean,#032671,1374,TRT001427,60,30,101,78,78,55,79,55,1534,1128,1575,1176,1552,1153,1553,1153
TRT001428-TEMP000001,ocean,#332180,1293,TRT001428,0,48,54,80,24,63,26,65,1468,1074,1522,1106,1492,1089,1494,1091
TRT001428-TEMP000002,ocean,#3b3467,1501,TRT001428,41,17,80,71,59,43,59,42,1509,1043,1548,1097,1527,1069,1527,1068
TRT001428-TEMP000003,ocean,#10469c,1213,TRT001428,6,0,49,48,29,29,27,32,1474,1026,1517,1074,1497,1055,1495,1058
TRT001429-TEMP000001,ocean,#0e499e,1313,TRT001429,34,41,79,93,57,65,58,68,1403,1206,1448,1258,1426,1230,1427,1233
TRT001429-TEMP000002,ocean,#3526ab,1333,TRT001429,63,31,112,69,89,51,87,50,1432,1196,1481,1234,1458,1216,1456,1215
TRT001429-TEMP000003,ocean,#3407b1,1642,TRT001429,0,5,58,56,34,27,35,28,1369,1170,1427,1221,1403,1192,1404,1193
TRT001429-TEMP000004,ocean,#083d73,1383,TRT001429,64,68,108,109,88,88,89,88,1433,1233,1477,1274,1457,1253,1458,1253
TRT001429-TEMP000005,ocean,#26086d,1150,TRT001429,48,1,86,41,68,19,70,17,1417,1166,1455,1206,1437,1184,1439,1182
TRT001429-TEMP000006,ocean,#0335b2,966,TRT001429,85,0,114,42,99,19,100,19,1454,1165,1483,1207,1468,1184,1469,1184
TRT001430-TEMP000001,ocean,#3616aa,893,TRT001430,43,0,86,30,64,12,63,11,1513,1176,1556,1206,1534,1188,1533,1187
TRT001430-TEMP000002,ocean,#1a0f9a,1339,TRT001430,12,0,53,43,32,19,34,22,1482,1176,1523,1219,1502,1195,1504,1198
TRT001430-TEMP000003,ocean,#104e6f,954,TRT001430,8,26,46,63,23,48,20,46,1478,1202,1516,1239,1493,1224,1490,1222
TRT001430-TEMP000004,ocean,#33348d,1285,TRT001430,38,44,79,87,57,68,59,66,1508,1220,1549,1263,1527,1244,1529,1242
TRT001430-TEMP000005,ocean,#2d3e65,1242,TRT001430,0,62,46,98,22,80,24,79,1470,1238,1516,1274,1492,1256,1494,1255
TRT001430-TEMP000006,ocean,#11228f,953,TRT001430,48,22,94,58,71,40,73,39,1518,1198,1564,1234,1541,1216,1543,1215
TRT001431-TEMP000001,ocean,#132876,940,TRT001431,49,36,91,73,71,53,71,53,1414,1112,1456,1149,1436,1129,1436,1129
TRT001431-TEMP000002,ocean,#123d83,1169,TRT001431,0,54,39,103,23,82,23,81,1365,1130,1404,1179,1388,1158,1388,1157
TRT001431-TEMP000003,ocean,#291e85,1459,TRT001431,54,0,111,43,83,23,81,23,1419,1076,1476,1119,1448,1099,1446,1099
TRT001431-TEMP000004,ocean,#1b257f,1293,TRT001431,77,38,111,89,96,67,96,67,1442,1114,1476,1165,1461,1143,1461,1143
TRT001431-TEMP000005,ocean,#304873,1121,TRT001431,38,58,80,93,56,78,56,79,1403,1134,1445,1169,1421,1154,1421,1155
TRT001431-TEMP000006,ocean,#1e2b6d,1258,TRT001431,27,0,65,58,47,33,46,34,1392,1076,1430,1134,1412,1109,1411,1110
TRT001432-TEMP000001,ocean,#374a66,1333,TRT001432,19,72,71,123,44,92,44,92,1555,1104,1607,1155,1580,1124,1580,1124
TRT001432-TEMP000002,ocean,#2c03b0,1294,TRT001432,0,38,37,89,19,62,19,63,1536,1070,1573,1121,1555,1094,1555,1095
TRT001432-TEMP000003,ocean,#1d0cb3,1196,TRT001432,36,31,69,79,54,56,54,56,1572,1063,1605,1111,1590,1088,1590,1088
TRT001432-TEMP000004,ocean,#1c0091,1402,TRT001432,10,0,62,48,36,25,35,26,1546,1032,1598,1080,1572,1057,1571,1058
TRT001433-TEMP000001,ocean,#1448b1,1772,TRT001433,0,60,61,104,32,81,33,82,1418,1045,1479,1089,1450,1066,1451,1067
TRT001433-TEMP000002,ocean,#143d7a,1287,TRT001433,16,0,56,61,38,34,36,39,1434,985,1474,1046,1456,1019,1454,1024
TRT001433-TEMP000003,ocean,#130ea3,1013,TRT001433,41,30,78,77,59,52,59,48,1459,1015,1496,1062,1477,1037,1477,1033
TRT001434-TEMP000001,ocean,#1a4ea4,2325,TRT001434,80,12,144,82,110,50,110,48,162,759,226,829,192,797,192,795
TRT001434-TEMP000002,ocean,#072290,2294,TRT001434,50,45,113,108,79,76,80,76,132,792,195,855,161,823,162,823
TRT001434-TEMP000003,ocean,#22088e,2229,TRT001434,18,72,74,133,43,101,43,102,100,819,156,880,125,848,125,849
TRT001434-TEMP000004,ocean,#103772,2498,TRT001434,22,0,97,52,62,20,59,20,104,747,179,799,144,767,141,767
TRT001434-TEMP000005,ocean,#24057f,2475,TRT001434,0,8,58,78,27,46,28,48,82,755,140,825,109,793,110,795
TRT001435-TEMP000001,ocean,#071775,2510,TRT001435,0,47,64,111,34,80,34,81,114,863,178,927,148,896,148,897
TRT001435-TEMP000002,ocean,#1214ab,2214,TRT001435,56,65,114,118,87,95,88,96,170,881,228,934,201,911,202,912
TRT001435-TEMP000003,ocean,#3626b1,2331,TRT001435,37,14,101,78,71,49,70,50,151,830,215,894,185,865,184,866
TRT001435-TEMP000004,ocean,#3b2565,2388,TRT001435,83,0,152,62,113,31,116,32,197,816,266,878,227,847,230,848
TRT001435-TEMP000005,ocean,#2e3b8c,2187,TRT001435,101,42,158,93,134,70,133,74,215,858,272,909,248,886,247,890
TRT001435-TEMP000006,ocean,#3b4666,1434,TRT001435,106,94,151,135,131,112,133,113,220,910,265,951,245,928,247,929
TRT001436-TEMP000001,ocean,#3b268a,3061,TRT001436,72,2,129,83,104,48,102,50,72,885,129,966,104,931,102,933
TRT001436-TEMP000002,ocean,#173490,2891,TRT001436,58,75,120,135,89,104,89,106,58,958,120,1018,89,987,89,989
TRT001436-TEMP000003,ocean,#12127b,2132,TRT001436,13,31,74,88,47,62,43,60,13,914,74,971,47,945,43,943
TRT001436-TEMP000004,ocean,#37277a,2764,TRT001436,0,73,60,125,27,102,29,101,0,956,60,1008,27,985,29,984
TRT001436-TEMP000005,ocean,#112cab,1996,TRT001436,38,0,113,51,71,22,68,21,38,883,113,934,71,905,68,904
TRT001436-TEMP000006,ocean,#2b3f8b,1851,TRT001436,0,12,41,72,16,37,14,37,0,895,41,955,16,920,14,920
TRT001437-TEMP000001,ocean,#053aaa,2659,TRT001437,10,0,75,59,41,31,41,31,122,915,187,974,153,946,153,946
TRT001437-TEMP000002,ocean,#2e2378,2395,TRT001437,34,50,94,108,61,80,57,79,146,965,206,1023,173,995,169,994
TRT001437-TEMP000003,ocean,#184584,1797,TRT001437,0,50,43,108,21,83,19,85,112,965,155,1023,133,998,131,1000
TRT001437-TEMP000004,ocean,#281e8e,2945,TRT001437,68,16,145,80,102,45,101,46,180,931,257,995,214,960,213,961
TRT001438-TEMP000001,ocean,#2b0e90,2734,TRT001438,39,0,95,61,66,29,63,27,39,764,95,825,66,793,63,791
TRT001438-TEMP000002,ocean,#3923ac,2273,TRT001438,0,38,58,85,25,62,23,61,0,802,58,849,25,826,23,825
TRT001438-TEMP000003,ocean,#1419b1,3471,TRT001438,47,55,113,125,79,92,77,90,47,819,113,889,79,856,77,854
TRT001438-TEMP000004,ocean,#184a6c,2479,TRT001438,0,85,59,134,26,108,25,108,0,849,59,898,26,872,25,872
TRT001438-TEMP000005,ocean,#2d27a9,1644,TRT001438,0,0,44,41,20,19,17,18,0,764,44,805,20,783,17,782
TRT001439-TEMP000001,ocean,#183caf,2410,TRT001439,0,10,60,69,31,43,31,44,805,1728,865,1787,836,1761,836,1762
TRT001439-TEMP000002,ocean,#1517a5,2181,TRT001439,13,68,66,135,37,94,35,93,818,1786,871,1853,842,1812,840,1811
TRT001439-TEMP000003,ocean,#1f4e80,2372,TRT001439,41,0,110,49,75,24,73,23,846,1718,915,1767,880,1742,878,1741
TRT001439-TEMP000004,ocean,#0e0268,2578,TRT001439,53,38,117,102,84,69,84,70,858,1756,922,1820,889,1787,889,1788
TRT001439-TEMP000005,ocean,#2c2371,2952,TRT001439,25,94,112,159,67,126,67,125,830,1812,917,1877,872,1844,872,1843
TRT001439-TEMP000006,ocean,#28008c,2663,TRT001439,95,45,155,126,122,88,124,85,900,1763,960,1844,927,1806,929,1803
TRT001440-TEMP000001,ocean,#143799,1875,TRT001440,56,41,115,89,89,70,93,72,767,1786,826,1834,800,1815,804,1817
TRT001440-TEMP000002,ocean,#131968,3037,TRT001440,33,0,106,66,71,34,72,34,744,1745,817,1811,782,1779,783,1779
TRT001440-TEMP000003,ocean,#0c1fa7,3580,TRT001440,0,56,68,142,37,102,41,100,711,1801,779,1887,748,1847,752,1845
TRT001440-TEMP000004,ocean,#32277a,1526,TRT001440,66,90,119,126,90,105,93,106,777,1835,830,1871,801,1850,804,1851
TRT001441-TEMP000001,ocean,#06399b,1924,TRT001441,111,39,146,102,129,75,131,76,832,1897,867,1960,850,1933,852,1934
TRT001441-TEMP000002,ocean,#37299e,3097,TRT001441,66,0,139,55,102,28,102,29,787,1858,860,1913,823,1886,823,1887
TRT001441-TEMP000003,ocean,#380aad,3033,TRT001441,0,11,72,73,38,41,37,43,721,1869,793,1931,759,1899,758,1901
TRT001441-TEMP000004,ocean,#150c81,2140,TRT001441,64,49,112,103,90,76,92,77,785,1907,833,1961,811,1934,813,1935
TRT001441-TEMP000005,ocean,#380b70,2128,TRT001441,19,62,76,119,48,89,49,90,740,1920,797,1977,769,1947,770,1948
TRT001442-TEMP000001,ocean,#161864,2586,TRT001442,86,0,145,78,108,44,111,47,947,1818,1006,1896,969,1862,972,1865
TRT001442-TEMP000002,ocean,#104e99,2207,TRT001442,103,60,157,122,132,91,132,93,964,1878,1018,1940,993,1909,993,1911
TRT001442-TEMP000003,ocean,#03249b,2960,TRT001442,30,6,91,86,66,49,67,50,891,1824,952,1904,927,1867,928,1868
TRT001442-TEMP000004,ocean,#3929a8,2562,TRT001442,7,84,69,142,40,115,44,115,868,1902,930,1960,901,1933,905,1933
TRT001442-TEMP000005,ocean,#13339b,2310,TRT001442,0,39,56,109,24,75,22,77,861,1857,917,1927,885,1893,883,1895
TRT001442-TEMP000006,ocean,#22468c,2412,TRT001442,65,75,120,135,90,107,92,110,926,1893,981,1953,951,1925,953,1928
TRT001443-TEMP000001,ocean,#1e246d,2561,TRT001443,48,45,111,115,79,72,82,70,48,1051,111,1121,79,1078,82,1076
TRT001443-TEMP000002,ocean,#0002ad,2953,TRT001443,0,73,84,128,43,106,42,105,0,1079,84,1134,43,1112,42,1111
TRT001443-TEMP000003,ocean,#1140a5,2789,TRT001443,0,0,62,58,33,26,35,29,0,1006,62,1064,33,1032,35,1035
TRT001443-TEMP000004,ocean,#2d3f81,2056,TRT001443,0,34,50,101,19,67,16,64,0,1040,50,1107,19,1073,16,1070
TRT001443-TEMP000005,ocean,#123187,2353,TRT001443,60,3,125,50,89,26,88,23,60,1009,125,1056,89,1032,88,1029
TRT001444-TEMP000001,ocean,#0c088a,2274,TRT001444,62,29,112,90,86,62,86,58,142,1053,192,1114,166,1086,166,1082
TRT001444-TEMP000002,ocean,#33046c,2171,TRT001444,38,0,105,41,73,18,72,17,118,1024,185,1065,153,1042,152,1041
TRT001444-TEMP000003,ocean,#0c417f,1946,TRT001444,14,20,64,77,42,55,41,53,94,1044,144,1101,122,1079,121,1077
TRT001444-TEMP000004,ocean,#173196,3185,TRT001444,62,87,124,158,97,120,98,119,142,1111,204,1182,177,1144,178,1143
TRT001444-TEMP000005,ocean,#1c4589,3137,TRT001444,0,78,74,136,39,103,41,101,80,1102,154,1160,119,1127,121,1125
TRT001445-TEMP000001,ocean,#361c84,2529,TRT001445,0,57,60,129,27,90,28,88,62,1199,122,1271,89,1232,90,1230
TRT001445-TEMP000002,ocean,#0c3386,2063,TRT001445,44,33,106,93,73,65,75,64,106,1175,168,1235,135,1207,137,1206
TRT001445-TEMP000003,ocean,#210d8e,2497,TRT001445,14,0,72,60,40,31,39,29,76,1142,134,1202,102,1173,101,1171
TRT001445-TEMP000004,ocean,#1e2e97,1964,TRT001445,72,16,142,72,105,42,102,39,134,1158,204,1214,167,1184,164,1181
TRT001446-TEMP000001,ocean,#092b8f,3776,TRT001446,0,91,69,169,28,127,29,123,0,1219,69,1297,28,1255,29,1251
TRT001446-TEMP000002,ocean,#1d218d,2072,TRT001446,0,0,47,49,24,22,27,24,0,1128,47,1177,24,1150,27,1152
TRT001446-TEMP000003,ocean,#0c4683,1463,TRT001446,46,5,86,50,64,26,66,25,46,1133,86,1178,64,1154,66,1153
TRT001446-TEMP000004,ocean,#0a2e9d,2108,TRT001446,32,47,76,111,55,76,57,72,32,1175,76,1239,55,1204,57,1200
TRT001446-TEMP000005,ocean,#13098f,1853,TRT001446,0,38,38,97,17,68,15,64,0,1166,38,1225,17,1196,15,1192
TRT001447-TEMP000001,ocean,#1b30aa,2045,TRT001447,36,0,108,47,73,26,72,25,1102,1723,1174,1770,1139,1749,1138,1748
TRT001447-TEMP000002,ocean,#133581,2014,TRT001447,79,34,122,108,101,71,101,71,1145,1757,1188,1831,1167,1794,1167,1794
TRT001447-TEMP000003,ocean,#074e7e,2767,TRT001447,30,87,105,143,67,111,67,111,1096,1810,1171,1866,1133,1834,1133,1834
TRT001447-TEMP000004,ocean,#051ea2,1684,TRT001447,38,41,87,89,63,66,65,63,1104,1764,1153,1812,1129,1789,1131,1786
TRT001447-TEMP000005,ocean,#300580,2176,TRT001447,0,21,49,96,28,54,27,55,1066,1744,1115,1819,1094,1777,1093,1778
TRT001448-TEMP000001,ocean,#3b1eb1,2146,TRT001448,59,21,116,85,87,59,85,57,965,1616,1022,1680,993,1654,991,1652
TRT001448-TEMP000002,ocean,#291364,2344,TRT001448,0,53,60,119,30,87,30,84,906,1648,966,1714,936,1682,936,1679
TRT001448-TEMP000003,ocean,#081bab,2221,TRT001448,37,79,92,137,70,107,70,107,943,1674,998,1732,976,1702,976,1702
TRT001448-TEMP000004,ocean,#2809a1,2730,TRT001448,93,71,134,149,115,109,115,107,999,1666,1040,1744,1021,1704,1021,1702
TRT001448-TEMP000005,ocean,#2e06aa,1657,TRT001448,22,23,80,71,51,44,52,41,928,1618,986,1666,957,1639,958,1636
TRT001448-TEMP000006,ocean,#344565,2248,TRT001448,87,0,136,71,118,35,118,34,993,1595,1042,1666,1024,1630,1024,1629
TRT001449-TEMP000001,ocean,#023d8c,2518,TRT001449,67,84,142,135,102,105,97,105,1045,1840,1120,1891,1080,1861,1075,1861
TRT001449-TEMP000002,ocean,#300e94,1964,TRT001449,66,37,132,88,97,68,99,67,1044,1793,1110,1844,1075,1824,1077,1823
TRT001449-TEMP000003,ocean,#004993,2774,TRT001449,0,42,70,109,37,79,37,79,978,1798,1048,1865,1015,1835,1015,1835
TRT001449-TEMP000004,ocean,#050ea1,2252,TRT001449,37,0,100,64,71,33,71,32,1015,1756,1078,1820,1049,1789,1049,1788
TRT001449-TEMP000005,ocean,#3a4190,2088,TRT001449,22,95,83,152,53,123,53,124,1000,1851,1061,1908,1031,1879,1031,1880
TRT001450-TEMP000001,ocean,#374a69,2854,TRT001450,41,78,105,151,73,116,71,117,1079,1671,1143,1744,1111,1709,1109,1710
TRT001450-TEMP000002,ocean,#23278f,1783,TRT001450,4,32,79,86,44,62,44,59,1042,1625,1117,1679,1082,1655,1082,1652
TRT001450-TEMP000003,ocean,#372ca3,2201,TRT001450,2,60,59,116,25,92,27,91,1040,1653,1097,1709,1063,1685,1065,1684
TRT001450-TEMP000004,ocean,#2c1389,1817,TRT001450,3,0,46,59,21,26,20,26,1041,1593,1084,1652,1059,1619,1058,1619
TRT001450-TEMP000005,ocean,#3014b3,2340,TRT001450,0,115,58,167,26,140,24,140,1038,1708,1096,1760,1064,1733,1062,1733
TRT001451-TEMP000001,ocean,#370287,2283,TRT001451,45,70,106,143,75,104,77,107,944,1770,1005,1843,974,1804,976,1807
TRT001451-TEMP000002,ocean,#1f466b,1735,TRT001451,71,64,143,112,105,81,106,81,970,1764,1042,1812,1004,1781,1005,1781
TRT001451-TEMP000003,ocean,#0e2f91,2140,TRT001451,74,25,148,67,107,50,108,50,973,1725,1047,1767,1006,1750,1007,1750
TRT001451-TEMP000004,ocean,#202376,3914,TRT001451,0,0,76,82,40,40,42,42,899,1700,975,1782,939,1740,941,1742
TRT001452-TEMP000001,ocean,#331589,2871,TRT001452,0,32,66,103,36,67,35,69,77,1237,143,1308,113,1272,112,1274
TRT001452-TEMP000002,ocean,#043279,2400,TRT001452,44,0,116,61,84,34,83,34,121,1205,193,1266,161,1239,160,1239
TRT001452-TEMP000003,ocean,#370379,2217,TRT001452,31,84,87,150,63,116,62,117,108,1289,164,1355,140,1321,139,1322
TRT001452-TEMP000004,ocean,#302c92,2273,TRT001452,64,46,127,97,95,73,95,74,141,1251,204,1302,172,1278,172,1279
TRT001452-TEMP000005,ocean,#34086c,1816,TRT001452,83,84,137,137,107,110,106,111,160,1289,214,1342,184,1315,183,1316
TRT001453-TEMP000001,ocean,#100967,2117,TRT001453,0,43,68,95,39,65,41,66,0,1309,68,1361,39,1331,41,1332
TRT001453-TEMP000002,ocean,#060885,2591,TRT001453,63,16,125,89,89,57,88,56,63,1282,125,1355,89,1323,88,1322
TRT001453-TEMP000003,ocean,#121193,2767,TRT001453,87,69,140,148,113,107,113,106,87,1335,140,1414,113,1373,113,1372
TRT001453-TEMP000004,ocean,#253492,2280,TRT001453,0,0,82,48,46,28,45,28,0,1266,82,1314,46,1294,45,1294
TRT001453-TEMP000005,ocean,#2d3e95,2611,TRT001453,33,83,102,148,69,116,69,116,33,1349,102,1414,69,1382,69,1382
TRT001453-TEMP000006,ocean,#3943ac,1975,TRT001453,0,50,45,123,18,92,17,90,0,1316,45,1389,18,1358,17,1356
TRT001454-TEMP000001,ocean,#042f6f,1779,TRT001454,50,50,103,104,77,73,76,75,171,1370,224,1424,198,1393,197,1395
TRT001454-TEMP000002,ocean,#1d23a6,2580,TRT001454,0,25,55,99,29,63,28,64,121,1345,176,1419,150,1383,149,1384
TRT001454-TEMP000003,ocean,#172b9d,2924,TRT001454,41,0,124,57,84,31,83,32,162,1320,245,1377,205,1351,204,1352
TRT001454-TEMP000004,ocean,#2a41b2,2702,TRT001454,89,45,148,122,116,86,116,87,210,1365,269,1442,237,1406,237,1407
TRT001454-TEMP000005,ocean,#294f96,1692,TRT001454,16,77,90,119,56,101,55,101,137,1397,211,1439,177,1421,176,1421
TRT001454-TEMP000006,ocean,#041492,1756,TRT001454,104,90,167,147,141,120,143,121,225,1410,288,1467,262,1440,264,1441
TRT001455-TEMP000001,ocean,#141c7b,1816,TRT001455,71,0,124,52,100,27,99,25,294,1271,347,1323,323,1298,322,1296
TRT001455-TEMP000002,ocean,#041bab,2131,TRT001455,62,47,118,107,89,74,91,71,285,1318,341,1378,312,1345,314,1342
TRT001455-TEMP000003,ocean,#283f8c,1691,TRT001455,28,16,85,73,59,44,60,44,251,1287,308,1344,282,1315,283,1315
TRT001455-TEMP000004,ocean,#230b99,2423,TRT001455,0,38,61,109,32,72,32,71,223,1309,284,1380,255,1343,255,1342
TRT001455-TEMP000005,ocean,#0813b2,2981,TRT001455,30,89,95,183,64,126,64,124,253,1360,318,1454,287,1397,287,1395
TRT001456-TEMP000001,ocean,#130886,1998,TRT001456,15,41,83,91,52,66,55,64,195,1232,263,1282,232,1257,235,1255
TRT001456-TEMP000002,ocean,#0a1897,2230,TRT001456,18,72,83,131,49,103,44,101,198,1263,263,1322,229,1294,224,1292
TRT001456-TEMP000003,ocean,#08219a,2000,TRT001456,0,0,48,64,25,28,23,27,180,1191,228,1255,205,1219,203,1218
TRT001456-TEMP000004,ocean,#0c1979,3072,TRT001456,77,39,152,110,109,75,106,77,257,1230,332,1301,289,1266,286,1268
TRT001456-TEMP000005,ocean,#1d329d,1665,TRT001456,46,11,108,59,73,36,71,34,226,1202,288,1250,253,1227,251,1225
TRT001457-TEMP000001,ocean,#3316af,3404,TRT001457,34,0,109,69,76,40,76,40,994,1324,1069,1393,1036,1364,1036,1364
TRT001457-TEMP000002,ocean,#1a098c,2500,TRT001457,58,63,117,123,86,92,86,95,1018,1387,1077,1447,1046,1416,1046,1419
TRT001457-TEMP000003,ocean,#2138af,1857,TRT001457,84,105,131,154,108,134,109,136,1044,1429,1091,1478,1068,1458,1069,1460
TRT001457-TEMP000004,ocean,#24106c,3088,TRT001457,0,46,60,127,31,89,32,89,960,1370,1020,1451,991,1413,992,1413
TRT001457-TEMP000005,ocean,#180691,2050,TRT001457,19,104,84,155,58,131,59,134,979,1428,1044,1479,1018,1455,1019,1458
TRT001458-TEMP000001,ocean,#183087,1970,TRT001458,49,63,106,129,75,96,75,96,881,1424,938,1490,907,1457,907,1457
TRT001458-TEMP000002,ocean,#071db2,2149,TRT001458,0,93,66,145,34,117,34,118,832,1454,898,1506,866,1478,866,1479
TRT001458-TEMP000003,ocean,#0208b0,1923,TRT001458,10,42,67,96,38,73,38,74,842,1403,899,1457,870,1434,870,1435
TRT001458-TEMP000004,ocean,#2c077a,2234,TRT001458,76,31,135,98,106,65,107,66,908,1392,967,1459,938,1426,939,1427
TRT001458-TEMP000005,ocean,#3422ad,2449,TRT001458,31,0,99,65,63,34,63,34,863,1361,931,1426,895,1395,895,1395
TRT001459-TEMP000001,ocean,#3610a4,2322,TRT001459,5,71,75,131,40,98,40,97,873,1512,943,1572,908,1539,908,1538
TRT001459-TEMP000002,ocean,#0f3c6e,2736,TRT001459,43,99,109,178,78,133,79,132,911,1540,977,1619,946,1574,947,1573
TRT001459-TEMP000003,ocean,#1e207d,2526,TRT001459,71,53,136,114,101,81,103,79,939,1494,1004,1555,969,1522,971,1520
TRT001459-TEMP000004,ocean,#020d73,1870,TRT001459,53,0,107,60,84,31,83,31,921,1441,975,1501,952,1472,951,1472
TRT001459-TEMP000005,ocean,#0c37b0,1793,TRT001459,99,9,148,67,122,40,120,37,967,1450,1016,1508,990,1481,988,1478
TRT001459-TEMP000006,ocean,#220da0,2147,TRT001459,0,32,78,86,46,61,47,61,868,1473,946,1527,914,1502,915,1502
TRT001460-TEMP000001,ocean,#02046f,2426,TRT001460,94,0,154,56,122,29,120,27,1046,1479,1106,1535,1074,1508,1072,1506
TRT001460-TEMP000002,ocean,#3b2984,2385,TRT001460,34,29,99,80,66,56,67,53,986,1508,1051,1559,1018,1535,1019,1532
TRT001460-TEMP000003,ocean,#0b2ba9,2491,TRT001460,0,67,53,140,31,109,33,105,952,1546,1005,1619,983,1588,985,1584
TRT001460-TEMP000004,ocean,#171f80,2839,TRT001460,85,52,154,113,118,78,117,78,1037,1531,1106,1592,1070,1557,1069,1557
TRT001460-TEMP000005,ocean,#2e396e,1452,TRT001460,54,0,104,40,80,18,78,15,1006,1479,1056,1519,1032,1497,1030,1494
TRT001460-TEMP000006,ocean,#033a8e,1915,TRT001460,51,79,107,131,73,103,71,106,1003,1558,1059,1610,1025,1582,1023,1585
TRT001461-TEMP000001,ocean,#2c21af,2581,TRT001461,0,0,57,73,32,36,31,33,881,1303,938,1376,913,1339,912,1336
TRT001461-TEMP000002,ocean,#38498a,2013,TRT001461,49,2,107,48,77,22,79,21,930,1305,988,1351,958,1325,960,1324
TRT001461-TEMP000003,ocean,#323470,3032,TRT001461,25,44,107,109,69,73,67,71,906,1347,988,1412,950,1376,948,1374
TRT001461-TEMP000004,ocean,#2a16aa,2112,TRT001461,90,6,145,74,115,37,116,37,971,1309,1026,1377,996,1340,997,1340
TRT001462-TEMP000001,ocean,#140a9e,2190,TRT001462,25,40,92,84,60,64,63,61,767,838,834,882,802,862,805,859
TRT001462-TEMP000002,ocean,#381f98,2426,TRT001462,0,0,50,79,26,34,26,34,742,798,792,877,768,832,768,832
TRT001462-TEMP000003,ocean,#242398,3064,TRT001462,85,31,144,117,112,78,112,76,827,829,886,915,854,876,854,874
TRT001462-TEMP000004,ocean,#07499d,2758,TRT001462,27,83,103,138,65,107,64,105,769,881,845,936,807,905,806,903
TRT001462-TEMP000005,ocean,#3434b0,1919,TRT001462,41,0,116,49,75,27,71,24,783,798,858,847,817,825,813,822
TRT001463-TEMP000001,ocean,#13297e,1886,TRT001463,40,51,98,105,70,75,69,76,837,951,895,1005,867,975,866,976
TRT001463-TEMP000002,ocean,#014c7a,2195,TRT001463,78,56,131,125,103,94,106,93,875,956,928,1025,900,994,903,993
TRT001463-TEMP000003,ocean,#083284,2772,TRT001463,0,18,58,88,27,53,29,53,797,918,855,988,824,953,826,953
TRT001463-TEMP000004,ocean,#0422a2,2415,TRT001463,46,0,110,60,79,32,81,32,843,900,907,960,876,932,878,932
TRT001463-TEMP000005,ocean,#2c4879,2429,TRT001463,10,81,80,129,41,107,45,109,807,981,877,1029,838,1007,842,1009
TRT001464-TEMP000001,ocean,#21247e,2591,TRT001464,67,56,135,104,98,83,95,85,742,992,810,1040,773,1019,770,1021
TRT001464-TEMP000002,ocean,#313a64,2830,TRT001464,78,0,133,71,105,36,107,39,753,936,808,1007,780,972,782,975
TRT001464-TEMP000003,ocean,#1733aa,2556,TRT001464,0,12,77,62,47,39,48,39,675,948,752,998,722,975,723,975
TRT001464-TEMP000004,ocean,#271b68,2120,TRT001464,10,52,70,105,44,77,43,77,685,988,745,1041,719,1013,718,1013
TRT001465-TEMP000001,ocean,#051496,3235,TRT001465,45,0,118,76,83,46,84,47,693,826,766,902,731,872,732,873
TRT001465-TEMP000002,ocean,#204fa2,3146,TRT001465,0,66,61,145,35,109,36,108,648,892,709,971,683,935,684,934
TRT001465-TEMP000003,ocean,#08376d,2163,TRT001465,57,77,110,131,80,103,84,105,705,903,758,957,728,929,732,931
TRT001465-TEMP000004,ocean,#134593,1890,TRT001465,93,55,144,121,118,91,119,91,741,881,792,947,766,917,767,917
TRT001466-TEMP000001,ocean,#003e7e,2223,TRT001466,32,65,85,125,60,93,59,94,32,1595,85,1655,60,1623,59,1624
TRT001466-TEMP000002,ocean,#271664,2262,TRT001466,0,45,47,109,19,75,18,75,0,1575,47,1639,19,1605,18,1605
TRT001466-TEMP000003,ocean,#1e278c,2132,TRT001466,80,57,130,109,106,82,107,82,80,1587,130,1639,106,1612,107,1612
TRT001466-TEMP000004,ocean,#3a138e,2327,TRT001466,44,0,92,68,69,38,71,39,44,1530,92,1598,69,1568,71,1569
TRT001466-TEMP000005,ocean,#350490,2557,TRT001466,66,104,137,154,99,127,100,127,66,1634,137,1684,99,1657,100,1657
TRT001466-TEMP000006,ocean,#113991,2285,TRT001466,0,2,61,53,27,27,30,25,0,1532,61,1583,27,1557,30,1555
TRT001466-TEMP000007,ocean,#07458b,2611,TRT001466,0,101,67,148,30,129,33,130,0,1631,67,1678,30,1659,33,1660
TRT001466-TEMP000008,ocean,#3b4364,1588,TRT001466,81,0,121,58,102,32,104,33,81,1530,121,1588,102,1562,104,1563
TRT001467-TEMP000001,ocean,#374795,2105,TRT001467,29,21,82,88,56,54,57,54,29,1397,82,1464,56,1430,57,1430
TRT001467-TEMP000002,ocean,#18078b,2727,TRT001467,45,88,100,155,73,121,73,120,45,1464,100,1531,73,1497,73,1496
TRT001467-TEMP000003,ocean,#2921aa,2547,TRT001467,0,62,60,115,25,91,26,92,0,1438,60,1491,25,1467,26,1468
TRT001467-TEMP000004,ocean,#0440ae,2228,TRT001467,0,0,49,64,19,34,19,34,0,1376,49,1440,19,1410,19,1410
TRT001467-TEMP000005,ocean,#1f1979,2369,TRT001467,0,116,59,160,26,139,26,139,0,1492,59,1536,26,1515,26,1515
TRT001467-TEMP000006,ocean,#131187,1906,TRT001467,66,35,115,97,90,66,92,64,66,1411,115,1473,90,1442,92,1440
TRT001468-TEMP000001,ocean,#171d89,2497,TRT001468,58,60,118,122,86,91,87,90,145,1475,205,1537,173,1506,174,1505
TRT001468-TEMP000002,ocean,#110679,2527,TRT001468,19,0,80,59,48,28,49,29,106,1415,167,1474,135,1443,136,1444
TRT001468-TEMP000003,ocean,#0a0b85,2256,TRT001468,0,90,70,134,34,111,36,111,87,1505,157,1549,121,1526,123,1526
TRT001468-TEMP000004,ocean,#3224aa,2321,TRT001468,69,18,131,75,100,46,101,46,156,1433,218,1490,187,1461,188,1461
TRT001468-TEMP000005,ocean,#27018d,2152,TRT001468,10,43,68,92,36,70,35,71,97,1458,155,1507,123,1485,122,1486
TRT001469-TEMP000001,ocean,#37169f,2764,TRT001469,4,62,59,130,32,92,34,89,125,1587,180,1655,153,1617,155,1614
TRT001469-TEMP000002,ocean,#010184,2529,TRT001469,0,9,53,67,27,40,26,38,121,1534,174,1592,148,1565,147,1563
TRT001469-TEMP000003,ocean,#313b92,2542,TRT001469,49,0,109,58,75,31,78,33,170,1525,230,1583,196,1556,199,1558
TRT001469-TEMP000004,ocean,#0e2ca6,1911,TRT001469,52,59,105,110,76,81,78,83,173,1584,226,1635,197,1606,199,1608
TRT001469-TEMP000005,ocean,#192a70,1502,TRT001469,90,31,148,83,115,59,118,60,211,1556,269,1608,236,1584,239,1585
TRT001470-TEMP000001,ocean,#04278a,2535,TRT001470,2,52,93,109,43,81,48,78,201,1493,292,1550,242,1522,247,1519
TRT001470-TEMP000002,ocean,#280091,2433,TRT001470,28,76,96,147,67,111,66,111,227,1517,295,1588,266,1552,265,1552
TRT001470-TEMP000003,ocean,#222678,2353,TRT001470,0,0,45,85,23,41,22,44,199,1441,244,1526,222,1482,221,1485
TRT001470-TEMP000004,ocean,#1e0b6f,2185,TRT001470,41,9,96,75,69,43,68,40,240,1450,295,1516,268,1484,267,1481
TRT001471-TEMP000001,ocean,#323b97,1968,TRT001471,71,35,126,79,101,59,103,55,663,1398,718,1442,693,1422,695,1418
TRT001471-TEMP000002,ocean,#383e64,1970,TRT001471,46,5,91,65,68,32,69,29,638,1368,683,1428,660,1395,661,1392
TRT001471-TEMP000003,ocean,#1f286d,3728,TRT001471,21,60,76,142,47,98,49,94,613,1423,668,1505,639,1461,641,1457
TRT001471-TEMP000004,ocean,#1d1d70,2448,TRT001471,71,77,131,125,101,102,101,101,663,1440,723,1488,693,1465,693,1464
TRT001471-TEMP000005,ocean,#1c4694,1178,TRT001471,84,0,123,37,106,19,108,17,676,1363,715,1400,698,1382,700,1380
TRT001471-TEMP000006,ocean,#002679,2184,TRT001471,0,11,53,69,28,36,28,34,592,1374,645,1432,620,1399,620,1397
TRT001472-TEMP000001,ocean,#131db0,2275,TRT001472,36,92,91,155,63,125,62,123,691,1300,746,1363,718,1333,717,1331
TRT001472-TEMP000002,ocean,#013875,2415,TRT001472,71,78,128,145,99,109,99,109,726,1286,783,1353,754,1317,754,1317
TRT001472-TEMP000003,ocean,#0733ae,2332,TRT001472,51,18,106,83,79,48,78,49,706,1226,761,1291,734,1256,733,1257
TRT001472-TEMP000004,ocean,#2d086a,2082,TRT001472,92,31,145,94,118,62,119,62,747,1239,800,1302,773,1270,774,1270
TRT001472-TEMP000005,ocean,#330597,2037,TRT001472,18,46,74,103,45,74,43,72,673,1254,729,1311,700,1282,698,1280
TRT001472-TEMP000006,ocean,#360185,2166,TRT001472,0,0,63,52,30,25,30,25,655,1208,718,1260,685,1233,685,1233
TRT001473-TEMP000001,ocean,#3b1da7,2380,TRT001473,46,0,108,67,71,34,72,34,759,1345,821,1412,784,1379,785,1379
TRT001473-TEMP000002,ocean,#093a81,2560,TRT001473,78,36,147,99,113,69,112,71,791,1381,860,1444,826,1414,825,1416
TRT001473-TEMP000003,ocean,#134d7d,2532,TRT001473,3,48,79,101,44,76,45,75,716,1393,792,1446,757,1421,758,1420
TRT001473-TEMP000004,ocean,#344c91,2670,TRT001473,6,85,68,142,33,115,36,115,719,1430,781,1487,746,1460,749,1460
TRT001473-TEMP000005,ocean,#0f2c72,2172,TRT001473,67,81,131,126,96,107,99,109,780,1426,844,1471,809,1452,812,1454
TRT001473-TEMP000006,ocean,#352a94,2202,TRT001473,0,5,48,70,24,36,24,36,713,1350,761,1415,737,1381,737,1381
TRT001474-TEMP000001,ocean,#193f8f,2186,TRT001474,77,16,135,77,106,46,108,47,848,1271,906,1332,877,1301,879,1302
TRT001474-TEMP000002,ocean,#310e8c,3207,TRT001474,12,0,82,65,48,34,49,35,783,1255,853,1320,819,1289,820,1290
TRT001474-TEMP000003,ocean,#0715b2,2773,TRT001474,0,52,61,119,32,85,33,87,771,1307,832,1374,803,1340,804,1342
TRT001474-TEMP000004,ocean,#28438a,2055,TRT001474,44,98,107,151,77,121,79,122,815,1353,878,1406,848,1376,850,1377
TRT001474-TEMP000005,ocean,#2c2295,2318,TRT001474,59,52,122,107,87,81,87,81,830,1307,893,1362,858,1336,858,1336
TRT001475-TEMP000001,ocean,#1f3c8d,2961,TRT001475,56,98,125,156,88,128,85,126,639,1315,708,1373,671,1345,668,1343
TRT001475-TEMP000002,ocean,#2c2d8e,1897,TRT001475,33,0,91,79,63,44,61,45,616,1217,674,1296,646,1261,644,1262
TRT001475-TEMP000003,ocean,#09118e,3151,TRT001475,0,79,59,162,34,126,33,123,583,1296,642,1379,617,1343,616,1340
TRT001475-TEMP000004,ocean,#1f3785,2278,TRT001475,36,50,108,102,75,81,79,76,619,1267,691,1319,658,1298,662,1293
TRT001476-TEMP000001,ocean,#393e64,3670,TRT001476,10,0,94,68,53,34,54,36,611,1488,695,1556,654,1522,655,1524
TRT001476-TEMP000002,ocean,#021a9a,3017,TRT001476,0,48,60,126,31,85,32,88,601,1536,661,1614,632,1573,633,1576
TRT001476-TEMP000003,ocean,#0a248e,2491,TRT001476,58,43,117,109,85,79,86,83,659,1531,718,1597,686,1567,687,1571
TRT001476-TEMP000004,ocean,#38487e,2129,TRT001476,32,105,94,168,65,134,66,137,633,1593,695,1656,666,1622,667,1625
TRT001476-TEMP000005,ocean,#0f0492,1546,TRT001476,75,91,126,146,101,116,102,118,676,1579,727,1634,702,1604,703,1606
TRT001477-TEMP000001,ocean,#0040a7,2648,TRT001477,0,15,69,62,38,37,39,35,678,1487,747,1534,716,1509,717,1507
TRT001477-TEMP000002,ocean,#084f9b,2673,TRT001477,66,0,127,59,95,29,96,27,744,1472,805,1531,773,1501,774,1499
TRT001477-TEMP000003,ocean,#021290,2784,TRT001477,62,56,112,128,85,90,84,88,740,1528,790,1600,763,1562,762,1560
TRT001477-TEMP000004,ocean,#283086,2048,TRT001477,21,56,69,128,49,86,47,85,699,1528,747,1600,727,1558,725,1557
TRT001478-TEMP000001,ocean,#373698,2192,TRT001478,37,91,100,156,72,118,71,118,712,1685,775,1750,747,1712,746,1712
TRT001478-TEMP000002,ocean,#3a47ab,2725,TRT001478,86,106,163,160,121,133,120,133,761,1700,838,1754,796,1727,795,1727
TRT001478-TEMP000003,ocean,#092d96,2519,TRT001478,0,36,61,107,33,70,33,71,675,1630,736,1701,708,1664,708,1665
TRT001478-TEMP000004,ocean,#214b7e,2193,TRT001478,106,54,155,117,130,85,131,86,781,1648,830,1711,805,1679,806,1680
TRT001478-TEMP000005,ocean,#071c69,2474,TRT001478,27,2,89,63,63,32,63,33,702,1596,764,1657,738,1626,738,1627
TRT001478-TEMP000006,ocean,#090964,2209,TRT001478,59,48,111,107,87,77,87,79,734,1642,786,1701,762,1671,762,1673
TRT001478-TEMP000007,ocean,#01118e,2604,TRT001478,85,0,142,61,113,31,114,30,760,1594,817,1655,788,1625,789,1624
TRT001479-TEMP000001,ocean,#164b95,1864,TRT001479,16,0,78,44,46,21,48,20,793,1472,855,1516,823,1493,825,1492
TRT001479-TEMP000002,ocean,#011688,2614,TRT001479,56,73,131,128,87,97,85,96,833,1545,908,1600,864,1569,862,1568
TRT001479-TEMP000003,ocean,#333d95,2133,TRT001479,10,31,59,85,35,62,35,59,787,1503,836,1557,812,1534,812,1531
TRT001479-TEMP000004,ocean,#1a2c74,2664,TRT001479,0,84,64,139,33,111,32,110,777,1556,841,1611,810,1583,809,1582
TRT001479-TEMP000005,ocean,#3030a9,1808,TRT001479,58,24,108,77,80,55,82,54,835,1496,885,1549,857,1527,859,1526
TRT001481-TEMP000001,ocean,#08226e,562,TRT001481,12,45,36,71,25,57,25,57,2525,114,2549,140,2538,126,2538,126
TRT001481-TEMP000002,ocean,#21297b,523,TRT001481,34,20,57,47,45,35,46,36,2547,89,2570,116,2558,104,2559,105
TRT001481-TEMP000003,ocean,#3321a1,651,TRT001481,25,0,54,25,39,12,38,12,2538,69,2567,94,2552,81,2551,81
TRT001481-TEMP000004,ocean,#0a41a2,570,TRT001481,7,21,34,47,21,35,22,34,2520,90,2547,116,2534,104,2535,103
TRT001481-TEMP000005,ocean,#0f4073,471,TRT001481,0,3,25,29,13,15,12,15,2513,72,2538,98,2526,84,2525,84
TRT001481-TEMP000006,ocean,#2b0fad,417,TRT001481,37,47,62,68,47,57,48,58,2550,116,2575,137,2560,126,2561,127
TRT001480-TEMP000001,ocean,#390c97,2701,TRT001480,0,22,57,88,25,56,27,55,817,1594,874,1660,842,1628,844,1627
TRT001480-TEMP000002,ocean,#294667,2123,TRT001480,33,50,96,104,64,79,63,80,850,1622,913,1676,881,1651,880,1652
TRT001480-TEMP000003,ocean,#030773,1971,TRT001480,74,22,130,93,103,55,103,55,891,1594,947,1665,920,1627,920,1627
TRT001480-TEMP000004,ocean,#0d108a,2187,TRT001480,41,0,113,54,77,26,78,26,858,1572,930,1626,894,1598,895,1598
TRT001480-TEMP000005,ocean,#1c1271,1918,TRT001480,52,92,102,146,73,120,74,120,869,1664,919,1718,890,1692,891,1692
TRT001480-TEMP000006,ocean,#0e39a0,2501,TRT001480,7,87,51,158,30,121,30,120,824,1659,868,1730,847,1693,847,1692
TRT001482-TEMP000001,ocean,#02347d,589,TRT001482,6,35,43,62,25,49,25,49,2587,153,2624,180,2606,167,2606,167
TRT001482-TEMP000002,ocean,#1736a4,582,TRT001482,42,22,71,55,55,39,55,39,2623,140,2652,173,2636,157,2636,157
TRT001482-TEMP000003,ocean,#293196,433,TRT001482,21,20,48,46,36,32,36,32,2602,138,2629,164,2617,150,2617,150
TRT001482-TEMP000004,ocean,#320f7e,446,TRT001482,0,7,31,34,18,19,18,19,2581,125,2612,152,2599,137,2599,137
TRT001482-TEMP000005,ocean,#1c2493,498,TRT001482,29,0,59,25,43,14,43,13,2610,118,2640,143,2624,132,2624,131
TRT001483-TEMP000001,ocean,#2a3cac,583,TRT001483,5,19,34,43,19,32,18,31,2568,86,2597,110,2582,99,2581,98
TRT001483-TEMP000002,ocean,#272a82,804,TRT001483,30,32,68,60,48,44,46,44,2593,99,2631,127,2611,111,2609,111
TRT001483-TEMP000003,ocean,#323bb3,604,TRT001483,8,43,37,69,21,55,19,55,2571,110,2600,136,2584,122,2582,122
TRT001483-TEMP000004,ocean,#1a1b86,577,TRT001483,33,0,66,33,47,21,47,20,2596,67,2629,100,2610,88,2610,87
TRT001483-TEMP000005,ocean,#1f1e71,464,TRT001483,19,0,44,25,30,10,28,11,2582,67,2607,92,2593,77,2591,78
TRT001483-TEMP000006,ocean,#2118ae,309,TRT001483,0,2,18,23,10,11,9,9,2563,69,2581,90,2573,78,2572,76
TRT001484-TEMP000001,ocean,#370d7e,463,TRT001484,30,46,55,76,42,60,42,59,2658,137,2683,167,2670,151,2670,150
TRT001484-TEMP000002,ocean,#2e107e,691,TRT001484,0,12,32,46,15,29,17,30,2628,103,2660,137,2643,120,2645,121
TRT001484-TEMP000003,ocean,#394074,492,TRT001484,12,38,38,71,26,52,27,54,2640,129,2666,162,2654,143,2655,145
TRT001484-TEMP000004,ocean,#1c2b77,599,TRT001484,33,21,64,48,48,35,49,34,2661,112,2692,139,2676,126,2677,125
TRT001484-TEMP000005,ocean,#1f3d67,496,TRT001484,15,4,45,32,33,16,32,16,2643,95,2673,123,2661,107,2660,107
TRT001484-TEMP000006,ocean,#0c3bae,539,TRT001484,44,0,72,27,57,13,57,12,2672,91,2700,118,2685,104,2685,103
TRT001485-TEMP000001,ocean,#334baa,539,TRT001485,8,28,41,55,24,42,24,41,2673,53,2706,80,2689,67,2689,66
TRT001485-TEMP000002,ocean,#112679,403,TRT001485,0,12,23,44,10,27,10,28,2665,37,2688,69,2675,52,2675,53
TRT001485-TEMP000003,ocean,#290482,550,TRT001485,8,0,40,27,24,13,24,14,2673,25,2705,52,2689,38,2689,39
TRT001485-TEMP000004,ocean,#162c6b,614,TRT001485,31,11,60,47,45,28,46,27,2696,36,2725,72,2710,53,2711,52
TRT001485-TEMP000005,ocean,#273080,607,TRT001485,12,44,48,74,31,58,31,58,2677,69,2713,99,2696,83,2696,83
TRT001486-TEMP000001,ocean,#030e90,373,TRT001486,0,0,23,18,12,8,12,7,2612,0,2635,18,2624,8,2624,7
TRT001486-TEMP000002,ocean,#060673,485,TRT001486,3,17,27,46,15,29,14,27,2615,17,2639,46,2627,29,2626,27
TRT001486-TEMP000003,ocean,#161585,538,TRT001486,23,0,50,23,35,10,34,10,2635,0,2662,23,2647,10,2646,10
TRT001486-TEMP000004,ocean,#1909a9,667,TRT001486,19,23,56,46,38,36,35,36,2631,23,2668,46,2650,36,2647,36
TRT001486-TEMP000005,ocean,#2d26ab,752,TRT001486,43,0,70,42,57,18,57,18,2655,0,2682,42,2669,18,2669,18
TRT001487-TEMP000001,ocean,#0d0dae,516,TRT001487,30,1,61,26,47,11,48,12,2640,47,2671,72,2657,57,2658,58
TRT001487-TEMP000002,ocean,#0e3b66,523,TRT001487,43,22,70,51,56,37,57,38,2653,68,2680,97,2666,83,2667,84
TRT001487-TEMP000003,ocean,#2f299f,456,TRT001487,23,8,49,36,35,25,36,24,2633,54,2659,82,2645,71,2646,70
TRT001487-TEMP000004,ocean,#344564,805,TRT001487,0,0,30,40,16,18,16,19,2610,46,2640,86,2626,64,2626,65
TRT001487-TEMP000005,ocean,#1a4165,646,TRT001487,11,34,47,60,29,46,32,47,2621,80,2657,106,2639,92,2642,93
TRT001488-TEMP000001,ocean,#1525a7,483,TRT001488,38,0,63,27,49,11,49,11,2718,0,2743,27,2729,11,2729,11
TRT001488-TEMP000002,ocean,#250372,566,TRT001488,16,18,51,43,35,29,34,29,2696,18,2731,43,2715,29,2714,29
TRT001488-TEMP000003,ocean,#24287a,386,TRT001488,16,0,39,20,28,9,28,8,2696,0,2719,20,2708,9,2708,8
TRT001488-TEMP000004,ocean,#291c76,513,TRT001488,0,0,21,29,10,13,10,13,2680,0,2701,29,2690,13,2690,13
TRT001489-TEMP000001,ocean,#331586,531,TRT001489,19,21,44,50,31,36,31,37,2577,21,2602,50,2589,36,2589,37
TRT001489-TEMP000002,ocean,#0e0578,705,TRT001489,31,0,59,31,45,14,46,16,2589,0,2617,31,2603,14,2604,16
TRT001489-TEMP000003,ocean,#2d488d,819,TRT001489,0,0,32,28,16,12,17,13,2558,0,2590,28,2574,12,2575,13
TRT001489-TEMP000004,ocean,#072194,519,TRT001489,41,28,63,61,53,43,53,44,2599,28,2621,61,2611,43,2611,44
TRT001489-TEMP000005,ocean,#193379,449,TRT001489,26,47,55,68,38,58,38,59,2584,47,2613,68,2596,58,2596,59
TRT001489-TEMP000006,ocean,#1c0982,448,TRT001489,1,49,26,69,14,60,14,61,2559,49,2584,69,2572,60,2572,61
TRT001489-TEMP000007,ocean,#003aaa,496,TRT001489,1,25,21,53,10,39,10,41,2559,25,2579,53,2568,39,2568,41
TRT001490-TEMP000001,ocean,#1c1a7b,567,TRT001490,0,7,30,34,16,20,18,18,2486,7,2516,34,2502,20,2504,18
TRT001490-TEMP000002,ocean,#12237e,643,TRT001490,8,28,41,58,26,41,26,42,2494,28,2527,58,2512,41,2512,42
TRT001490-TEMP000003,ocean,#133d6d,521,TRT001490,22,48,49,74,37,62,37,63,2508,48,2535,74,2523,62,2523,63
TRT001490-TEMP000004,ocean,#231fa6,666,TRT001490,42,26,72,51,57,39,57,40,2528,26,2558,51,2543,39,2543,40
TRT001490-TEMP000005,ocean,#2c4d81,754,TRT001490,17,0,55,34,40,14,43,17,2503,0,2541,34,2526,14,2529,17
TRT001490-TEMP000006,ocean,#292196,543,TRT001490,49,0,72,28,62,13,63,13,2535,0,2558,28,2548,13,2549,13
TRT001490-TEMP000007,ocean,#16276f,472,TRT001490,48,48,73,71,61,59,60,60,2534,48,2559,71,2547,59,2546,60
TRT001491-TEMP000001,ocean,#313cac,543,TRT001491,26,27,47,55,37,43,38,43,2589,192,2610,220,2600,208,2601,208
TRT001491-TEMP000002,ocean,#062075,624,TRT001491,20,0,46,33,31,18,30,19,2583,165,2609,198,2594,183,2593,184
TRT001491-TEMP000003,ocean,#183f93,555,TRT001491,0,32,26,55,14,44,14,45,2563,197,2589,220,2577,209,2577,210
TRT001491-TEMP000004,ocean,#0449a3,494,TRT001491,3,1,21,33,12,18,11,20,2566,166,2584,198,2575,183,2574,185
TRT001492-TEMP000001,ocean,#070597,591,TRT001492,0,34,23,61,12,48,12,48,2610,195,2633,222,2622,209,2622,209
TRT001492-TEMP000002,ocean,#0f3fb2,474,TRT001492,24,36,46,61,33,48,34,48,2634,197,2656,222,2643,209,2644,209
TRT001492-TEMP000003,ocean,#2211ad,628,TRT001492,0,8,28,36,15,24,16,24,2610,169,2638,197,2625,185,2626,185
TRT001492-TEMP000004,ocean,#214e86,462,TRT001492,28,15,54,39,39,28,40,27,2638,176,2664,200,2649,189,2650,188
TRT001492-TEMP000005,ocean,#2215a1,486,TRT001492,26,0,60,21,44,10,44,10,2636,161,2670,182,2654,171,2654,171
TRT001493-TEMP000001,ocean,#12088e,844,TRT001493,59,42,98,75,78,57,83,56,2461,65,2500,98,2480,80,2485,79
TRT001493-TEMP000002,ocean,#0c49a2,577,TRT001493,0,33,62,59,31,45,39,48,2402,56,2464,82,2433,68,2441,71
TRT001493-TEMP000003,ocean,#070073,591,TRT001493,71,14,102,42,86,29,87,28,2473,37,2504,65,2488,52,2489,51
TRT001493-TEMP000004,ocean,#2725ac,372,TRT001493,66,0,91,21,79,9,78,9,2468,23,2493,44,2481,32,2480,32
TRT001493-TEMP000005,ocean,#130365,407,TRT001493,52,2,76,35,65,18,65,19,2454,25,2478,58,2467,41,2467,42
TRT001493-TEMP000006,ocean,#033889,449,TRT001493,89,31,114,61,102,47,103,46,2491,54,2516,84,2504,70,2505,69
TRT001494-TEMP000001,ocean,#1a4692,483,TRT001494,2,18,23,52,14,36,14,36,2528,186,2549,220,2540,204,2540,204
TRT001494-TEMP000002,ocean,#0d11a2,462,TRT001494,22,22,40,52,31,38,32,37,2548,190,2566,220,2557,206,2558,205
TRT001494-TEMP000003,ocean,#3222af,692,TRT001494,0,0,43,27,24,14,24,14,2526,168,2569,195,2550,182,2550,182
TRT001495-TEMP000001,ocean,#0b3d8e,522,TRT001495,17,0,45,28,33,15,32,14,2491,80,2519,108,2507,95,2506,94
TRT001495-TEMP000002,ocean,#2e3d78,645,TRT001495,25,25,55,59,40,42,39,40,2499,105,2529,139,2514,122,2513,120
TRT001495-TEMP000003,ocean,#3618af,518,TRT001495,9,37,37,66,22,51,22,51,2483,117,2511,146,2496,131,2496,131
TRT001495-TEMP000004,ocean,#0b477b,550,TRT001495,0,11,27,40,14,26,13,25,2474,91,2501,120,2488,106,2487,105
TRT001496-TEMP000001,ocean,#1d1fb2,3388,TRT001496,58,14,105,106,79,61,80,58,337,1583,384,1675,358,1630,359,1627
TRT001496-TEMP000002,ocean,#0b3f9f,2149,TRT001496,83,0,150,48,121,24,123,25,362,1569,429,1617,400,1593,402,1594
TRT001496-TEMP000003,ocean,#213270,1957,TRT001496,99,41,155,92,128,65,129,65,378,1610,434,1661,407,1634,408,1634
TRT001496-TEMP000004,ocean,#133b91,3034,TRT001496,0,19,60,109,38,55,38,57,279,1588,339,1678,317,1624,317,1626
TRT001497-TEMP000001,ocean,#173368,2303,TRT001497,0,27,50,103,26,73,25,72,273,1525,323,1601,299,1571,298,1570
TRT001497-TEMP000002,ocean,#27029d,2229,TRT001497,40,44,101,90,71,67,66,63,313,1542,374,1588,344,1565,339,1561
TRT001497-TEMP000003,ocean,#382976,2967,TRT001497,96,25,161,84,127,50,130,51,369,1523,434,1582,400,1548,403,1549
TRT001497-TEMP000004,ocean,#012579,2382,TRT001497,23,0,103,48,59,27,68,29,296,1498,376,1546,332,1525,341,1527
TRT001498-TEMP000001,ocean,#120a72,2407,TRT001498,29,70,91,139,62,106,63,106,454,1596,516,1665,487,1632,488,1632
TRT001498-TEMP000002,ocean,#17088e,1828,TRT001498,72,93,131,148,100,122,102,123,497,1619,556,1674,525,1648,527,1649
TRT001498-TEMP000003,ocean,#3a4977,2283,TRT001498,56,43,122,94,90,64,93,62,481,1569,547,1620,515,1590,518,1588
TRT001498-TEMP000004,ocean,#0d3182,2141,TRT001498,118,21,175,78,146,49,147,49,543,1547,600,1604,571,1575,572,1575
TRT001498-TEMP000005,ocean,#0511af,2509,TRT001498,0,51,56,123,25,84,24,84,425,1577,481,1649,450,1610,449,1610
TRT001498-TEMP000006,ocean,#0e236d,1948,TRT001498,99,63,159,118,130,89,129,89,524,1589,584,1644,555,1615,554,1615
TRT001498-TEMP000007,ocean,#253371,3202,TRT001498,0,0,66,64,34,33,36,34,425,1526,491,1590,459,1559,461,1560
TRT001498-TEMP000008,ocean,#0a0583,1952,TRT001498,64,8,128,44,93,26,94,25,489,1534,553,1570,518,1552,519,1551
TRT001499-TEMP000001,ocean,#2f3e65,1964,TRT001499,67,13,119,71,90,40,91,40,474,1659,526,1717,497,1686,498,1686
TRT001499-TEMP000002,ocean,#03376b,2485,TRT001499,15,0,71,68,43,34,44,34,422,1646,478,1714,450,1680,451,1680
TRT001499-TEMP000003,ocean,#094196,3026,TRT001499,0,69,59,149,27,114,27,111,407,1715,466,1795,434,1760,434,1757
TRT001499-TEMP000004,ocean,#0124ad,2157,TRT001499,23,49,95,107,60,76,64,75,430,1695,502,1753,467,1722,471,1721
TRT001500-TEMP000001,ocean,#391e7a,2891,TRT001500,45,0,109,72,79,36,78,38,374,1642,438,1714,408,1678,407,1680
TRT001500-TEMP000002,ocean,#211276,2538,TRT001500,36,69,92,143,67,101,67,103,365,1711,421,1785,396,1743,396,1745
TRT001500-TEMP000003,ocean,#0b276f,2650,TRT001500,0,22,63,92,32,55,32,57,329,1664,392,1734,361,1697,361,1699
TRT001501-TEMP000001,ocean,#310a69,1106,TRT001501,29,0,83,27,56,12,57,11,58,231,112,258,85,243,86,242
TRT001501-TEMP000002,ocean,#183475,1473,TRT001501,0,15,42,72,24,44,24,43,29,246,71,303,53,275,53,274
TRT001501-TEMP000003,ocean,#2e47ab,1480,TRT001501,24,52,81,89,53,71,52,70,53,283,110,320,82,302,81,301
TRT001501-TEMP000004,ocean,#034caa,961,TRT001501,42,25,77,60,59,41,60,39,71,256,106,291,88,272,89,270
TRT001501-TEMP000005,ocean,#1824ad,988,TRT001501,72,10,103,65,85,35,86,35,101,241,132,296,114,266,115,266
TRT001502-TEMP000001,ocean,#361d82,1348,TRT001502,0,0,45,36,18,18,18,17,0,282,45,318,18,300,18,299
TRT001502-TEMP000002,ocean,#350a87,1276,TRT001502,0,36,40,73,17,56,16,55,0,318,40,355,17,338,16,337
TRT001502-TEMP000003,ocean,#2808a3,1348,TRT001502,0,74,43,115,16,92,16,91,0,356,43,397,16,374,16,373
TRT001502-TEMP000004,ocean,#302967,1409,TRT001502,28,18,69,76,47,44,47,44,28,300,69,358,47,326,47,326
TRT001503-TEMP000001,ocean,#3528b1,1455,TRT001503,34,0,90,43,63,19,62,20,52,320,108,363,81,339,80,340
TRT001503-TEMP000002,ocean,#241f6e,1378,TRT001503,62,18,114,68,85,45,85,45,80,338,132,388,103,365,103,365
TRT001503-TEMP000003,ocean,#084576,1467,TRT001503,22,28,67,77,45,54,43,55,40,348,85,397,63,374,61,375
TRT001503-TEMP000004,ocean,#1a36b1,639,TRT001503,0,44,38,77,20,66,18,68,18,364,56,397,38,386,36,388
TRT001504-TEMP000001,ocean,#011f75,1240,TRT001504,16,70,72,110,42,90,42,91,112,329,168,369,138,349,138,350
TRT001504-TEMP000002,ocean,#162e97,1271,TRT001504,42,44,82,95,63,67,63,67,138,303,178,354,159,326,159,326
TRT001504-TEMP000003,ocean,#38416a,1490,TRT001504,0,28,45,83,24,57,24,57,96,287,141,342,120,316,120,316
TRT001504-TEMP000004,ocean,#0d0b9c,1715,TRT001504,20,0,78,48,49,25,50,25,116,259,174,307,145,284,146,284
TRT001504-TEMP000005,ocean,#354465,947,TRT001504,67,26,113,66,86,48,89,50,163,285,209,325,182,307,185,309
TRT001504-TEMP000006,ocean,#1a3a8f,1002,TRT001504,74,56,120,95,98,74,98,75,170,315,216,354,194,333,194,334
TRT001505-TEMP000001,ocean,#1b1192,1002,TRT001505,0,37,27,84,10,59,11,59,0,234,27,281,10,256,11,256
TRT001505-TEMP000002,ocean,#2e048a,1242,TRT001505,25,4,71,54,47,32,46,33,25,201,71,251,47,229,46,230
TRT001505-TEMP000003,ocean,#2b29aa,1307,TRT001505,0,0,43,39,19,18,19,17,0,197,43,236,19,215,19,214
TRT001505-TEMP000004,ocean,#290d91,770,TRT001505,15,44,51,84,31,64,31,64,15,241,51,281,31,261,31,261
TRT001506-TEMP000001,ocean,#344e99,1576,TRT001506,0,66,49,114,26,89,27,88,103,212,152,260,129,235,130,234
TRT001506-TEMP000002,ocean,#022279,1169,TRT001506,62,19,96,72,78,46,79,47,165,165,199,218,181,192,182,193
TRT001506-TEMP000003,ocean,#284785,876,TRT001506,33,31,66,68,50,52,51,50,136,177,169,214,153,198,154,196
TRT001506-TEMP000004,ocean,#330e97,1002,TRT001506,39,63,80,105,57,80,58,80,142,209,183,251,160,226,161,226
TRT001506-TEMP000005,ocean,#2d1498,1112,TRT001506,5,20,37,68,21,47,21,45,108,166,140,214,124,193,124,191
TRT001506-TEMP000006,ocean,#240585,1159,TRT001506,15,0,72,34,41,18,42,17,118,146,175,180,144,164,145,163
TRT001507-TEMP000001,ocean,#292e91,1306,TRT001507,22,45,67,83,47,67,46,66,63,192,108,230,88,214,87,213
TRT001507-TEMP000002,ocean,#23256a,1046,TRT001507,0,30,42,73,20,49,20,47,41,177,83,220,61,196,61,194
TRT001507-TEMP000003,ocean,#2c19af,798,TRT001507,9,3,45,38,28,22,27,21,50,150,86,185,69,169,68,168
TRT001507-TEMP000004,ocean,#231280,1071,TRT001507,41,0,82,53,60,31,60,30,82,147,123,200,101,178,101,177
TRT001508-TEMP000001,ocean,#054a67,1387,TRT001508,28,0,73,47,51,23,52,25,81,51,126,98,104,74,105,76
TRT001508-TEMP000002,ocean,#104294,947,TRT001508,0,13,41,62,21,42,22,40,53,64,94,113,74,93,75,91
TRT001508-TEMP000003,ocean,#1d3587,1059,TRT001508,66,14,104,55,86,35,86,35,119,65,157,106,139,86,139,86
TRT001508-TEMP000004,ocean,#241f80,961,TRT001508,16,42,57,77,40,60,39,61,69,93,110,128,93,111,92,112
TRT001508-TEMP000005,ocean,#1c11ab,1065,TRT001508,58,44,97,83,76,62,76,63,111,95,150,134,129,113,129,114
TRT001509-TEMP000001,ocean,#342368,1176,TRT001509,38,0,85,32,61,12,61,12,38,0,85,32,61,12,61,12
TRT001509-TEMP000002,ocean,#34199a,1019,TRT001509,54,18,92,61,74,40,75,39,54,18,92,61,74,40,75,39
TRT001509-TEMP000003,ocean,#3a466f,1193,TRT001509,0,0,38,46,15,16,15,16,0,0,38,46,15,16,15,16
TRT001509-TEMP000004,ocean,#0f226f,1336,TRT001509,0,16,54,59,31,39,33,37,0,16,54,59,31,39,33,37
TRT001509-TEMP000005,ocean,#1d1893,944,TRT001509,0,59,38,95,15,75,16,70,0,59,38,95,15,75,16,70
TRT001509-TEMP000006,ocean,#012b97,1226,TRT001509,37,45,81,91,58,67,59,66,37,45,81,91,58,67,59,66
TRT001509-TEMP000007,ocean,#0845a4,1041,TRT001509,10,71,61,109,38,91,36,92,10,71,61,109,38,91,36,92
TRT001510-TEMP000001,ocean,#1f0e77,1424,TRT001510,4,55,65,88,34,71,33,73,145,111,206,144,175,127,174,129
TRT001510-TEMP000002,ocean,#1c2f67,1208,TRT001510,6,17,50,60,29,41,30,40,147,73,191,116,170,97,171,96
TRT001510-TEMP000003,ocean,#12459b,901,TRT001510,29,0,77,39,51,20,51,19,170,56,218,95,192,76,192,75
TRT001510-TEMP000004,ocean,#264192,1321,TRT001510,49,24,96,80,68,49,69,47,190,80,237,136,209,105,210,103
TRT001510-TEMP000005,ocean,#363975,1144,TRT001510,66,53,142,83,104,71,97,72,207,109,283,139,245,127,238,128
TRT001510-TEMP000006,ocean,#1d487e,1114,TRT001510,0,80,62,115,31,96,29,96,141,136,203,171,172,152,170,152
TRT001511-TEMP000001,ocean,#364482,1624,TRT001511,63,0,108,36,85,17,83,18,147,0,192,36,169,17,167,18
TRT001511-TEMP000002,ocean,#063288,1205,TRT001511,27,0,62,39,45,18,42,20,111,0,146,39,129,18,126,20
TRT001511-TEMP000003,ocean,#164188,782,TRT001511,0,0,32,30,15,13,14,13,84,0,116,30,99,13,98,13
TRT001511-TEMP000004,ocean,#38477e,839,TRT001511,2,27,39,60,21,42,20,42,86,27,123,60,105,42,104,42
TRT001511-TEMP000005,ocean,#2f4dac,1131,TRT001511,34,32,70,75,55,52,54,53,118,32,154,75,139,52,138,53
TRT001511-TEMP000006,ocean,#0f1373,1195,TRT001511,71,32,108,76,87,52,86,53,155,32,192,76,171,52,170,53
TRT001512-TEMP000001,ocean,#211397,1497,TRT001512,0,32,52,64,23,47,24,45,0,167,52,199,23,182,24,180
TRT001512-TEMP000002,ocean,#0a1372,1289,TRT001512,0,0,60,31,25,20,24,18,0,135,60,166,25,155,24,153
TRT001513-TEMP000001,ocean,#110a89,863,TRT001513,35,10,73,42,54,23,54,22,223,162,261,194,242,175,242,174
TRT001513-TEMP000002,ocean,#013bb2,700,TRT001513,73,5,109,33,91,18,92,18,261,157,297,185,279,170,280,170
TRT001513-TEMP000003,ocean,#390a8f,1513,TRT001513,0,0,41,59,21,30,21,30,188,152,229,211,209,182,209,182
TRT001514-TEMP000001,ocean,#313496,879,TRT001514,65,0,108,21,87,10,89,9,255,0,298,21,277,10,279,9
TRT001514-TEMP000002,ocean,#011182,1077,TRT001514,77,40,121,78,98,59,98,59,267,40,311,78,288,59,288,59
TRT001514-TEMP000003,ocean,#361b66,1570,TRT001514,10,0,68,39,43,16,44,17,200,0,258,39,233,16,234,17
TRT001514-TEMP000004,ocean,#07338b,1765,TRT001514,0,0,40,72,16,38,16,39,190,0,230,72,206,38,206,39
TRT001514-TEMP000005,ocean,#32267e,1258,TRT001514,35,32,79,76,59,53,59,55,225,32,269,76,249,53,249,55
TRT001514-TEMP000006,ocean,#051fa4,1025,TRT001514,64,20,109,50,87,33,88,32,254,20,299,50,277,33,278,32
TRT001514-TEMP000007,ocean,#354988,1131,TRT001514,18,58,76,93,47,76,48,78,208,58,266,93,237,76,238,78
TRT001515-TEMP000001,ocean,#2c4378,1080,TRT001515,0,56,39,104,17,79,17,80,216,286,255,334,233,309,233,310
TRT001515-TEMP000002,ocean,#031e6b,1247,TRT001515,14,7,50,61,34,36,33,38,230,237,266,291,250,266,249,268
TRT001515-TEMP000003,ocean,#363797,1390,TRT001515,41,0,87,54,65,29,65,30,257,230,303,284,281,259,281,260
TRT001515-TEMP000004,ocean,#3336a6,1148,TRT001515,32,45,84,86,55,63,55,64,248,275,300,316,271,293,271,294
TRT001515-TEMP000005,ocean,#084f93,1203,TRT001515,84,19,139,56,107,36,108,36,300,249,355,286,323,266,324,266
TRT001516-TEMP000001,ocean,#232070,1085,TRT001516,14,50,60,94,40,71,39,73,163,253,209,297,189,274,188,276
TRT001516-TEMP000002,ocean,#110d85,1257,TRT001516,31,0,89,45,57,22,58,25,180,203,238,248,206,225,207,228
TRT001516-TEMP000003,ocean,#234993,1009,TRT001516,41,72,81,115,62,92,62,93,190,275,230,318,211,295,211,296
TRT001516-TEMP000004,ocean,#1045a5,1259,TRT001516,0,21,52,69,25,47,24,47,149,224,201,272,174,250,173,250
TRT001516-TEMP000005,ocean,#1805b3,1490,TRT001516,52,28,98,79,75,52,77,56,201,231,247,282,224,255,226,259
TRT001517-TEMP000001,ocean,#280c9d,524,TRT001517,16,37,48,62,32,53,31,54,2665,207,2697,232,2681,223,2680,224
TRT001517-TEMP000002,ocean,#0c1667,787,TRT001517,11,0,50,37,29,20,30,20,2660,170,2699,207,2678,190,2679,190
TRT001517-TEMP000003,ocean,#342286,632,TRT001517,0,25,27,65,13,45,13,44,2649,195,2676,235,2662,215,2662,214
TRT001517-TEMP000004,ocean,#181995,436,TRT001517,13,63,46,83,30,70,31,71,2662,233,2695,253,2679,240,2680,241
TRT001517-TEMP000005,ocean,#121e92,604,TRT001517,33,19,62,59,48,37,49,39,2682,189,2711,229,2697,207,2698,209
TRT001518-TEMP000001,ocean,#2f1480,561,TRT001518,26,3,55,28,39,15,38,14,2697,132,2726,157,2710,144,2709,143
TRT001518-TEMP000002,ocean,#193b7d,472,TRT001518,5,0,30,28,19,17,18,17,2676,129,2701,157,2690,146,2689,146
TRT001518-TEMP000003,ocean,#2801a8,625,TRT001518,0,29,31,58,17,40,18,40,2671,158,2702,187,2688,169,2689,169
TRT001518-TEMP000004,ocean,#270b79,704,TRT001518,45,8,79,43,61,27,61,26,2716,137,2750,172,2732,156,2732,155
TRT001518-TEMP000005,ocean,#060faa,625,TRT001518,26,29,55,63,39,44,40,43,2697,158,2726,192,2710,173,2711,172
TRT001518-TEMP000006,ocean,#120f70,603,TRT001518,34,41,70,71,53,56,54,56,2705,170,2741,200,2724,185,2725,185
TRT001519-TEMP000001,ocean,#192b83,633,TRT001519,11,14,43,44,28,30,27,29,2698,210,2730,240,2715,226,2714,225
TRT001519-TEMP000002,ocean,#2010ab,554,TRT001519,22,0,55,27,39,13,39,12,2709,196,2742,223,2726,209,2726,208
TRT001519-TEMP000003,ocean,#0d118a,521,TRT001519,44,15,79,45,60,32,60,31,2731,211,2766,241,2747,228,2747,227
TRT001519-TEMP000004,ocean,#284f75,676,TRT001519,37,35,77,60,56,49,55,48,2724,231,2764,256,2743,245,2742,244
TRT001519-TEMP000005,ocean,#29416d,686,TRT001519,0,36,36,66,17,51,19,51,2687,232,2723,262,2704,247,2706,247
TRT001519-TEMP000006,ocean,#1334a8,444,TRT001519,22,47,49,79,36,63,37,65,2709,243,2736,275,2723,259,2724,261
TRT001520-TEMP000001,ocean,#281366,502,TRT001520,22,0,59,28,38,16,38,17,2755,92,2792,120,2771,108,2771,109
TRT001520-TEMP000002,ocean,#222d69,568,TRT001520,27,23,60,52,42,37,42,37,2760,115,2793,144,2775,129,2775,129
TRT001520-TEMP000003,ocean,#10086d,509,TRT001520,5,2,31,37,19,24,19,24,2738,94,2764,129,2752,116,2752,116
TRT001520-TEMP000004,ocean,#2423a0,584,TRT001520,0,35,29,67,14,48,15,49,2733,127,2762,159,2747,140,2748,141
TRT001520-TEMP000005,ocean,#063180,448,TRT001520,16,46,44,70,30,60,31,60,2749,138,2777,162,2763,152,2764,152
TRT001521-TEMP000001,ocean,#3a4ba3,491,TRT001521,27,26,56,52,41,40,41,41,2756,187,2785,213,2770,201,2770,202
TRT001521-TEMP000002,ocean,#0c3d6c,691,TRT001521,16,0,54,28,35,13,36,13,2745,161,2783,189,2764,174,2765,174
TRT001521-TEMP000003,ocean,#37067a,684,TRT001521,0,9,32,47,16,30,17,30,2729,170,2761,208,2745,191,2746,191
TRT001521-TEMP000004,ocean,#20086f,586,TRT001521,44,11,68,47,58,29,58,29,2773,172,2797,208,2787,190,2787,190
TRT001521-TEMP000005,ocean,#0507a9,516,TRT001521,35,47,65,78,48,61,49,61,2764,208,2794,239,2777,222,2778,222
TRT001521-TEMP000006,ocean,#12339f,440,TRT001521,13,42,39,72,28,55,28,56,2742,203,2768,233,2757,216,2757,217
TRT001522-TEMP000001,ocean,#2d3d84,563,TRT001522,16,0,45,28,31,14,31,13,2787,112,2816,140,2802,126,2802,125
TRT001522-TEMP000002,ocean,#2d3e66,558,TRT001522,0,18,29,51,15,36,16,35,2771,130,2800,163,2786,148,2787,147
TRT001522-TEMP000003,ocean,#1c0bb0,566,TRT001522,29,21,55,54,42,38,42,37,2800,133,2826,166,2813,150,2813,149
TRT001522-TEMP000004,ocean,#024ab3,517,TRT001522,3,41,41,65,23,53,24,53,2774,153,2812,177,2794,165,2795,165
TRT001523-TEMP000001,ocean,#3912a8,510,TRT001523,48,14,71,46,58,30,58,30,2802,251,2825,283,2812,267,2812,267
TRT001523-TEMP000002,ocean,#080fa1,585,TRT001523,37,42,64,72,51,57,50,57,2791,279,2818,309,2805,294,2804,294
TRT001523-TEMP000003,ocean,#0e03ad,444,TRT001523,39,65,64,98,55,78,56,78,2793,302,2818,335,2809,315,2810,315
TRT001523-TEMP000004,ocean,#291386,534,TRT001523,25,9,50,44,40,29,40,31,2779,246,2804,281,2794,266,2794,268
TRT001523-TEMP000005,ocean,#073786,801,TRT001523,0,0,40,33,21,17,21,17,2754,237,2794,270,2775,254,2775,254
TRT001523-TEMP000006,ocean,#334d80,395,TRT001523,19,40,42,68,32,53,31,53,2773,277,2796,305,2786,290,2785,290
TRT001524-TEMP000001,ocean,#2b297d,511,TRT001524,0,25,27,49,14,37,14,38,2795,184,2822,208,2809,196,2809,197
TRT001524-TEMP000002,ocean,#064567,649,TRT001524,28,0,55,29,40,15,40,17,2823,159,2850,188,2835,174,2835,176
TRT001524-TEMP000003,ocean,#114283,522,TRT001524,26,30,50,54,39,41,39,42,2821,189,2845,213,2834,200,2834,201
TRT001524-TEMP000004,ocean,#0440b3,500,TRT001524,0,3,28,30,17,18,17,18,2795,162,2823,189,2812,177,2812,177
TRT001525-TEMP000001,ocean,#09488e,513,TRT001525,21,0,62,27,39,15,38,14,2710,74,2751,101,2728,89,2727,88
TRT001525-TEMP000002,ocean,#252296,719,TRT001525,31,19,65,62,46,38,46,38,2720,93,2754,136,2735,112,2735,112
TRT001525-TEMP000003,ocean,#05456d,711,TRT001525,0,34,39,62,20,48,19,48,2689,108,2728,136,2709,122,2708,122
TRT001525-TEMP000004,ocean,#13477d,519,TRT001525,9,6,36,37,23,25,24,25,2698,80,2725,111,2712,99,2713,99
TRT001526-TEMP000001,ocean,#2210a1,482,TRT001526,39,38,59,64,49,50,49,49,2797,86,2817,112,2807,98,2807,97
TRT001526-TEMP000002,ocean,#124693,673,TRT001526,12,0,46,32,29,14,30,15,2770,48,2804,80,2787,62,2788,63
TRT001526-TEMP000003,ocean,#363fb2,534,TRT001526,34,9,59,37,48,25,50,26,2792,57,2817,85,2806,73,2808,74
TRT001526-TEMP000004,ocean,#051589,554,TRT001526,12,33,40,66,30,49,30,50,2770,81,2798,114,2788,97,2788,98
TRT001526-TEMP000005,ocean,#172289,581,TRT001526,0,16,30,52,14,35,14,34,2758,64,2788,100,2772,83,2772,82
TRT001527-TEMP000001,ocean,#163779,539,TRT001527,19,0,49,27,35,13,37,13,2796,205,2826,232,2812,218,2814,218
TRT001527-TEMP000002,ocean,#052482,692,TRT001527,22,26,57,57,41,40,41,40,2799,231,2834,262,2818,245,2818,245
TRT001527-TEMP000003,ocean,#1d0268,654,TRT001527,0,3,31,43,17,25,17,24,2777,208,2808,248,2794,230,2794,229
TRT001527-TEMP000004,ocean,#1327b1,479,TRT001527,45,5,68,36,56,18,57,18,2822,210,2845,241,2833,223,2834,223
TRT001528-TEMP000001,ocean,#343190,520,TRT001528,9,15,42,44,27,30,29,29,2741,15,2774,44,2759,30,2761,29
TRT001528-TEMP000002,ocean,#1f0272,658,TRT001528,0,0,32,32,17,14,17,14,2732,0,2764,32,2749,14,2749,14
TRT001528-TEMP000003,ocean,#1833ae,622,TRT001528,32,0,60,26,46,11,47,12,2764,0,2792,26,2778,11,2779,12
TRT001528-TEMP000004,ocean,#263178,429,TRT001528,30,26,54,51,44,39,44,40,2762,26,2786,51,2776,39,2776,40
TRT001529-TEMP000001,ocean,#3b3c71,483,TRT001529,29,30,51,56,41,41,41,42,2814,30,2836,56,2826,41,2826,42
TRT001529-TEMP000002,ocean,#384876,631,TRT001529,26,0,51,30,40,16,40,18,2811,0,2836,30,2825,16,2825,18
TRT001529-TEMP000003,ocean,#002166,577,TRT001529,0,19,28,48,12,33,13,33,2785,19,2813,48,2797,33,2798,33
TRT001529-TEMP000004,ocean,#1e3387,414,TRT001529,3,36,36,60,23,49,23,49,2788,36,2821,60,2808,49,2808,49
TRT001529-TEMP000005,ocean,#322d8f,566,TRT001529,5,0,34,23,18,10,19,10,2790,0,2819,23,2803,10,2804,10
TRT001530-TEMP000001,ocean,#320ca0,442,TRT001530,27,29,51,58,38,41,39,42,2844,78,2868,107,2855,90,2856,91
TRT001530-TEMP000002,ocean,#152e8b,603,TRT001530,0,20,26,55,10,36,11,36,2817,69,2843,104,2827,85,2828,85
TRT001530-TEMP000003,ocean,#3a199b,670,TRT001530,27,3,60,31,43,18,42,19,2844,52,2877,80,2860,67,2859,68
TRT001530-TEMP000004,ocean,#352ba6,631,TRT001530,0,0,33,27,18,13,18,12,2817,49,2850,76,2835,62,2835,61
TRT001530-TEMP000005,ocean,#0c3087,369,TRT001530,5,36,37,58,23,50,24,50,2822,85,2854,107,2840,99,2841,99
TRT001531-TEMP000001,ocean,#3a439b,496,TRT001531,7,37,45,62,28,50,30,51,2721,67,2759,92,2742,80,2744,81
TRT001531-TEMP000002,ocean,#080b64,396,TRT001531,30,29,55,55,43,39,43,39,2744,59,2769,85,2757,69,2757,69
TRT001531-TEMP000003,ocean,#0b307e,898,TRT001531,0,0,32,46,18,25,19,26,2714,30,2746,76,2732,55,2733,56
TRT001531-TEMP000004,ocean,#1b1899,481,TRT001531,26,3,60,31,42,20,44,21,2740,33,2774,61,2756,50,2758,51
TRT001532-TEMP000001,ocean,#2d2265,503,TRT001532,14,36,47,58,31,48,31,49,2823,141,2856,163,2840,153,2840,154
TRT001532-TEMP000002,ocean,#070a91,567,TRT001532,0,4,28,44,15,24,16,26,2809,109,2837,149,2824,129,2825,131
TRT001532-TEMP000003,ocean,#0a0a9e,485,TRT001532,28,13,48,44,40,29,40,30,2837,118,2857,149,2849,134,2849,135
TRT001532-TEMP000004,ocean,#08369c,647,TRT001532,3,0,48,22,27,9,28,9,2812,105,2857,127,2836,114,2837,114
TRT001533-TEMP000001,ocean,#213c8e,623,TRT001533,22,31,53,59,36,44,35,45,2856,31,2887,59,2870,44,2869,45
TRT001533-TEMP000002,ocean,#203aa4,699,TRT001533,30,0,53,36,43,17,44,19,2864,0,2887,36,2877,17,2878,19
TRT001533-TEMP000003,ocean,#0c4a9c,372,TRT001533,3,28,24,53,12,40,11,40,2837,28,2858,53,2846,40,2845,40
TRT001533-TEMP000004,ocean,#281db1,493,TRT001533,2,15,32,36,17,24,18,25,2836,15,2866,36,2851,24,2852,25
TRT001533-TEMP000005,ocean,#010664,536,TRT001533,0,0,37,17,18,7,19,7,2834,0,2871,17,2852,7,2853,7
TRT001534-TEMP000001,ocean,#0c0b7e,977,TRT001534,81,42,119,81,99,62,101,62,1594,113,1632,152,1612,133,1614,133
TRT001534-TEMP000002,ocean,#363d9a,1070,TRT001534,122,27,171,63,145,44,144,45,1635,98,1684,134,1658,115,1657,116
TRT001534-TEMP000003,ocean,#39429d,1470,TRT001534,52,0,91,50,72,27,73,28,1565,71,1604,121,1585,98,1586,99
TRT001534-TEMP000004,ocean,#2007b2,748,TRT001534,112,48,149,83,127,67,128,69,1625,119,1662,154,1640,138,1641,140
TRT001534-TEMP000005,ocean,#0742b2,1569,TRT001534,10,6,57,57,37,31,37,33,1523,77,1570,128,1550,102,1550,104
TRT001534-TEMP000006,ocean,#1d3a91,1621,TRT001534,0,53,48,99,25,74,27,77,1513,124,1561,170,1538,145,1540,148
TRT001534-TEMP000007,ocean,#093383,764,TRT001534,85,3,127,41,103,23,104,22,1598,74,1640,112,1616,94,1617,93
TRT001534-TEMP000008,ocean,#2d0385,1398,TRT001534,47,49,88,93,66,69,68,71,1560,120,1601,164,1579,140,1581,142
TRT001534-TEMP000009,ocean,#03007d,941,TRT001534,33,84,73,125,53,103,54,105,1546,155,1586,196,1566,174,1567,176
TRT001535-TEMP000001,ocean,#0e4b6a,839,TRT001535,0,42,34,87,18,61,19,61,1570,203,1604,248,1588,222,1589,222
TRT001535-TEMP000002,ocean,#140f95,1249,TRT001535,2,0,46,42,25,22,22,23,1572,161,1616,203,1595,183,1592,184
TRT001535-TEMP000003,ocean,#1a0caa,1788,TRT001535,46,0,104,38,73,19,70,19,1616,161,1674,199,1643,180,1640,180
TRT001536-TEMP000001,ocean,#162fa0,1612,TRT001536,49,46,96,97,72,73,71,74,842,671,889,722,865,698,864,699
TRT001536-TEMP000002,ocean,#2b1d7d,1779,TRT001536,38,14,96,62,62,40,59,40,831,639,889,687,855,665,852,665
TRT001536-TEMP000003,ocean,#131ab2,1723,TRT001536,0,55,52,100,29,77,29,79,793,680,845,725,822,702,822,704
TRT001536-TEMP000004,ocean,#22247f,1838,TRT001536,0,0,43,62,21,32,19,34,793,625,836,687,814,657,812,659
TRT001537-TEMP000001,ocean,#1d3e71,1956,TRT001537,1,28,62,76,31,54,33,53,884,657,945,705,914,683,916,682
TRT001537-TEMP000002,ocean,#2a147e,1896,TRT001537,59,43,119,95,89,67,89,66,942,672,1002,724,972,696,972,695
TRT001537-TEMP000003,ocean,#2a3da7,1840,TRT001537,33,70,86,135,57,102,59,101,916,699,969,764,940,731,942,730
TRT001537-TEMP000004,ocean,#1b0488,1243,TRT001537,11,0,65,41,42,22,42,21,894,629,948,670,925,651,925,650
TRT001537-TEMP000005,ocean,#3a3c7a,1379,TRT001537,55,10,102,56,76,34,77,32,938,639,985,685,959,663,960,661
TRT001537-TEMP000006,ocean,#212669,1590,TRT001537,0,63,47,121,23,89,24,90,883,692,930,750,906,718,907,719
TRT001538-TEMP000001,ocean,#232a88,1751,TRT001538,0,46,47,103,24,75,23,75,694,653,741,710,718,682,717,682
TRT001538-TEMP000002,ocean,#274c82,1390,TRT001538,15,26,71,72,47,48,47,48,709,633,765,679,741,655,741,655
TRT001538-TEMP000003,ocean,#1d209f,1755,TRT001538,47,51,101,96,73,75,71,76,741,658,795,703,767,682,765,683
TRT001538-TEMP000004,ocean,#051d83,1903,TRT001538,63,0,110,62,89,31,89,32,757,607,804,669,783,638,783,639
TRT001539-TEMP000001,ocean,#302eaf,1404,TRT001539,29,37,76,89,56,64,52,64,825,600,872,652,852,627,848,627
TRT001539-TEMP000002,ocean,#264186,2114,TRT001539,49,0,112,55,78,28,78,29,845,563,908,618,874,591,874,592
TRT001539-TEMP000003,ocean,#283f7c,2130,TRT001539,73,39,130,97,99,68,98,69,869,602,926,660,895,631,894,632
TRT001539-TEMP000004,ocean,#02106b,1339,TRT001539,0,19,52,69,28,46,28,44,796,582,848,632,824,609,824,607
TRT001540-TEMP000001,ocean,#1c339a,1650,TRT001540,52,49,98,106,71,72,73,72,849,766,895,823,868,789,870,789
TRT001540-TEMP000002,ocean,#391198,1389,TRT001540,80,13,132,67,103,43,104,42,877,730,929,784,900,760,901,759
TRT001540-TEMP000003,ocean,#1c3fae,1779,TRT001540,49,0,97,48,72,23,71,25,846,717,894,765,869,740,868,742
TRT001540-TEMP000004,ocean,#171892,1579,TRT001540,11,6,56,53,35,33,34,31,808,723,853,770,832,750,831,748
TRT001540-TEMP000005,ocean,#322d97,2119,TRT001540,0,54,57,106,32,77,34,75,797,771,854,823,829,794,831,792
TRT001541-TEMP000001,ocean,#36479c,1746,TRT001541,33,28,97,64,65,47,60,45,755,724,819,760,787,743,782,741
TRT001541-TEMP000002,ocean,#1f167f,2162,TRT001541,23,60,88,105,56,80,58,79,745,756,810,801,778,776,780,775
TRT001541-TEMP000003,ocean,#034699,1660,TRT001541,0,6,44,68,24,32,21,30,722,702,766,764,746,728,743,726
TRT001541-TEMP000004,ocean,#220f65,1424,TRT001541,38,0,99,35,66,18,64,16,760,696,821,731,788,714,786,712
TRT001542-TEMP000001,ocean,#09346b,2080,TRT001542,0,39,53,93,23,64,24,66,0,1903,53,1957,23,1928,24,1930
TRT001542-TEMP000002,ocean,#3200a1,2185,TRT001542,0,75,75,128,32,99,35,99,0,1939,75,1992,32,1963,35,1963
TRT001542-TEMP000003,ocean,#093bb2,2652,TRT001542,0,0,71,46,33,21,31,22,0,1864,71,1910,33,1885,31,1886
TRT001542-TEMP000004,ocean,#20189b,2939,TRT001542,48,10,112,94,77,56,77,53,48,1874,112,1958,77,1920,77,1917
TRT001543-TEMP000001,ocean,#314878,2117,TRT001543,0,45,58,97,27,73,29,74,0,1783,58,1835,27,1811,29,1812
TRT001543-TEMP000002,ocean,#113290,2107,TRT001543,0,93,70,129,31,112,32,113,0,1831,70,1867,31,1850,32,1851
TRT001543-TEMP000003,ocean,#34208d,2300,TRT001543,50,43,105,121,72,81,73,81,50,1781,105,1859,72,1819,73,1819
TRT001543-TEMP000004,ocean,#021f8e,2007,TRT001543,0,0,61,60,21,35,21,35,0,1738,61,1798,21,1773,21,1773
TRT001544-TEMP000001,ocean,#103c7e,2130,TRT001544,87,54,144,120,116,90,117,90,154,1844,211,1910,183,1880,184,1880
TRT001544-TEMP000002,ocean,#16457a,2725,TRT001544,27,85,100,149,63,117,65,117,94,1875,167,1939,130,1907,132,1907
TRT001544-TEMP000003,ocean,#3b2c85,2512,TRT001544,0,45,62,119,31,80,30,82,67,1835,129,1909,98,1870,97,1872
TRT001544-TEMP000004,ocean,#353da3,2486,TRT001544,57,24,122,93,88,60,87,62,124,1814,189,1883,155,1850,154,1852
TRT001544-TEMP000005,ocean,#2140a7,2509,TRT001544,20,0,92,65,58,32,56,33,87,1790,159,1855,125,1822,123,1823
TRT001545-TEMP000001,ocean,#0a188a,2514,TRT001545,50,0,109,64,77,34,78,35,50,1679,109,1743,77,1713,78,1714
TRT001545-TEMP000002,ocean,#0d2467,1945,TRT001545,0,0,62,36,28,16,28,16,0,1679,62,1715,28,1695,28,1695
TRT001545-TEMP000003,ocean,#202a8c,1919,TRT001545,0,32,55,79,26,53,26,52,0,1711,55,1758,26,1732,26,1731
TRT001545-TEMP000004,ocean,#10408c,2166,TRT001545,36,55,98,116,68,80,66,80,36,1734,98,1795,68,1759,66,1759
TRT001545-TEMP000005,ocean,#301cb1,2918,TRT001545,78,59,149,130,112,99,111,98,78,1738,149,1809,112,1778,111,1777
TRT001546-TEMP000001,ocean,#3741b2,3029,TRT001546,80,51,143,129,109,92,108,93,168,1692,231,1770,197,1733,196,1734
TRT001546-TEMP000002,ocean,#272d6e,2092,TRT001546,46,102,118,166,79,131,78,132,134,1743,206,1807,167,1772,166,1773
TRT001546-TEMP000003,ocean,#22438e,2901,TRT001546,42,0,111,69,75,37,74,36,130,1641,199,1710,163,1678,162,1677
TRT001546-TEMP000004,ocean,#173a6e,2515,TRT001546,18,61,81,122,53,91,53,90,106,1702,169,1763,141,1732,141,1731
TRT001546-TEMP000005,ocean,#121674,2018,TRT001546,0,24,56,87,28,55,27,55,88,1665,144,1728,116,1696,115,1696
TRT001547-TEMP000001,ocean,#280376,2490,TRT001547,22,65,88,133,56,97,58,96,265,1752,331,1820,299,1784,301,1783
TRT001547-TEMP000002,ocean,#31017b,2716,TRT001547,80,39,143,111,112,77,113,74,323,1726,386,1798,355,1764,356,1761
TRT001547-TEMP000003,ocean,#002ea5,2582,TRT001547,43,0,111,69,78,36,78,34,286,1687,354,1756,321,1723,321,1721
TRT001547-TEMP000004,ocean,#004e69,2323,TRT001547,47,94,120,158,82,125,85,124,290,1781,363,1845,325,1812,328,1811
TRT001547-TEMP000005,ocean,#0341a6,2294,TRT001547,0,33,65,96,31,64,31,64,243,1720,308,1783,274,1751,274,1751
TRT001548-TEMP000001,ocean,#2a47b1,3626,TRT001548,82,54,160,129,120,89,117,90,253,1642,331,1717,291,1677,288,1678
TRT001548-TEMP000002,ocean,#0a21a9,2332,TRT001548,46,100,117,162,79,131,78,132,217,1688,288,1750,250,1719,249,1720
TRT001548-TEMP000003,ocean,#201b88,2119,TRT001548,20,72,84,130,52,98,49,98,191,1660,255,1718,223,1686,220,1686
TRT001548-TEMP000004,ocean,#2646a2,2280,TRT001548,42,14,95,83,67,52,67,52,213,1602,266,1671,238,1640,238,1640
TRT001548-TEMP000005,ocean,#2e4d6a,2139,TRT001548,69,0,133,65,98,34,99,33,240,1588,304,1653,269,1622,270,1621
TRT001548-TEMP000006,ocean,#3249a1,1706,TRT001548,0,35,47,90,26,62,25,61,171,1623,218,1678,197,1650,196,1649
TRT001549-TEMP000001,ocean,#2b167c,2912,TRT001549,75,38,145,111,108,78,105,75,233,1785,303,1858,266,1825,263,1822
TRT001549-TEMP000002,ocean,#2a1f91,2620,TRT001549,47,93,124,152,82,124,84,122,205,1840,282,1899,240,1871,242,1869
TRT001549-TEMP000003,ocean,#18488c,2335,TRT001549,41,0,106,64,73,33,72,31,199,1747,264,1811,231,1780,230,1778
TRT001549-TEMP000004,ocean,#270089,1962,TRT001549,0,29,62,86,30,58,30,57,158,1776,220,1833,188,1805,188,1804
TRT001549-TEMP000005,ocean,#37479e,2085,TRT001549,23,62,82,127,55,91,53,91,181,1809,240,1874,213,1838,211,1838
TRT001550-TEMP000001,ocean,#354eae,2114,TRT001550,35,47,100,110,69,77,69,78,144,1940,209,2003,178,1970,178,1971
TRT001550-TEMP000002,ocean,#1c39b3,2382,TRT001550,0,15,75,79,42,48,42,48,109,1908,184,1972,151,1941,151,1941
TRT001550-TEMP000003,ocean,#072a9e,3305,TRT001550,67,0,145,66,104,30,104,31,176,1893,254,1959,213,1923,213,1924
TRT001550-TEMP000004,ocean,#1949a1,1740,TRT001550,68,70,128,124,97,102,97,103,177,1963,237,2017,206,1995,206,1996
TRT001550-TEMP000005,ocean,#352a81,2547,TRT001550,101,39,164,108,134,76,133,77,210,1932,273,2001,243,1969,242,1970
TRT001551-TEMP000001,ocean,#171f92,2249,TRT001551,17,102,61,169,39,135,38,136,88,2044,132,2111,110,2077,109,2078
TRT001551-TEMP000002,ocean,#1b4f99,2102,TRT001551,37,62,103,121,68,97,69,96,108,2004,174,2063,139,2039,140,2038
TRT001551-TEMP000003,ocean,#060f86,2301,TRT001551,52,112,109,169,81,143,80,143,123,2054,180,2111,152,2085,151,2085
TRT001551-TEMP000004,ocean,#162ab2,2185,TRT001551,3,40,62,105,30,72,28,70,74,1982,133,2047,101,2014,99,2012
TRT001551-TEMP000005,ocean,#22077c,2106,TRT001551,63,39,118,111,93,74,95,74,134,1981,189,2053,164,2016,166,2016
TRT001551-TEMP000006,ocean,#183e93,2824,TRT001551,0,0,79,59,38,30,40,30,71,1942,150,2001,109,1972,111,1972
TRT001552-TEMP000001,ocean,#2741a5,2733,TRT001552,76,71,153,120,113,101,113,101,241,2062,318,2111,278,2092,278,2092
TRT001552-TEMP000002,ocean,#122a98,3426,TRT001552,0,65,78,120,41,96,41,94,165,2056,243,2111,206,2087,206,2085
TRT001552-TEMP000003,ocean,#3b40b2,2327,TRT001552,15,15,75,70,47,46,47,44,180,2006,240,2061,212,2037,212,2035
TRT001552-TEMP000004,ocean,#0b3e98,2346,TRT001552,67,38,132,91,98,63,98,61,232,2029,297,2082,263,2054,263,2052
TRT001552-TEMP000005,ocean,#0a4375,1769,TRT001552,63,0,124,44,94,24,94,23,228,1991,289,2035,259,2015,259,2014
TRT001553-TEMP000001,ocean,#301f6b,1952,TRT001553,41,73,94,124,68,97,71,103,41,2037,94,2088,68,2061,71,2067
TRT001553-TEMP000002,ocean,#1e0a7a,2734,TRT001553,0,14,49,82,22,52,24,51,0,1978,49,2046,22,2016,24,2015
TRT001553-TEMP000003,ocean,#261d6a,2849,TRT001553,0,83,49,147,22,114,23,114,0,2047,49,2111,22,2078,23,2078
TRT001553-TEMP000004,ocean,#2c029c,1572,TRT001553,35,117,99,147,68,134,67,136,35,2081,99,2111,68,2098,67,2100
TRT001553-TEMP000005,ocean,#2d1664,2532,TRT001553,37,0,84,75,61,40,63,45,37,1964,84,2039,61,2004,63,2009
TRT001554-TEMP000001,ocean,#1c039e,2937,TRT001554,65,65,132,120,95,96,94,94,528,2056,595,2111,558,2087,557,2085
TRT001554-TEMP000002,ocean,#1d08ae,1942,TRT001554,62,11,110,70,84,44,83,42,525,2002,573,2061,547,2035,546,2033
TRT001554-TEMP000003,ocean,#3a11ac,1747,TRT001554,20,31,69,78,45,56,44,52,483,2022,532,2069,508,2047,507,2043
TRT001554-TEMP000004,ocean,#1f3db3,2573,TRT001554,0,73,66,120,37,99,37,98,463,2064,529,2111,500,2090,500,2089
TRT001554-TEMP000005,ocean,#1a2285,1393,TRT001554,25,0,78,34,48,18,48,16,488,1991,541,2025,511,2009,511,2007
TRT001555-TEMP000001,ocean,#3b209d,1970,TRT001555,70,0,126,55,96,25,98,24,701,1996,757,2051,727,2021,729,2020
TRT001555-TEMP000002,ocean,#232b83,2736,TRT001555,60,51,107,115,85,85,86,82,691,2047,738,2111,716,2081,717,2078
TRT001555-TEMP000003,ocean,#281c8e,2499,TRT001555,23,5,80,66,53,36,54,35,654,2001,711,2062,684,2032,685,2031
TRT001555-TEMP000004,ocean,#37097d,2841,TRT001555,0,56,67,115,35,91,37,90,631,2052,698,2111,666,2087,668,2086
TRT001556-TEMP000001,ocean,#093c98,2419,TRT001556,60,26,113,98,86,60,87,59,617,1990,670,2062,643,2024,644,2023
TRT001556-TEMP000002,ocean,#054c8b,2810,TRT001556,0,27,60,98,31,62,33,62,557,1991,617,2062,588,2026,590,2026
TRT001556-TEMP000003,ocean,#0f0176,3267,TRT001556,21,82,91,147,56,115,56,115,578,2046,648,2111,613,2079,613,2079
TRT001556-TEMP000004,ocean,#2d1888,1865,TRT001556,21,0,97,54,60,26,60,25,578,1964,654,2018,617,1990,617,1989
TRT001557-TEMP000001,ocean,#343193,2420,TRT001557,3,75,87,129,52,104,54,104,494,1953,578,2007,543,1982,545,1982
TRT001557-TEMP000002,ocean,#1611a8,2317,TRT001557,0,39,66,113,33,72,34,71,491,1917,557,1991,524,1950,525,1949
TRT001557-TEMP000003,ocean,#22137d,1992,TRT001557,58,23,127,77,87,51,90,50,549,1901,618,1955,578,1929,581,1928
TRT001557-TEMP000004,ocean,#240b92,2557,TRT001557,18,1,81,49,48,22,50,21,509,1879,572,1927,539,1900,541,1899
TRT001557-TEMP000005,ocean,#072f83,1981,TRT001557,81,0,133,52,111,21,112,20,572,1878,624,1930,602,1899,603,1898
TRT001557-TEMP000006,ocean,#362d8a,2079,TRT001557,73,53,132,112,105,82,105,82,564,1931,623,1990,596,1960,596,1960
TRT001558-TEMP000001,ocean,#301273,2335,TRT001558,19,65,81,125,55,100,54,99,643,1943,705,2003,679,1978,678,1977
TRT001558-TEMP000002,ocean,#162064,2344,TRT001558,54,36,121,89,87,62,88,62,678,1914,745,1967,711,1940,712,1940
TRT001558-TEMP000003,ocean,#022e7a,2584,TRT001558,0,0,57,53,28,23,31,24,624,1878,681,1931,652,1901,655,1902
TRT001558-TEMP000004,ocean,#00139c,2173,TRT001558,80,71,133,122,107,101,107,102,704,1949,757,2000,731,1979,731,1980
TRT001558-TEMP000005,ocean,#100eac,2304,TRT001558,0,40,54,104,22,69,21,68,624,1918,678,1982,646,1947,645,1946
TRT001558-TEMP000006,ocean,#2d3169,1941,TRT001558,54,0,107,48,76,22,78,21,678,1878,731,1926,700,1900,702,1899
TRT001559-TEMP000001,ocean,#1b41b0,3483,TRT001559,45,0,112,72,82,39,81,41,545,1393,612,1465,582,1432,581,1434
TRT001559-TEMP000002,ocean,#232cb3,2583,TRT001559,61,67,122,128,93,98,91,100,561,1460,622,1521,593,1491,591,1493
TRT001559-TEMP000003,ocean,#0610ad,1777,TRT001559,0,32,50,94,23,63,21,63,500,1425,550,1487,523,1456,521,1456
TRT001559-TEMP000004,ocean,#2e27b0,1943,TRT001559,15,53,73,114,48,85,44,84,515,1446,573,1507,548,1478,544,1477
TRT001559-TEMP000005,ocean,#36389d,2405,TRT001559,0,95,59,151,27,122,27,123,500,1488,559,1544,527,1515,527,1516
TRT001559-TEMP000006,ocean,#293f65,2319,TRT001559,49,115,115,165,81,141,82,142,549,1508,615,1558,581,1534,582,1535
TRT001560-TEMP000001,ocean,#2c437c,2610,TRT001560,0,45,63,103,32,69,32,69,433,1373,496,1431,465,1397,465,1397
TRT001560-TEMP000002,ocean,#390b8a,2552,TRT001560,59,15,123,64,88,37,91,37,492,1343,556,1392,521,1365,524,1365
TRT001560-TEMP000003,ocean,#3b497b,2739,TRT001560,47,59,118,122,79,88,80,88,480,1387,551,1450,512,1416,513,1416
TRT001560-TEMP000004,ocean,#0d1873,2373,TRT001560,104,21,163,88,132,54,133,55,537,1349,596,1416,565,1382,566,1383
TRT001560-TEMP000005,ocean,#29447c,2527,TRT001560,1,0,62,49,28,26,30,25,434,1328,495,1377,461,1354,463,1353
TRT001561-TEMP000001,ocean,#313c66,2858,TRT001561,0,64,62,125,32,95,34,94,391,1468,453,1529,423,1499,425,1498
TRT001561-TEMP000002,ocean,#271579,2033,TRT001561,23,0,83,65,50,30,51,30,414,1404,474,1469,441,1434,442,1434
TRT001561-TEMP000003,ocean,#234f96,1885,TRT001561,0,20,46,82,18,52,17,51,391,1424,437,1486,409,1456,408,1455
TRT001561-TEMP000004,ocean,#08406d,2316,TRT001561,54,83,108,129,83,107,85,107,445,1487,499,1533,474,1511,476,1511
TRT001561-TEMP000005,ocean,#242eaf,2343,TRT001561,53,27,111,83,85,60,86,59,444,1431,502,1487,476,1464,477,1463
TRT001562-TEMP000001,ocean,#020fa0,2741,TRT001562,83,21,128,98,109,56,109,57,388,1328,433,1405,414,1363,414,1364
TRT001562-TEMP000002,ocean,#0842aa,2152,TRT001562,28,17,95,76,65,48,64,45,333,1324,400,1383,370,1355,369,1352
TRT001562-TEMP000003,ocean,#112d64,1307,TRT001562,23,0,85,49,51,22,50,20,328,1307,390,1356,356,1329,355,1327
TRT001562-TEMP000004,ocean,#2f3e86,2582,TRT001562,0,50,58,119,31,88,30,87,305,1357,363,1426,336,1395,335,1394
TRT001562-TEMP000005,ocean,#39338a,2871,TRT001562,47,70,125,130,82,101,79,101,352,1377,430,1437,387,1408,384,1408
TRT001563-TEMP000001,ocean,#110d79,2141,TRT001563,18,0,79,64,50,30,53,33,302,1414,363,1478,334,1444,337,1447
TRT001563-TEMP000002,ocean,#394886,2267,TRT001563,0,7,48,89,23,54,21,51,284,1421,332,1503,307,1468,305,1465
TRT001563-TEMP000003,ocean,#3b297d,1645,TRT001563,68,19,106,75,90,45,92,45,352,1433,390,1489,374,1459,376,1459
TRT001563-TEMP000004,ocean,#08277a,2596,TRT001563,33,58,106,108,74,85,73,85,317,1472,390,1522,358,1499,357,1499
TRT001564-TEMP000001,ocean,#2a1c89,3130,TRT001564,90,29,153,106,124,67,123,69,537,1742,600,1819,571,1780,570,1782
TRT001564-TEMP000002,ocean,#06238a,2420,TRT001564,51,0,123,63,83,31,83,30,498,1713,570,1776,530,1744,530,1743
TRT001564-TEMP000003,ocean,#31206e,2185,TRT001564,13,11,77,78,47,48,48,51,460,1724,524,1791,494,1761,495,1764
TRT001564-TEMP000004,ocean,#3a0285,2374,TRT001564,47,62,110,118,77,92,76,94,494,1775,557,1831,524,1805,523,1807
TRT001564-TEMP000005,ocean,#1e4b75,1962,TRT001564,0,52,52,116,27,83,25,82,447,1765,499,1829,474,1796,472,1795
TRT001564-TEMP000006,ocean,#00368a,1847,TRT001564,35,109,84,165,65,136,64,136,482,1822,531,1878,512,1849,511,1849
TRT001564-TEMP000007,ocean,#243e9c,2229,TRT001564,85,102,134,165,105,134,105,136,532,1815,581,1878,552,1847,552,1849
TRT001565-TEMP000001,ocean,#304bb3,3354,TRT001565,30,0,103,78,67,46,66,49,625,1643,698,1721,662,1689,661,1692
TRT001565-TEMP000002,ocean,#0d4d76,2377,TRT001565,41,79,99,139,66,108,66,108,636,1722,694,1782,661,1751,661,1751
TRT001565-TEMP000003,ocean,#053b87,2341,TRT001565,77,47,146,115,108,81,109,82,672,1690,741,1758,703,1724,704,1725
TRT001565-TEMP000004,ocean,#3514b2,2326,TRT001565,0,63,50,132,26,101,25,103,595,1706,645,1775,621,1744,620,1746
TRT001566-TEMP000001,ocean,#341799,2201,TRT001566,60,97,124,153,91,126,89,127,569,1664,633,1720,600,1693,598,1694
TRT001566-TEMP000002,ocean,#152fb0,1650,TRT001566,40,136,101,186,72,160,73,162,549,1703,610,1753,581,1727,582,1729
TRT001566-TEMP000003,ocean,#2c3f6d,2443,TRT001566,0,98,61,164,32,132,32,134,509,1665,570,1731,541,1699,541,1701
TRT001566-TEMP000004,ocean,#1809a6,2233,TRT001566,29,58,92,120,64,90,63,89,538,1625,601,1687,573,1657,572,1656
TRT001566-TEMP000005,ocean,#170f6b,2626,TRT001566,90,51,150,119,120,84,119,84,599,1618,659,1686,629,1651,628,1651
TRT001566-TEMP000006,ocean,#264d81,2052,TRT001566,68,0,125,72,94,41,94,40,577,1567,634,1639,603,1608,603,1607
TRT001567-TEMP000001,ocean,#222d9a,2629,TRT001567,0,56,69,109,36,88,33,90,559,1825,628,1878,595,1857,592,1859
TRT001567-TEMP000002,ocean,#2d0389,2564,TRT001567,50,14,115,89,83,54,79,57,609,1783,674,1858,642,1823,638,1826
TRT001567-TEMP000003,ocean,#0606ad,2428,TRT001567,21,0,92,63,53,30,51,32,580,1769,651,1832,612,1799,610,1801
TRT001567-TEMP000004,ocean,#040a79,2408,TRT001567,70,57,141,108,106,89,106,89,629,1826,700,1877,665,1858,665,1858
TRT001568-TEMP000001,ocean,#2f4370,2251,TRT001568,0,23,63,85,32,55,31,52,654,1756,717,1818,686,1788,685,1785
TRT001568-TEMP000002,ocean,#333ea6,2772,TRT001568,47,0,109,71,78,33,79,32,701,1733,763,1804,732,1766,733,1765
TRT001568-TEMP000003,ocean,#00478c,3043,TRT001568,19,63,87,144,54,98,54,95,673,1796,741,1877,708,1831,708,1828
TRT001569-TEMP000001,ocean,#0d2a6d,1878,TRT001569,20,0,82,55,55,30,54,28,957,1989,1019,2044,992,2019,991,2017
TRT001569-TEMP000002,ocean,#0b3585,2391,TRT001569,0,34,50,101,23,66,26,67,937,2023,987,2090,960,2055,963,2056
TRT001569-TEMP000003,ocean,#2b1591,1850,TRT001569,49,42,88,107,72,73,73,72,986,2031,1025,2096,1009,2062,1010,2061
TRT001569-TEMP000004,ocean,#26389a,2299,TRT001569,7,81,88,122,47,107,47,108,944,2070,1025,2111,984,2096,984,2097
TRT001570-TEMP000001,ocean,#2842b3,2289,TRT001570,107,0,161,62,140,28,140,27,953,1937,1007,1999,986,1965,986,1964
TRT001570-TEMP000002,ocean,#202d89,2975,TRT001570,72,17,136,91,102,50,103,52,918,1954,982,2028,948,1987,949,1989
TRT001570-TEMP000003,ocean,#010f72,2930,TRT001570,0,17,76,76,38,41,40,40,846,1954,922,2013,884,1978,886,1977
TRT001570-TEMP000004,ocean,#1335a8,2106,TRT001570,22,47,100,102,67,76,65,77,868,1984,946,2039,913,2013,911,2014
TRT001571-TEMP000001,ocean,#2f229f,2368,TRT001571,68,36,126,102,99,68,99,69,807,1997,865,2063,838,2029,838,2030
TRT001571-TEMP000002,ocean,#1d227b,2336,TRT001571,40,0,119,45,84,19,85,18,779,1961,858,2006,823,1980,824,1979
TRT001571-TEMP000003,ocean,#0a228f,2204,TRT001571,36,9,86,89,58,50,60,50,775,1970,825,2050,797,2011,799,2011
TRT001571-TEMP000004,ocean,#252464,2622,TRT001571,49,87,106,150,75,120,77,121,788,2048,845,2111,814,2081,816,2082
TRT001571-TEMP000005,ocean,#0c2da0,3415,TRT001571,0,86,57,150,26,118,29,117,739,2047,796,2111,765,2079,768,2078
TRT001571-TEMP000006,ocean,#343691,2252,TRT001571,0,11,50,87,26,58,26,56,739,1972,789,2048,765,2019,765,2017
TRT001572-TEMP000001,ocean,#342799,2487,TRT001572,59,56,122,98,88,77,87,76,886,2069,949,2111,915,2090,914,2089
TRT001572-TEMP000002,ocean,#311a94,2050,TRT001572,19,0,68,62,47,33,46,33,846,2013,895,2075,874,2046,873,2046
TRT001572-TEMP000003,ocean,#0c4665,2190,TRT001572,0,50,59,98,32,78,31,79,827,2063,886,2111,859,2091,858,2092
TRT001572-TEMP000004,ocean,#332577,1591,TRT001572,66,12,113,55,87,37,87,35,893,2025,940,2068,914,2050,914,2048
TRT001573-TEMP000001,ocean,#214767,797,TRT001573,86,0,138,26,107,9,107,9,3643,0,3695,26,3664,9,3664,9
TRT001573-TEMP000002,ocean,#1a4865,1485,TRT001573,48,0,92,44,71,19,72,20,3605,0,3649,44,3628,19,3629,20
TRT001573-TEMP000003,ocean,#1c2498,1519,TRT001573,0,0,49,39,23,15,25,15,3557,0,3606,39,3580,15,3582,15
TRT001573-TEMP000004,ocean,#2f0698,1040,TRT001573,22,20,69,66,47,41,46,43,3579,20,3626,66,3604,41,3603,43
TRT001574-TEMP000001,ocean,#2e1d66,1110,TRT001574,29,0,69,38,48,16,48,14,3492,0,3532,38,3511,16,3511,14
TRT001574-TEMP000002,ocean,#0b466c,1367,TRT001574,57,0,96,48,78,23,77,24,3520,0,3559,48,3541,23,3540,24
TRT001574-TEMP000003,ocean,#1848a6,1351,TRT001574,0,31,48,72,26,51,28,50,3463,31,3511,72,3489,51,3491,50
TRT001574-TEMP000004,ocean,#143a81,1150,TRT001574,38,36,80,77,58,58,59,60,3501,36,3543,77,3521,58,3522,60
TRT001574-TEMP000005,ocean,#39336c,1065,TRT001574,0,0,33,43,17,20,16,20,3463,0,3496,43,3480,20,3479,20
TRT001575-TEMP000001,ocean,#2919a5,1282,TRT001575,10,0,52,40,34,21,36,22,3456,67,3498,107,3480,88,3482,89
TRT001575-TEMP000002,ocean,#3b3965,855,TRT001575,51,6,87,47,66,24,68,23,3497,73,3533,114,3512,91,3514,90
TRT001575-TEMP000003,ocean,#1d3964,1583,TRT001575,0,34,66,75,32,54,32,54,3446,101,3512,142,3478,121,3478,121
TRT001576-TEMP000001,ocean,#0b25a4,1193,TRT001576,0,9,45,51,21,29,20,29,3371,52,3416,94,3392,72,3391,72
TRT001576-TEMP000002,ocean,#0d24a2,1110,TRT001576,26,9,67,64,47,41,46,42,3397,52,3438,107,3418,84,3417,85
TRT001576-TEMP000003,ocean,#164c6d,1336,TRT001576,49,7,92,67,70,37,70,34,3420,50,3463,110,3441,80,3441,77
TRT001576-TEMP000004,ocean,#36396a,803,TRT001576,57,0,100,37,84,17,86,16,3428,43,3471,80,3455,60,3457,59
TRT001577-TEMP000001,ocean,#182b90,1481,TRT001577,22,0,77,51,49,26,50,27,3542,28,3597,79,3569,54,3570,55
TRT001577-TEMP000002,ocean,#214492,767,TRT001577,38,52,82,87,56,72,57,73,3558,80,3602,115,3576,100,3577,101
TRT001577-TEMP000003,ocean,#081d8f,854,TRT001577,0,69,45,98,26,85,26,86,3520,97,3565,126,3546,113,3546,114
TRT001577-TEMP000004,ocean,#1c1c76,1069,TRT001577,55,24,92,77,78,50,80,51,3575,52,3612,105,3598,78,3600,79
TRT001577-TEMP000005,ocean,#0e4c69,1214,TRT001577,5,26,50,69,26,51,27,52,3525,54,3570,97,3546,79,3547,80
TRT001578-TEMP000001,ocean,#1119a8,1464,TRT001578,0,0,73,46,39,22,35,20,3338,128,3411,174,3377,150,3373,148
TRT001578-TEMP000002,ocean,#06099d,1021,TRT001578,58,7,110,34,84,20,81,23,3396,135,3448,162,3422,148,3419,151
TRT001579-TEMP000001,ocean,#061c6a,1330,TRT001579,21,40,67,82,46,63,45,61,3283,40,3329,82,3308,63,3307,61
TRT001579-TEMP000002,ocean,#001bae,1196,TRT001579,51,0,95,35,71,15,71,15,3313,0,3357,35,3333,15,3333,15
TRT001579-TEMP000003,ocean,#140bb0,1099,TRT001579,56,33,99,76,75,51,76,52,3318,33,3361,76,3337,51,3338,52
TRT001579-TEMP000004,ocean,#133e97,1161,TRT001579,22,0,56,42,40,21,37,21,3284,0,3318,42,3302,21,3299,21
TRT001579-TEMP000005,ocean,#333b87,1277,TRT001579,82,0,118,53,101,28,101,29,3344,0,3380,53,3363,28,3363,29
TRT001579-TEMP000006,ocean,#1c4471,952,TRT001579,0,33,33,67,15,49,14,50,3262,33,3295,67,3277,49,3276,50
TRT001579-TEMP000007,ocean,#040577,728,TRT001579,4,0,30,32,15,15,13,15,3266,0,3292,32,3277,15,3275,15
TRT001579-TEMP000008,ocean,#272182,1257,TRT001579,68,53,118,89,95,72,94,73,3330,53,3380,89,3357,72,3356,73
TRT001580-TEMP000001,ocean,#2416ad,1001,TRT001580,44,18,91,51,67,36,68,35,3417,18,3464,51,3440,36,3441,35
TRT001580-TEMP000002,ocean,#2a1e98,1374,TRT001580,18,0,56,51,38,21,37,22,3391,0,3429,51,3411,21,3410,22
TRT001580-TEMP000003,ocean,#15407e,969,TRT001580,53,0,94,30,76,12,76,11,3426,0,3467,30,3449,12,3449,11
TRT001580-TEMP000004,ocean,#0d0d81,1273,TRT001580,0,0,32,57,14,28,13,28,3373,0,3405,57,3387,28,3386,28
TRT001581-TEMP000001,ocean,#091370,1075,TRT001581,0,43,42,81,21,61,21,63,3122,43,3164,81,3143,61,3143,63
TRT001581-TEMP000002,ocean,#1119a7,882,TRT001581,22,24,62,61,42,39,42,40,3144,24,3184,61,3164,39,3164,40
TRT001581-TEMP000003,ocean,#0b1e94,1125,TRT001581,0,0,29,47,12,23,12,25,3122,0,3151,47,3134,23,3134,25
TRT001581-TEMP000004,ocean,#333d6c,938,TRT001581,18,0,59,26,41,12,40,12,3140,0,3181,26,3163,12,3162,12
TRT001581-TEMP000005,ocean,#2d116e,1271,TRT001581,59,0,99,36,78,16,78,15,3181,0,3221,36,3200,16,3200,15
TRT001581-TEMP000006,ocean,#211c67,1113,TRT001581,73,24,108,64,93,45,93,45,3195,24,3230,64,3215,45,3215,45
TRT001581-TEMP000007,ocean,#0a158e,936,TRT001581,43,33,80,71,62,55,61,56,3165,33,3202,71,3184,55,3183,56
TRT001581-TEMP000008,ocean,#363aaf,1077,TRT001581,107,28,143,70,124,47,124,47,3229,28,3265,70,3246,47,3246,47
TRT001581-TEMP000009,ocean,#1a30b3,1338,TRT001581,100,0,143,31,122,15,121,15,3222,0,3265,31,3244,15,3243,15
TRT001582-TEMP000001,ocean,#324366,1268,TRT001582,0,2,45,60,20,29,21,32,1525,313,1570,371,1545,340,1546,343
TRT001582-TEMP000002,ocean,#22368d,1250,TRT001582,18,0,61,55,42,25,40,23,1543,311,1586,366,1567,336,1565,334
TRT001583-TEMP000001,ocean,#1d4ba4,1484,TRT001583,16,16,70,59,45,38,45,38,1502,245,1556,288,1531,267,1531,267
TRT001583-TEMP000002,ocean,#363d65,794,TRT001583,77,13,120,53,98,37,99,36,1563,242,1606,282,1584,266,1585,265
TRT001583-TEMP000003,ocean,#06298d,820,TRT001583,102,36,131,79,117,57,119,57,1588,265,1617,308,1603,286,1605,286
TRT001583-TEMP000004,ocean,#144067,1684,TRT001583,0,44,62,83,33,67,36,67,1486,273,1548,312,1519,296,1522,296
TRT001583-TEMP000005,ocean,#35399d,1101,TRT001583,54,0,100,43,78,20,79,19,1540,229,1586,272,1564,249,1565,248
TRT001583-TEMP000006,ocean,#040c7d,1426,TRT001583,62,44,108,84,83,66,88,65,1548,273,1594,313,1569,295,1574,294
TRT001584-TEMP000001,ocean,#3b399b,1177,TRT001584,42,52,81,106,60,83,59,83,1452,183,1491,237,1470,214,1469,214
TRT001584-TEMP000002,ocean,#081377,1327,TRT001584,11,94,53,133,32,113,30,113,1421,225,1463,264,1442,244,1440,244
TRT001584-TEMP000003,ocean,#0e1992,1022,TRT001584,18,55,53,95,34,75,33,76,1428,186,1463,226,1444,206,1443,207
TRT001584-TEMP000004,ocean,#1c32b1,794,TRT001584,29,11,59,57,45,37,46,38,1439,142,1469,188,1455,168,1456,169
TRT001584-TEMP000005,ocean,#332382,672,TRT001584,48,0,104,25,82,11,82,11,1458,131,1514,156,1492,142,1492,142
TRT001584-TEMP000006,ocean,#0f22b0,1628,TRT001584,37,128,89,176,61,152,59,151,1447,259,1499,307,1471,283,1469,282
TRT001584-TEMP000007,ocean,#2245a5,998,TRT001584,0,124,40,164,22,143,19,143,1410,255,1450,295,1432,274,1429,274
TRT001584-TEMP000008,ocean,#0d1c96,1510,TRT001584,51,95,97,145,75,120,74,119,1461,226,1507,276,1485,251,1484,250
TRT001585-TEMP000001,ocean,#381e80,1445,TRT001585,52,43,96,90,75,65,73,65,1383,205,1427,252,1406,227,1404,227
TRT001585-TEMP000002,ocean,#1e3fa9,1101,TRT001585,23,53,55,103,36,76,34,74,1354,215,1386,265,1367,238,1365,236
TRT001585-TEMP000003,ocean,#1b1ea0,1134,TRT001585,18,26,69,62,46,44,45,43,1349,188,1400,224,1377,206,1376,205
TRT001585-TEMP000004,ocean,#1d1baa,788,TRT001585,0,47,22,91,13,72,12,74,1331,209,1353,253,1344,234,1343,236
TRT001585-TEMP000005,ocean,#33268d,1536,TRT001585,32,80,89,118,61,100,61,100,1363,242,1420,280,1392,262,1392,262
TRT001585-TEMP000006,ocean,#1b20af,1516,TRT001585,63,0,113,51,87,26,87,26,1394,162,1444,213,1418,188,1418,188
TRT001586-TEMP000001,ocean,#1d397c,1247,TRT001586,0,6,52,60,26,32,25,33,1467,175,1519,229,1493,201,1492,202
TRT001586-TEMP000002,ocean,#170aaa,1463,TRT001586,27,36,73,86,51,63,52,64,1494,205,1540,255,1518,232,1519,233
TRT001586-TEMP000003,ocean,#2c4f72,1188,TRT001586,53,9,98,52,75,31,80,33,1520,178,1565,221,1542,200,1547,202
TRT001586-TEMP000004,ocean,#011165,615,TRT001586,29,0,73,23,50,11,51,19,1496,169,1540,192,1517,180,1518,188
TRT001586-TEMP000005,ocean,#254a93,912,TRT001586,71,38,113,74,91,56,92,57,1538,207,1580,243,1558,225,1559,226
TRT001587-TEMP000001,ocean,#131693,639,TRT001587,35,24,70,53,49,38,48,37,2891,254,2926,283,2905,268,2904,267
TRT001587-TEMP000002,ocean,#1c27a1,533,TRT001587,8,24,34,51,22,36,21,36,2864,254,2890,281,2878,266,2877,266
TRT001587-TEMP000003,ocean,#0d00ad,539,TRT001587,15,42,47,69,30,56,31,56,2871,272,2903,299,2886,286,2887,286
TRT001587-TEMP000004,ocean,#191481,540,TRT001587,26,0,49,27,37,13,37,12,2882,230,2905,257,2893,243,2893,242
TRT001587-TEMP000005,ocean,#062baa,492,TRT001587,0,3,26,27,14,14,15,14,2856,233,2882,257,2870,244,2871,244
TRT001588-TEMP000001,ocean,#053f68,502,TRT001588,21,0,55,28,38,15,37,15,2907,264,2941,292,2924,279,2923,279
TRT001588-TEMP000002,ocean,#3a218a,687,TRT001588,0,19,37,49,20,36,21,37,2886,283,2923,313,2906,300,2907,301
TRT001588-TEMP000003,ocean,#291d66,548,TRT001588,33,13,61,44,48,30,48,29,2919,277,2947,308,2934,294,2934,293
TRT001588-TEMP000004,ocean,#350d7f,631,TRT001588,39,41,69,71,54,55,54,55,2925,305,2955,335,2940,319,2940,319
TRT001588-TEMP000005,ocean,#0703b0,477,TRT001588,19,45,45,72,33,61,32,62,2905,309,2931,336,2919,325,2918,326
TRT001588-TEMP000006,ocean,#2447a1,369,TRT001588,3,42,26,73,15,55,15,56,2889,306,2912,337,2901,319,2901,320
TRT001589-TEMP000001,ocean,#083a7d,426,TRT001589,32,1,60,33,48,13,49,12,2873,178,2901,210,2889,190,2890,189
TRT001589-TEMP000002,ocean,#39417c,354,TRT001589,54,0,79,27,65,14,65,15,2895,177,2920,204,2906,191,2906,192
TRT001589-TEMP000003,ocean,#2a21a3,659,TRT001589,20,7,56,37,35,24,35,25,2861,184,2897,214,2876,201,2876,202
TRT001589-TEMP000004,ocean,#25007d,769,TRT001589,9,36,58,59,35,47,34,47,2850,213,2899,236,2876,224,2875,224
TRT001589-TEMP000005,ocean,#2a0983,812,TRT001589,0,7,24,57,13,31,13,29,2841,184,2865,234,2854,208,2854,206
TRT001590-TEMP000001,ocean,#213ea9,532,TRT001590,49,19,83,39,66,30,64,29,2867,316,2901,336,2884,327,2882,326
TRT001590-TEMP000002,ocean,#131397,615,TRT001590,21,23,51,50,36,36,36,35,2839,320,2869,347,2854,333,2854,332
TRT001590-TEMP000003,ocean,#24057d,508,TRT001590,20,3,51,26,38,15,39,14,2838,300,2869,323,2856,312,2857,311
TRT001590-TEMP000004,ocean,#392f92,542,TRT001590,10,45,37,82,26,64,26,61,2828,342,2855,379,2844,361,2844,358
TRT001590-TEMP000005,ocean,#18447a,383,TRT001590,50,0,74,21,60,11,62,11,2868,297,2892,318,2878,308,2880,308
TRT001590-TEMP000006,ocean,#2d289c,511,TRT001590,34,47,61,76,46,62,46,63,2852,344,2879,373,2864,359,2864,360
TRT001590-TEMP000007,ocean,#330fb3,478,TRT001590,47,37,84,61,62,47,63,47,2865,334,2902,358,2880,344,2881,344
TRT001590-TEMP000008,ocean,#0d3569,747,TRT001590,0,11,25,49,12,30,12,29,2818,308,2843,346,2830,327,2830,326
TRT001591-TEMP000001,ocean,#363c87,501,TRT001591,19,33,48,56,31,45,30,46,2877,116,2906,139,2889,128,2888,129
TRT001591-TEMP000002,ocean,#212d6a,765,TRT001591,23,4,56,39,38,23,36,23,2881,87,2914,122,2896,106,2894,106
TRT001591-TEMP000003,ocean,#2b1e94,619,TRT001591,0,0,28,30,14,16,12,18,2858,83,2886,113,2872,99,2870,101
TRT001591-TEMP000004,ocean,#1c3d72,459,TRT001591,0,30,22,53,10,41,10,42,2858,113,2880,136,2868,124,2868,125
TRT001592-TEMP000001,ocean,#0415a6,400,TRT001592,9,0,37,23,24,10,24,9,2903,115,2931,138,2918,125,2918,124
TRT001592-TEMP000002,ocean,#2638a9,606,TRT001592,0,14,27,45,12,30,13,29,2894,129,2921,160,2906,145,2907,144
TRT001592-TEMP000003,ocean,#012184,489,TRT001592,27,4,53,31,41,19,40,19,2921,119,2947,146,2935,134,2934,134
TRT001592-TEMP000004,ocean,#0b49b3,675,TRT001592,6,42,37,77,21,58,21,57,2900,157,2931,192,2915,173,2915,172
TRT001592-TEMP000005,ocean,#154f79,446,TRT001592,22,28,48,55,35,39,36,39,2916,143,2942,170,2929,154,2930,154
TRT001593-TEMP000001,ocean,#3a3091,711,TRT001593,25,41,57,74,40,58,40,58,2844,271,2876,304,2859,288,2859,288
TRT001593-TEMP000002,ocean,#213882,586,TRT001593,0,29,27,61,12,49,12,50,2819,259,2846,291,2831,279,2831,280
TRT001593-TEMP000003,ocean,#2011b0,550,TRT001593,0,60,31,84,13,71,13,71,2819,290,2850,314,2832,301,2832,301
TRT001593-TEMP000004,ocean,#342d9a,531,TRT001593,10,0,42,28,26,15,26,14,2829,230,2861,258,2845,245,2845,244
TRT001593-TEMP000005,ocean,#1c038b,641,TRT001593,11,21,48,48,31,34,30,34,2830,251,2867,278,2850,264,2849,264
TRT001594-TEMP000001,ocean,#1d3f74,487,TRT001594,27,7,55,36,40,21,41,22,2958,249,2986,278,2971,263,2972,264
TRT001594-TEMP000002,ocean,#0b076f,509,TRT001594,0,13,32,41,19,28,19,28,2931,255,2963,283,2950,270,2950,270
TRT001594-TEMP000003,ocean,#23449d,393,TRT001594,43,0,67,32,55,16,55,14,2974,242,2998,274,2986,258,2986,256
TRT001595-TEMP000001,ocean,#012b95,342,TRT001595,0,23,24,49,11,37,10,35,2976,289,3000,315,2987,303,2986,301
TRT001595-TEMP000002,ocean,#0c4c8c,710,TRT001595,1,0,40,33,21,18,22,18,2977,266,3016,299,2997,284,2998,284
TRT001596-TEMP000001,ocean,#200c87,475,TRT001596,9,5,36,37,24,23,24,22,2911,56,2938,88,2926,74,2926,73
TRT001596-TEMP000002,ocean,#2e1f7a,577,TRT001596,31,19,63,49,47,33,46,33,2933,70,2965,100,2949,84,2948,84
TRT001596-TEMP000003,ocean,#0c3888,568,TRT001596,0,29,28,63,13,44,13,44,2902,80,2930,114,2915,95,2915,95
TRT001596-TEMP000004,ocean,#07239b,411,TRT001596,26,0,57,24,40,13,41,13,2928,51,2959,75,2942,64,2943,64
TRT001596-TEMP000005,ocean,#2b3964,547,TRT001596,16,38,47,67,31,54,32,54,2918,89,2949,118,2933,105,2934,105
TRT001597-TEMP000001,ocean,#0827a1,622,TRT001597,0,30,33,59,17,45,17,45,2869,61,2902,90,2886,76,2886,76
TRT001597-TEMP000002,ocean,#1e4272,437,TRT001597,25,27,52,56,37,39,38,38,2894,58,2921,87,2906,70,2907,69
TRT001597-TEMP000003,ocean,#271b91,407,TRT001597,34,9,59,33,45,22,45,21,2903,40,2928,64,2914,53,2914,52
TRT001597-TEMP000004,ocean,#23478c,554,TRT001597,9,0,35,32,23,18,23,18,2878,31,2904,63,2892,49,2892,49
TRT001598-TEMP000001,ocean,#2f166f,689,TRT001598,43,19,74,48,59,31,58,30,2980,19,3011,48,2996,31,2995,30
TRT001598-TEMP000002,ocean,#322769,749,TRT001598,11,0,43,25,27,12,28,12,2948,0,2980,25,2964,12,2965,12
TRT001598-TEMP000003,ocean,#111aa3,532,TRT001598,20,22,46,49,34,35,33,36,2957,22,2983,49,2971,35,2970,36
TRT001598-TEMP000004,ocean,#1f226a,481,TRT001598,7,47,38,75,25,61,24,61,2944,47,2975,75,2962,61,2961,61
TRT001598-TEMP000005,ocean,#2b2967,574,TRT001598,0,20,23,57,12,40,12,40,2937,20,2960,57,2949,40,2949,40
TRT001598-TEMP000006,ocean,#3137a4,523,TRT001598,43,0,70,18,57,9,58,8,2980,0,3007,18,2994,9,2995,8
TRT001598-TEMP000007,ocean,#34139d,452,TRT001598,32,41,60,70,44,54,44,55,2969,41,2997,70,2981,54,2981,55
TRT001599-TEMP000001,ocean,#0a4a73,505,TRT001599,0,23,28,55,15,39,15,40,2923,160,2951,192,2938,176,2938,177
TRT001599-TEMP000002,ocean,#0a4c78,569,TRT001599,15,0,42,28,29,13,29,14,2938,137,2965,165,2952,150,2952,151
TRT001599-TEMP000003,ocean,#224d75,536,TRT001599,42,3,72,30,55,16,55,16,2965,140,2995,167,2978,153,2978,153
TRT001599-TEMP000004,ocean,#324291,410,TRT001599,26,19,52,42,38,31,39,32,2949,156,2975,179,2961,168,2962,169
TRT001600-TEMP000001,ocean,#11498a,625,TRT001600,29,23,58,55,44,38,42,39,2966,99,2995,131,2981,114,2979,115
TRT001600-TEMP000002,ocean,#1520aa,525,TRT001600,11,44,51,67,33,56,32,57,2948,120,2988,143,2970,132,2969,133
TRT001600-TEMP000003,ocean,#122669,650,TRT001600,0,19,28,58,16,39,15,38,2937,95,2965,134,2953,115,2952,114
TRT001600-TEMP000004,ocean,#300bb2,659,TRT001600,17,0,54,29,35,16,36,16,2954,76,2991,105,2972,92,2973,92
TRT001601-TEMP000001,ocean,#054472,611,TRT001601,4,2,35,29,19,14,18,15,2989,102,3020,129,3004,114,3003,115
TRT001601-TEMP000002,ocean,#274370,444,TRT001601,14,16,45,44,30,28,29,30,2999,116,3030,144,3015,128,3014,130
TRT001601-TEMP000003,ocean,#113c87,528,TRT001601,0,29,27,58,12,43,12,45,2985,129,3012,158,2997,143,2997,145
TRT001601-TEMP000004,ocean,#204a96,734,TRT001601,35,0,75,26,53,11,52,11,3020,100,3060,126,3038,111,3037,111
TRT001602-TEMP000001,ocean,#141cb1,690,TRT001602,34,0,59,41,44,22,44,25,3006,34,3031,75,3016,56,3016,59
TRT001602-TEMP000002,ocean,#09378b,529,TRT001602,50,17,78,45,63,33,64,33,3022,51,3050,79,3035,67,3036,67
TRT001602-TEMP000003,ocean,#2f1469,463,TRT001602,10,8,36,41,26,27,26,26,2982,42,3008,75,2998,61,2998,60
TRT001602-TEMP000004,ocean,#293782,619,TRT001602,52,43,79,67,66,55,65,55,3024,77,3051,101,3038,89,3037,89
TRT001602-TEMP000005,ocean,#313f9a,667,TRT001602,23,40,52,67,39,55,39,56,2995,74,3024,101,3011,89,3011,90
TRT001602-TEMP000006,ocean,#1a0074,570,TRT001602,0,32,31,66,17,46,17,47,2972,66,3003,100,2989,80,2989,81
TRT001603-TEMP000001,ocean,#1c4497,512,TRT001603,22,25,55,48,34,37,33,37,2868,160,2901,183,2880,172,2879,172
TRT001603-TEMP000002,ocean,#241d67,585,TRT001603,8,0,37,28,22,13,21,13,2854,135,2883,163,2868,148,2867,148
TRT001603-TEMP000003,ocean,#1414aa,505,TRT001603,30,5,57,41,43,21,43,22,2876,140,2903,176,2889,156,2889,157
TRT001603-TEMP000004,ocean,#304065,476,TRT001603,0,23,21,52,11,38,10,39,2846,158,2867,187,2857,173,2856,174
TRT001604-TEMP000001,ocean,#1e0c6b,582,TRT001604,13,35,45,64,31,51,30,50,3059,35,3091,64,3077,51,3076,50
TRT001604-TEMP000002,ocean,#0e0b9a,468,TRT001604,34,21,66,46,50,34,51,33,3080,21,3112,46,3096,34,3097,33
TRT001604-TEMP000003,ocean,#220879,457,TRT001604,55,0,75,37,68,20,69,20,3101,0,3121,37,3114,20,3115,20
TRT001604-TEMP000004,ocean,#131273,604,TRT001604,0,54,26,89,14,71,13,72,3046,54,3072,89,3060,71,3059,72
TRT001604-TEMP000005,ocean,#0e3290,617,TRT001604,46,37,76,64,61,50,60,50,3092,37,3122,64,3107,50,3106,50
TRT001604-TEMP000006,ocean,#35316b,649,TRT001604,6,79,41,107,23,93,24,94,3052,79,3087,107,3069,93,3070,94
TRT001604-TEMP000007,ocean,#2a1990,630,TRT001604,54,56,86,84,69,71,68,71,3100,56,3132,84,3115,71,3114,71
TRT001604-TEMP000008,ocean,#1f2898,696,TRT001604,27,57,54,90,41,73,40,72,3073,57,3100,90,3087,73,3086,72
TRT001605-TEMP000001,ocean,#302c67,536,TRT001605,22,0,47,27,34,12,34,13,3030,0,3055,27,3042,12,3042,13
TRT001605-TEMP000002,ocean,#0038b1,549,TRT001605,12,25,40,55,27,39,27,38,3020,25,3048,55,3035,39,3035,38
TRT001605-TEMP000003,ocean,#1b098c,649,TRT001605,33,29,68,61,48,43,48,43,3041,29,3076,61,3056,43,3056,43
TRT001605-TEMP000004,ocean,#212164,603,TRT001605,41,0,63,31,54,15,53,16,3049,0,3071,31,3062,15,3061,16
TRT001605-TEMP000005,ocean,#1222ad,400,TRT001605,0,14,24,40,11,25,10,25,3008,14,3032,40,3019,25,3018,25
TRT001605-TEMP000006,ocean,#111681,627,TRT001605,64,0,87,36,73,17,73,16,3072,0,3095,36,3081,17,3081,16
TRT001605-TEMP000007,ocean,#370c9f,435,TRT001605,79,0,112,23,93,8,93,8,3087,0,3120,23,3101,8,3101,8
TRT001605-TEMP000008,ocean,#232699,412,TRT001605,0,0,25,18,12,8,13,8,3008,0,3033,18,3020,8,3021,8
TRT001606-TEMP000001,ocean,#21007f,720,TRT001606,0,0,23,38,10,18,10,18,2888,0,2911,38,2898,18,2898,18
TRT001606-TEMP000002,ocean,#0347ad,704,TRT001606,16,23,54,50,37,36,38,37,2904,23,2942,50,2925,36,2926,37
TRT001606-TEMP000003,ocean,#170ca0,557,TRT001606,16,0,42,28,30,12,30,13,2904,0,2930,28,2918,12,2918,13
TRT001606-TEMP000004,ocean,#0e057a,517,TRT001606,39,0,64,28,51,11,51,10,2927,0,2952,28,2939,11,2939,10
TRT001607-TEMP000001,ocean,#1415ab,2150,TRT001607,3,0,61,57,29,30,29,29,388,1782,446,1839,414,1812,414,1811
TRT001607-TEMP000002,ocean,#310480,1980,TRT001607,34,57,83,116,57,87,56,85,419,1839,468,1898,442,1869,441,1867
TRT001607-TEMP000003,ocean,#01136e,1912,TRT001607,0,51,41,114,18,81,17,79,385,1833,426,1896,403,1863,402,1861
TRT001607-TEMP000004,ocean,#252fb0,2883,TRT001607,0,103,64,164,34,132,35,131,385,1885,449,1946,419,1914,420,1913
TRT001607-TEMP000005,ocean,#140e85,2001,TRT001607,44,14,107,74,73,49,73,48,429,1796,492,1856,458,1831,458,1830
TRT001607-TEMP000006,ocean,#0c1f70,2239,TRT001607,73,62,129,127,101,97,101,99,458,1844,514,1909,486,1879,486,1881
TRT001607-TEMP000007,ocean,#200d68,2339,TRT001607,60,114,123,162,91,139,91,140,445,1896,508,1944,476,1921,476,1922
TRT001608-TEMP000001,ocean,#303989,2854,TRT001608,83,40,145,104,117,72,117,70,325,1818,387,1882,359,1850,359,1848
TRT001608-TEMP000002,ocean,#25006f,3374,TRT001608,71,95,142,152,107,124,105,123,313,1873,384,1930,349,1902,347,1901
TRT001608-TEMP000003,ocean,#072074,2186,TRT001608,31,60,94,120,67,90,63,90,273,1838,336,1898,309,1868,305,1868
TRT001608-TEMP000004,ocean,#2638a4,1513,TRT001608,104,0,152,56,134,29,135,27,346,1778,394,1834,376,1807,377,1805
TRT001608-TEMP000005,ocean,#211665,2054,TRT001608,0,92,71,144,39,120,37,121,242,1870,313,1922,281,1898,279,1899
TRT001609-TEMP000001,ocean,#093a69,3020,TRT001609,10,8,80,78,44,44,45,44,419,1945,489,2015,453,1981,454,1981
TRT001609-TEMP000002,ocean,#224288,1783,TRT001609,38,0,99,54,73,20,73,18,447,1937,508,1991,482,1957,482,1955
TRT001609-TEMP000003,ocean,#252d6f,2396,TRT001609,0,54,67,118,27,85,27,85,409,1991,476,2055,436,2022,436,2022
TRT001609-TEMP000004,ocean,#262fa4,2535,TRT001609,22,79,78,162,56,117,57,117,431,2016,487,2099,465,2054,466,2054
TRT001610-TEMP000001,ocean,#131eaa,2406,TRT001610,40,91,93,162,68,122,67,123,282,1992,335,2063,310,2023,309,2024
TRT001610-TEMP000002,ocean,#292c97,1861,TRT001610,19,52,74,108,46,78,45,77,261,1953,316,2009,288,1979,287,1978
TRT001610-TEMP000003,ocean,#360072,2355,TRT001610,53,22,106,92,80,56,79,57,295,1923,348,1993,322,1957,321,1958
TRT001610-TEMP000004,ocean,#0b0596,2101,TRT001610,0,0,68,58,33,31,33,30,242,1901,310,1959,275,1932,275,1931
TRT001611-TEMP000001,ocean,#38257c,2299,TRT001611,105,26,168,79,134,59,135,60,404,2058,467,2111,433,2091,434,2092
TRT001611-TEMP000002,ocean,#124d70,2265,TRT001611,60,0,132,50,97,21,100,21,359,2032,431,2082,396,2053,399,2053
TRT001611-TEMP000003,ocean,#2b4b75,2453,TRT001611,43,23,106,79,76,57,76,54,342,2055,405,2111,375,2089,375,2086
TRT001611-TEMP000004,ocean,#260dad,3337,TRT001611,0,2,63,79,34,39,33,39,299,2034,362,2111,333,2071,332,2071
TRT001612-TEMP000001,ocean,#151d97,2563,TRT001612,29,0,102,52,66,27,63,26,356,1920,429,1972,393,1947,390,1946
TRT001612-TEMP000002,ocean,#2d248d,1936,TRT001612,9,9,56,74,29,48,28,51,336,1929,383,1994,356,1968,355,1971
TRT001612-TEMP000003,ocean,#231076,2311,TRT001612,40,50,93,111,68,79,67,78,367,1970,420,2031,395,1999,394,1998
TRT001612-TEMP000004,ocean,#09408a,1706,TRT001612,0,75,58,117,28,96,27,98,327,1995,385,2037,355,2016,354,2018
